{"Device":{"_id":"1038","hd_ops":{"stop_on_detect":0,"is_generic":0,"overlay_result_specs":0},"hd_specs":{"general_vendor":"Motorola","general_model":"W360","general_platform":"","general_platform_version":"","general_platform_version_max":"","general_browser":"","general_browser_version":"","general_image":"","general_aliases":"","general_eusar":"","general_battery":"","general_type":"","general_cpu":"","general_virtual":0,"design_formfactor":"","design_dimensions":"","design_weight":0,"design_antenna":"","design_keyboard":"","design_softkeys":"","design_sidekeys":"","display_type":"","display_color":"","display_colors":"","display_size":"","display_x":"128","display_y":"160","display_ppi":0,"display_pixel_ratio":0,"display_css_screen_sizes":"","display_other":"","memory_internal":"","memory_slot":"","network":"","media_camera":"","media_secondcamera":"","media_videocapture":"","media_videoplayback":"","media_audio":"","media_other":"","features":"","connectors":"","benchmark_min":0,"benchmark_max":0,"general_app":"","general_app_version":"","general_app_category":"","general_language":""}}}