{"Device":{"_id":"13026","hd_ops":{"is_generic":0,"stop_on_detect":0,"overlay_result_specs":0},"hd_specs":{"general_vendor":"BenQ","general_model":"Nike1 S660C","general_platform":"","general_aliases":"","display_x":"128","display_y":"109","general_type":"","general_battery":"","general_cpu":"","design_sidekeys":"","display_other":"","memory_internal":"","memory_slot":"","network":"","media_camera":"","media_secondcamera":"","media_videocapture":"","media_videoplayback":"","media_audio":"","media_other":"","features":"","connectors":"","general_image":"","design_formfactor":"","design_dimensions":"","design_weight":0,"design_antenna":"","design_keyboard":"","design_softkeys":0,"display_type":"","display_color":"","display_colors":"","display_size":"","general_eusar":"","general_platform_version":"","general_browser":"","general_browser_version":"","general_language":"","general_platform_version_max":"","general_app":"","general_app_version":"","display_ppi":0,"display_pixel_ratio":0,"benchmark_min":0,"benchmark_max":0,"general_app_category":"","general_virtual":0,"display_css_screen_sizes":""}}}