{"Device":{"_id":"1097","hd_ops":{"is_generic":0,"stop_on_detect":0,"overlay_result_specs":0},"hd_specs":{"general_aliases":[],"display_x":"240","display_y":"320","general_vendor":"Sagem","general_model":"MC2007","general_platform":"","general_image":"","network":["GSM900","GSM1800","GSM1900","UMTS2100","Bluetooth","GPRS Class 10","EDGE Class 10"],"general_type":"Mobile","general_eusar":"","general_battery":["Li-Ion 920 mAh"],"general_cpu":[],"design_formfactor":"Clamshell","design_dimensions":"96 x 49 x 16","design_weight":"95","design_antenna":"Internal","design_keyboard":"Numeric","design_softkeys":"","design_sidekeys":[],"display_type":"TFT","display_color":"Yes","display_colors":"256K","display_size":"2\"","display_other":["Second External"],"memory_internal":["54MB RAM"],"memory_slot":["microSD"],"media_camera":["2MP","1600x1200"],"media_secondcamera":[],"media_videocapture":["Yes"],"media_videoplayback":[],"media_audio":["AAC","AAC+","eAAC","AMR","WAV"],"media_other":[],"features":["Dedicated music keys","SMS","MMS","Organizer","Voice memo","Predictive text input","Games","Alarm","Calendar","Calculator","Speakerphone","Recorder","Vibration"],"connectors":["USB"],"general_platform_version":"","general_browser":"","general_browser_version":"","general_language":"","general_platform_version_max":"","general_app":"","general_app_version":"","display_ppi":200,"display_pixel_ratio":"1.0","benchmark_min":0,"benchmark_max":0,"general_app_category":"","general_virtual":0,"display_css_screen_sizes":["240x320"]}}}