{"Device":{"_id":"1372","hd_ops":{"is_generic":0,"stop_on_detect":0,"overlay_result_specs":0},"hd_specs":{"general_vendor":"LG","general_model":"C305","general_platform":"","general_image":"lg^lgc305.jpg","general_aliases":[],"general_eusar":"1.28 Head","general_battery":["Li-Ion 900 mAh"],"general_type":"Mobile","general_cpu":[],"design_formfactor":"Bar","design_dimensions":"116 x 61.9 x 11.9","design_weight":"92.5","design_antenna":"Internal","design_keyboard":"Qwerty","design_softkeys":"2","design_sidekeys":[],"display_type":"TFT","display_color":"Yes","display_colors":"262K","display_size":"2.4\"","display_x":"320","display_y":"240","display_other":[],"memory_internal":["158MB"],"memory_slot":["microSD","4GB"],"network":["GSM850","GSM900","GSM1800","GSM1900","Bluetooth 2.1","GPRS Class 10","EDGE Class 10"],"media_camera":["2MP","1600x1200"],"media_secondcamera":[],"media_videocapture":["Yes"],"media_videoplayback":["MPEG4","H.263"],"media_audio":["MP3","AAC","AAC+"],"media_other":[],"features":["Mass storage device","Calculator","To-Do \/ Tasks","Alarm","Calendar","Caller groups","Multiple numbers per contact","Picture ID","Ring ID","SMS","Threaded viewer","MMS","Email","Push Email","Instant Messaging","FM radio","Games","Social networking integration","Organizer","Voice memo","Predictive text input","Received Call","Dialed Call","Missed Call"],"connectors":["MicroUSB","3.5mm Audio","USB"],"general_platform_version":"","general_browser":"","general_browser_version":"","general_language":"","general_platform_version_max":"","general_app":"","general_app_version":"","display_ppi":167,"display_pixel_ratio":"1.0","benchmark_min":0,"benchmark_max":0,"general_app_category":"","general_virtual":0,"display_css_screen_sizes":["320x240"]}}}