{"Device":{"_id":"1242","hd_ops":{"is_generic":0,"stop_on_detect":0,"overlay_result_specs":0},"hd_specs":{"general_aliases":[],"display_x":"128","display_y":"160","general_vendor":"Lenovo","general_model":"E308","general_platform":"","general_image":"","network":["GSM900","GSM1800","Bluetooth 2.1","GPRS","EDGE"],"general_type":"Mobile","general_battery":["Li-Ion 600 mAh"],"general_cpu":[],"design_sidekeys":[],"display_other":[],"memory_internal":["64MB"],"memory_slot":["microSD","microSDHC"],"media_camera":["1.3MP","1280x1024"],"media_secondcamera":["None"],"media_videocapture":["Yes"],"media_videoplayback":["None"],"media_audio":[],"media_other":["Digital zoom","Auto focus","LED Flash"],"features":["5 ways Navi-Key","Alarm clock","Calendar","Calculator","Organizer","Speakerphone","Vibration","Predictive text input","SMS","MMS","Email","Unit converter","Stopwatch","Voice memo","Voice dialing","Games"],"connectors":["USB 2.0","MicroUSB"],"design_formfactor":"Bar","design_dimensions":"","design_weight":"","design_antenna":"Internal","design_keyboard":"Numeric","design_softkeys":"","display_type":"TFT","display_color":"Yes","display_colors":"65K","display_size":"1.5\"","general_eusar":"","general_platform_version":"","general_browser":"","general_browser_version":"","general_language":"","general_platform_version_max":"","general_app":"","general_app_version":"","display_ppi":137,"display_pixel_ratio":"1.0","benchmark_min":0,"benchmark_max":0,"general_app_category":"","general_virtual":0,"display_css_screen_sizes":["128x160"]}}}