{"Device":{"_id":"1379","hd_ops":{"is_generic":0,"stop_on_detect":0,"overlay_result_specs":0},"hd_specs":{"general_vendor":"Spice","general_model":"S8","general_platform":"","general_image":"spice^s8.jpg","general_aliases":[],"general_eusar":"","general_battery":["Li-Ion 700 mAh"],"general_type":"Mobile","general_cpu":["None"],"design_formfactor":"Bar","design_dimensions":"109 x 45 x 11.50","design_weight":"73","design_antenna":"Internal","design_keyboard":"Numeric","design_softkeys":"","design_sidekeys":[],"display_type":"TFT","display_color":"Yes","display_colors":"64K","display_size":"","display_x":"128","display_y":"160","display_other":[],"memory_internal":["64MB RAM"],"memory_slot":["microSD","1GB"],"network":["GSM900","GSM1800","GSM1900","GPRS"],"media_camera":["2MP","1600x1200"],"media_secondcamera":[],"media_videocapture":[],"media_videoplayback":["3GP","MPEG4"],"media_audio":["AAC","AAC+","AMR","WAV"],"media_other":[],"features":["SMS","EMS","MMS","Organizer","Received Call","Dialed Call","Missed Call"],"connectors":["USB 1.1"],"general_platform_version":"","general_browser":"","general_browser_version":"","general_language":"","general_platform_version_max":"","general_app":"","general_app_version":"","display_ppi":0,"display_pixel_ratio":"1.0","benchmark_min":0,"benchmark_max":0,"general_app_category":"","general_virtual":0,"display_css_screen_sizes":["128x160"]}}}