{"Device":{"_id":"123","hd_ops":{"is_generic":0,"stop_on_detect":0,"overlay_result_specs":0},"hd_specs":{"general_aliases":[],"display_x":"240","display_y":"320","general_vendor":"Tianyu","general_model":"A907","general_platform":"","general_image":"tianyu^a907.jpg","network":["GSM900","GSM1800","GPRS","Bluetooth"],"general_type":"Mobile","general_eusar":"","general_battery":["Li-lon 850 mAh"],"general_cpu":[],"design_formfactor":"Bar","design_dimensions":"115 x 56 x 15.6","design_weight":"125","design_antenna":"Internal","design_keyboard":"Numeric","design_softkeys":"2","design_sidekeys":[],"display_type":"TFT","display_color":"Yes","display_colors":"256K","display_size":"2.6\"","display_other":[],"memory_internal":[],"memory_slot":["miniSD"],"media_camera":["3MP","2048x1536"],"media_secondcamera":[],"media_videocapture":[],"media_videoplayback":[],"media_audio":["MP3"],"media_other":[],"features":["Stereo Bluetooth","SMS","MMS","FM Radio","Games","Call Received","Call Dialled","Missed Call","500 Entries","PhoneBook Capacity"],"connectors":["2.5mm Audio"],"general_platform_version":"","general_browser":"","general_browser_version":"","general_language":"","general_platform_version_max":"","general_app":"","general_app_version":"","display_ppi":154,"display_pixel_ratio":"1.0","benchmark_min":0,"benchmark_max":0,"general_app_category":"","general_virtual":0,"display_css_screen_sizes":["240x320"]}}}