{"Device":{"_id":"125","hd_ops":{"is_generic":0,"stop_on_detect":0,"overlay_result_specs":0},"hd_specs":{"general_aliases":[],"display_x":"128","display_y":"128","general_vendor":"LG","general_model":"G650","general_platform":"","general_image":"lg^g650.jpg","network":["GSM900","GSM1800","GPRS Class 10"],"general_type":"Mobile","general_eusar":"","general_battery":["Li-Ion 950 mAh"],"general_cpu":[],"design_formfactor":"Bar","design_dimensions":"104 x 44 x 17","design_weight":"83","design_antenna":"Internal","design_keyboard":"Numeric","design_softkeys":"","design_sidekeys":[],"display_type":"STN","display_color":"Yes","display_colors":"65K","display_size":"","display_other":[],"memory_internal":["1.1MB RAM"],"memory_slot":[],"media_camera":[],"media_secondcamera":[],"media_videocapture":[],"media_videoplayback":[],"media_audio":[],"media_other":[],"features":["T9","Organizer","World clock","Voice memo","SMS","EMS","MMS","Games","Downloadable wallpapers","Alarm","Calendar","Calculator"],"connectors":[],"general_platform_version":"","general_browser":"","general_browser_version":"","general_language":"","general_platform_version_max":"","general_app":"","general_app_version":"","display_ppi":0,"display_pixel_ratio":"1.0","benchmark_min":0,"benchmark_max":0,"general_app_category":"","general_virtual":0,"display_css_screen_sizes":["128x128"]}}}