{"Device":{"_id":"1374","hd_ops":{"is_generic":0,"stop_on_detect":0,"overlay_result_specs":0},"hd_specs":{"general_vendor":"LXE","general_model":"MX8","general_platform":"Windows Mobile","general_platform_version":"","general_platform_version_max":"","general_browser":"","general_browser_version":"","general_image":"","general_aliases":[],"general_eusar":"","general_battery":["Li-ion 3000 mAh"],"general_type":"Mobile","general_cpu":["520MHz"],"design_formfactor":"Bar","design_dimensions":"193 x 71 x 46","design_weight":"377","design_antenna":"Internal","design_keyboard":"Numeric","design_softkeys":"","design_sidekeys":[],"display_type":"QVGA","display_color":"Yes","display_colors":"","display_size":"2.8\"","display_x":"240","display_y":"320","display_ppi":143,"display_pixel_ratio":"1.0","display_other":["Resistive","Touch"],"memory_internal":["128MB RAM","128MB"],"memory_slot":["microSD","1GB"],"network":["802.11a","802.11b","802.11g","Bluetooth 2.0"],"media_camera":[],"media_secondcamera":[],"media_videocapture":[],"media_videoplayback":[],"media_audio":[],"media_other":[],"features":["Radio","Voice Recognition","and Wawel Avalanche TM"],"connectors":["USB"],"benchmark_min":0,"benchmark_max":0,"general_app":"","general_app_version":"","general_app_category":"","general_language":"","general_virtual":0,"display_css_screen_sizes":["240x320"]}}}