{"Device":{"_id":"1037","hd_ops":{"is_generic":0,"stop_on_detect":0,"overlay_result_specs":0},"hd_specs":{"general_vendor":"SonyEricsson","general_model":"W750i","general_platform":"","general_image":"sonyericsson^w750i.jpg","general_aliases":[],"general_eusar":"0.99 Head","general_battery":["Li-Po 900 mAh"],"general_type":"Mobile","general_cpu":[],"design_formfactor":"Bar","design_dimensions":"100 x 46 x 20.5","design_weight":"99","design_antenna":"Internal","design_keyboard":"Numeric","design_softkeys":"","design_sidekeys":["Multimedia","Camera"],"display_type":"TFT","display_color":"Yes","display_colors":"256K","display_size":"1.8\"","display_x":"240","display_y":"320","display_other":[],"memory_internal":["38MB RAM"],"memory_slot":["38MB"],"network":["GSM900","GSM1800","GSM1900","Bluetooth 2.0","Infrared","GPRS Class 10"],"media_camera":["2MP","1632x1224"],"media_secondcamera":["None"],"media_videocapture":["Yes"],"media_videoplayback":["MPEG4","3GPP"],"media_audio":["MP3","AAC"],"media_other":["Auto focus","Digital zoom","LED flash"],"features":["Wallpapers","screensavers","Calculator","Timer","Stopwatch","Alarm","To-Do","Flashlight","510 entries Multiple numbers per contact","Picture ID","Ring ID","SMS","EMS","MMS","Email","Instant Messaging","Stereo FM radio with RDS","Games","Predictive text input","Organizer","Infrared transfer of data between compatible phones","Xpress-on covers","Profiles","Music ringtones (MP3)","Polyphonic ringtones (40 voices)","Vibration","Phone profiles","Speakerphone","Voice dialing","Voice recording"],"connectors":["USB"],"general_platform_version":"","general_browser":"","general_browser_version":"","general_language":"","general_platform_version_max":"","general_app":"","general_app_version":"","display_ppi":222,"display_pixel_ratio":"1.0","benchmark_min":0,"benchmark_max":0,"general_app_category":"","general_virtual":0,"display_css_screen_sizes":["240x320"]}}}