{"Device":{"_id":"1071","hd_ops":{"is_generic":0,"stop_on_detect":0,"overlay_result_specs":0},"hd_specs":{"general_aliases":[],"display_x":"128","display_y":"160","general_vendor":"MyPhone","general_model":"B31","general_platform":"","general_image":"myphone^b31.jpg","network":["GSM900","GSM1800","GPRS"],"general_type":"Mobile","general_eusar":"","general_battery":["Li-lon 1500 mAh"],"general_cpu":[],"design_formfactor":"Bar","design_dimensions":"106 x 45 x 10.5","design_weight":"75","design_antenna":"Internal","design_keyboard":"Numeric","design_softkeys":"2","design_sidekeys":[],"display_type":"TFT","display_color":"Yes","display_colors":"65K","display_size":"1.8\"","display_other":[],"memory_internal":["6MB RAM"],"memory_slot":["T-Flash","microSD","2GB"],"media_camera":[],"media_secondcamera":[],"media_videocapture":[],"media_videoplayback":[],"media_audio":[],"media_other":[],"features":["SMS","MMS","Clock","Alarm","Calendar","Calculator","300 phonebook Capacity","Call Received","Call Dialled","Missed Call"],"connectors":[],"general_platform_version":"","general_browser":"","general_browser_version":"","general_language":"","general_platform_version_max":"","general_app":"","general_app_version":"","display_ppi":114,"display_pixel_ratio":"1.0","benchmark_min":0,"benchmark_max":0,"general_app_category":"","general_virtual":0,"display_css_screen_sizes":["128x160"]}}}