{"Device":{"_id":"11002","hd_ops":{"is_generic":0,"stop_on_detect":0,"overlay_result_specs":0},"hd_specs":{"general_vendor":"DoCoMo","general_model":"SH-07B","general_platform":"","general_aliases":[],"display_x":"480","display_y":"854","general_type":"Mobile","general_image":"docomo^sh07b.jpg","general_battery":["Li-Ion"],"general_cpu":[],"design_sidekeys":[],"display_other":["Touch"],"memory_internal":["128MB RAM","256MB","64MB"],"memory_slot":["microSD","microSDHC","32GB"],"network":["GSM850","GSM900","GSM1800","GSM1900","UMTS1700","UMTS2100","GPRS","EDGE","HSDPA","FOMA","Bluetooth 2.0"],"media_camera":["0.41MP","854x480"],"media_secondcamera":["None"],"media_videocapture":["Yes"],"media_videoplayback":["3GP","MPEG4"],"media_audio":[],"media_other":[],"features":["Alarm","Calendar","Calculator","Organizer","Speakerphone","Vibration","SMS","MMS","Email","Games"],"connectors":["USB 2.0","MiniUSB"],"design_formfactor":"Clamshell","design_dimensions":"112 x 50 x 23","design_weight":"143","design_antenna":"Internal","design_keyboard":"Numeric, Screen","design_softkeys":"","display_type":"TFT","display_color":"Yes","display_colors":"16M","display_size":"3.3\"","general_eusar":"","general_platform_version":"","general_browser":"","general_browser_version":"","general_language":"","general_platform_version_max":"","general_app":"","general_app_version":"","display_ppi":297,"display_pixel_ratio":"1.0","benchmark_min":0,"benchmark_max":0,"general_app_category":"","general_virtual":0,"display_css_screen_sizes":["480x854"]}}}