{"Device":{"_id":"1206","hd_ops":{"is_generic":0,"stop_on_detect":0,"overlay_result_specs":0},"hd_specs":{"general_aliases":[],"display_x":"128","display_y":"92","general_vendor":"Mitsubishi","general_model":"M120770","general_platform":"","general_image":"","network":["GSM900","GSM1800","GSM1900","GPRS"],"general_type":"Mobile","general_eusar":"","general_battery":["Li-Ion"],"general_cpu":[],"design_formfactor":"Slide","design_dimensions":"98 x 47 x 25","design_weight":"115","design_antenna":"Internal","design_keyboard":"Numeric","design_softkeys":"2","design_sidekeys":[],"display_type":"TFT","display_color":"Yes","display_colors":"256K","display_size":"","display_other":[],"memory_internal":["19MB RAM"],"memory_slot":[],"media_camera":["1.3MP","1280x960"],"media_secondcamera":[],"media_videocapture":["Yes"],"media_videoplayback":[],"media_audio":["MP3"],"media_other":[],"features":["500 entries","Picture ID","Calendar","Alarm","Music ringtones","Polyphonic ringtones","Vibration","Downloadable pictures","SMS","MMS","Email","Games","MP3 player","Predictive text input","Organizer","Photo editor","Voice memo","T9"],"connectors":["USB"],"general_platform_version":"","general_browser":"","general_browser_version":"","general_language":"","general_platform_version_max":"","general_app":"","general_app_version":"","display_ppi":0,"display_pixel_ratio":"1.0","benchmark_min":0,"benchmark_max":0,"general_app_category":"","general_virtual":0,"display_css_screen_sizes":["128x92"]}}}