{"Device":{"_id":"1049","hd_ops":{"is_generic":0,"stop_on_detect":0,"overlay_result_specs":0},"hd_specs":{"general_vendor":"Sanyo","general_model":"SCP6000","general_platform":"","general_image":"","general_aliases":[],"general_eusar":"","general_battery":["Li-Ion"],"general_type":"Mobile","general_cpu":[],"design_formfactor":"Bar","design_dimensions":"129 x 39 x 10","design_weight":"65","design_antenna":"External","design_keyboard":"Numeric","design_softkeys":"2","design_sidekeys":[],"display_type":"Greyscale","display_color":"No","display_colors":"","display_size":"","display_x":"120","display_y":"128","display_other":[],"memory_internal":[],"memory_slot":[],"network":["CDMA1900"],"media_camera":[],"media_secondcamera":[],"media_videocapture":[],"media_videoplayback":[],"media_audio":[],"media_other":[],"features":["Phonebook 300 entries","Multiple numbers per contact","Picture ID","Organizer","Calendar","Alarm","To-Do","Calculator","SMS","Games","Vibration","Phone profiles","Voice dialing","Voice recording"],"connectors":[],"general_platform_version":"","general_browser":"","general_browser_version":"","general_language":"","general_platform_version_max":"","general_app":"","general_app_version":"","display_ppi":0,"display_pixel_ratio":"1.0","benchmark_min":0,"benchmark_max":0,"general_app_category":"","general_virtual":0,"display_css_screen_sizes":["120x128"]}}}