{"Device":{"_id":"1018","hd_ops":{"is_generic":0,"stop_on_detect":0,"overlay_result_specs":0},"hd_specs":{"general_aliases":[],"display_x":"176","display_y":"220","general_vendor":"Bleu","general_model":"651Z","general_platform":"","general_image":"","network":["GSM900","GSM1800","GPRS","Bluetooth"],"general_type":"Mobile","general_eusar":"","general_battery":["Li-ion 600 mAh"],"general_cpu":[],"design_formfactor":"Slide","design_dimensions":"95 x 47 x 18.2","design_weight":"96","design_antenna":"Internal","design_keyboard":"Numeric","design_softkeys":"2","design_sidekeys":[],"display_type":"TFT","display_color":"Yes","display_colors":"260K","display_size":"1.9\"","display_other":[],"memory_internal":["60MB RAM"],"memory_slot":["T-Flash","1GB"],"media_camera":["2MP"],"media_secondcamera":[],"media_videocapture":["Yes"],"media_videoplayback":["MPEG4"],"media_audio":["MP3","AAC","MIDI","WAV","AMR"],"media_other":[],"features":["Intrnet Browsing WAP 2.0","Embedded Games","500 Phonebook Capacity","20 Call Received","20 Call Dialled","20 Missed Call","300 SMS storage","MMS","Email","FM Radio"],"connectors":["USB"],"general_platform_version":"","general_browser":"","general_browser_version":"","general_language":"","general_platform_version_max":"","general_app":"","general_app_version":"","display_ppi":148,"display_pixel_ratio":"1.0","benchmark_min":0,"benchmark_max":0,"general_app_category":"","general_virtual":0,"display_css_screen_sizes":["176x220"]}}}