{"Device":{"_id":"1273","hd_ops":{"is_generic":0,"stop_on_detect":0,"overlay_result_specs":0},"hd_specs":{"general_vendor":"Siemens","general_model":"A31a","general_platform":"","general_image":"siemens^a31a.jpg","general_aliases":[],"general_eusar":"","general_battery":["Li-Ion 820 mAh"],"general_type":"Mobile","general_cpu":[],"design_formfactor":"Bar","design_dimensions":"102 x 46 x 17.6","design_weight":"85","design_antenna":"Internal","design_keyboard":"Numeric","design_softkeys":"2","design_sidekeys":[],"display_type":"CSTN","display_color":"Yes","display_colors":"65K","display_size":"","display_x":"128","display_y":"128","display_other":[],"memory_internal":["1.5MB RAM"],"memory_slot":[],"network":["GSM850","GSM1900","GPRS Class 8"],"media_camera":[],"media_secondcamera":[],"media_videocapture":[],"media_videoplayback":[],"media_audio":[],"media_other":[],"features":["Currency Converter","Calculator","Stopwatch","SMS","EMS","MMS","Games","Predictive text input","Organizer"],"connectors":[],"general_platform_version":"","general_browser":"","general_browser_version":"","general_language":"","general_platform_version_max":"","general_app":"","general_app_version":"","display_ppi":0,"display_pixel_ratio":"1.0","benchmark_min":0,"benchmark_max":0,"general_app_category":"","general_virtual":0,"display_css_screen_sizes":["128x128"]}}}