{"Device":{"_id":"1308","hd_ops":{"is_generic":0,"stop_on_detect":0,"overlay_result_specs":0},"hd_specs":{"general_vendor":"MOBISTEL","general_model":"EL580","general_platform":"","general_platform_version":"","general_browser":"","general_browser_version":"","general_image":"mobistel^el580.jpg","general_aliases":[],"general_eusar":"","general_battery":["Li-ion 790 mAh"],"general_type":"Mobile","general_cpu":[],"design_formfactor":"Bar","design_dimensions":"","design_weight":"","design_antenna":"Internal","design_keyboard":"Screen","design_softkeys":"","design_sidekeys":[],"display_type":"TFT","display_color":"Yes","display_colors":"262K","display_size":"2.4\"","display_x":"240","display_y":"320","display_other":["Touch"],"memory_internal":["32MB RAM","87MB"],"memory_slot":["microSD","8GB"],"network":["Bluetooth 1.2"],"media_camera":["3.2MP"],"media_secondcamera":[],"media_videocapture":[],"media_videoplayback":["MPEG4","3GP"],"media_audio":["MP3","WAV","MIDI"],"media_other":["Picture effects","Scene mode","Image resizing","LED Flash"],"features":["Touch sensor","SMS","EMS","MMS","Games","E-book reader","Phonebook 1000 entriesCalendar","To Do List","Alarm clock","Alarm once","daily","weekly","Einheits Wahrungrechner","Computer","Stopwatch"],"connectors":["TV Out","USB"],"general_language":"","general_platform_version_max":"","general_app":"","general_app_version":"","display_ppi":167,"display_pixel_ratio":"1.0","benchmark_min":0,"benchmark_max":0,"general_app_category":"","general_virtual":0,"display_css_screen_sizes":["240x320"]}}}