{"Device":{"_id":"1099","hd_ops":{"is_generic":0,"stop_on_detect":0,"overlay_result_specs":0},"hd_specs":{"general_vendor":"Alcatel","general_model":"OT-I650","general_platform":"","general_platform_version":"","general_browser":"","general_browser_version":"","general_image":"","general_aliases":["Alcatel One Touch Sport"],"general_eusar":"0.76 Head","general_battery":["Li-Ion 1000 mAh"],"general_type":"Mobile","general_cpu":[],"design_formfactor":"Bar","design_dimensions":"102 x 45 x 15.9","design_weight":"87","design_antenna":"Internal","design_keyboard":"Numeric","design_softkeys":"","design_sidekeys":[],"display_type":"OLED","display_color":"Yes","display_colors":"65K","display_size":"1.8\"","display_x":"128","display_y":"160","display_other":[],"memory_internal":["2MB"],"memory_slot":["microSD","2GB"],"network":["GSM900","GSM1800","GSM1900","GPRS Class 10","Bluetooth 2.0"],"media_camera":["1.3MP","1280x1024"],"media_secondcamera":["None"],"media_videocapture":["Yes"],"media_videoplayback":["None"],"media_audio":["MP3","AAC","AAC+"],"media_other":[],"features":["800 entries","Calendar","Alarm","Flashlight","Calculator","Currency converter","Music ringtones (MP3)","Polyphonic ringtones (64 voices)","Vibration","Flight mode","Silent mode","Speakerphone","Accelerometer","SMS","MMS","Instant Messaging","Fitness applications","Pedometer and calories counter","Shake-to-mute-alarm","Predictive text input","Organizer","Games"],"connectors":["MiniUSB","USB 2.0"],"general_language":"","general_platform_version_max":"","general_app":"","general_app_version":"","display_ppi":114,"display_pixel_ratio":"1.0","benchmark_min":0,"benchmark_max":0,"general_app_category":"","general_virtual":0,"display_css_screen_sizes":["128x160"]}}}