{"Device":{"_id":"138","hd_ops":{"is_generic":0,"stop_on_detect":0,"overlay_result_specs":0},"hd_specs":{"general_vendor":"Siemens","general_model":"SL50","general_platform":"","general_platform_version":"","general_browser":"","general_browser_version":"","general_image":"siemenssl50-1357757645-2.jpg","general_aliases":[],"general_eusar":"","general_battery":["Li-Ion 500 mAh"],"general_type":"Mobile","general_cpu":[],"design_formfactor":"Slide","design_dimensions":"82 x 45 x 22","design_weight":"79","design_antenna":"Internal","design_keyboard":"Numeric","design_softkeys":"2","design_sidekeys":[],"display_type":"CSTN","display_color":"Yes","display_colors":"262K","display_size":"","display_x":"64","display_y":"112","display_other":[],"memory_internal":["1.6MB"],"memory_slot":[],"network":["GSM900","GSM1800","GSM1900","GPRS"],"media_camera":[],"media_secondcamera":[],"media_videocapture":[],"media_videoplayback":[],"media_audio":[],"media_other":[],"features":["Multiple numbers per contact","Calendar","Alarm","To-Do","Calculator","Currency converter","Stopwatch","Countdown timer","Polyphonic ringtones","Vibration","Phone profiles","Speakerphone","Voice dialing","Voice commands","T9","Organizer","Voice dial","Voice memo","User profiles","SyncML","Optional digital camera","SMS","EMS","MMS","Email","Navi key","Retractable keyboard","FM Radio"],"connectors":[],"general_language":"","general_platform_version_max":"","general_app":"","general_app_version":"","display_ppi":0,"display_pixel_ratio":"1.0","benchmark_min":0,"benchmark_max":0,"general_app_category":"","general_virtual":0,"display_css_screen_sizes":["64x112"]}}}