{"Device":{"_id":"1078","hd_ops":{"is_generic":0,"stop_on_detect":0,"overlay_result_specs":0},"hd_specs":{"general_vendor":"LG","general_model":"KM380","general_platform":"","general_image":"lg^km380.jpg","general_aliases":[],"general_eusar":"","general_battery":["Li-Ion 800 mAh"],"general_type":"Mobile","general_cpu":[],"design_formfactor":"Clamshell","design_dimensions":"108 x 46 x 12.9","design_weight":"90","design_antenna":"Internal","design_keyboard":"Numeric","design_softkeys":"2","design_sidekeys":["Volume"],"display_type":"TFT","display_color":"Yes","display_colors":"262K","display_size":"2\"","display_x":"240","display_y":"320","display_other":[],"memory_internal":["40MB"],"memory_slot":["microSD","microSDHC","32GB","512MB"],"network":["GSM900","GSM1800","GSM1900","Bluetooth 2.0","GPRS Class 10"],"media_camera":["1.3MP","1280x960"],"media_secondcamera":[],"media_videocapture":[],"media_videoplayback":[],"media_audio":[],"media_other":["Digital zoom"],"features":["1000 entries","Caller groups","Multiple numbers per contact","Picture ID","Ring ID","Calendar","Alarm","Calculator","Music ringtones (MP3)","Vibration","Phone profiles","Speakerphone","Voice recording","Downloadable wallpapers","SMS","EMS","MMS","Email","FM radio","Voice memo","Games"],"connectors":["USB"],"general_platform_version":"","general_browser":"","general_browser_version":"","general_language":"","general_platform_version_max":"","general_app":"","general_app_version":"","display_ppi":200,"display_pixel_ratio":"1.0","benchmark_min":0,"benchmark_max":0,"general_app_category":"","general_virtual":0,"display_css_screen_sizes":["240x320"]}}}