{"Device":{"_id":"101","hd_ops":{"is_generic":0,"stop_on_detect":0,"overlay_result_specs":0},"hd_specs":{"general_vendor":"Samsung","general_model":"SGH-C400","general_platform":"","general_image":"samsung^sghc400.jpg","general_aliases":[],"general_eusar":"","general_battery":["Li-Ion 750 mAh"],"general_type":"Mobile","general_cpu":["None"],"design_formfactor":"Clamshell","design_dimensions":"85.5 x 43.4 x 16","design_weight":"85","design_antenna":"Internal","design_keyboard":"Numeric","design_softkeys":"","design_sidekeys":["Volume"],"display_type":"TFT","display_color":"Yes","display_colors":"65K","display_size":"","display_x":"128","display_y":"160","display_other":[],"memory_internal":["1.8MB RAM"],"memory_slot":[],"network":["GSM900","GSM1800","GSM1900","GPRS"],"media_camera":["VGA","640x480"],"media_secondcamera":[],"media_videocapture":[],"media_videoplayback":[],"media_audio":[],"media_other":[],"features":["Voice memo","SMS","MMS","Organizer","Predictive text input","Wallpaper"],"connectors":[],"general_platform_version":"","general_browser":"","general_browser_version":"","general_language":"","general_platform_version_max":"","general_app":"","general_app_version":"","display_ppi":0,"display_pixel_ratio":"1.0","benchmark_min":0,"benchmark_max":0,"general_app_category":"","general_virtual":0,"display_css_screen_sizes":["128x160"]}}}