{"Device":{"_id":"1198","hd_ops":{"is_generic":0,"stop_on_detect":0,"overlay_result_specs":0},"hd_specs":{"general_vendor":"Spice","general_model":"M940","general_platform":"","general_platform_version":"","general_browser":"","general_browser_version":"","general_image":"spicem940-1403694337-0.jpg","general_aliases":[],"general_eusar":"","general_battery":["Li-Ion 800 mAh"],"general_type":"Mobile","general_cpu":[],"design_formfactor":"Bar","design_dimensions":"112.5 x 50 x 1408","design_weight":"114","design_antenna":"Internal","design_keyboard":"Numeric","design_softkeys":"2","design_sidekeys":[],"display_type":"TFT","display_color":"Yes","display_colors":"262K","display_size":"","display_x":"240","display_y":"320","display_other":[],"memory_internal":[],"memory_slot":["microSD","8GB"],"network":["GSM900","GSM1800","GSM1900","GPRS Class 10","Bluetooth 2.0"],"media_camera":["2MP","1600x1200"],"media_secondcamera":[],"media_videocapture":["Yes"],"media_videoplayback":["MPEG4","3GP","AVI"],"media_audio":["MP3","WAV","MIDI"],"media_other":["Single Touch Camera Operation","Brightness Level","Multi Shot","Night Vision","Photo CLI","Wide Screen Video"],"features":["1000 Entries","FM Radio","SMS","MMS","Alarm","Calendar","Calculator","Organizer","Voice memo","Voice recorder","Games"],"connectors":["USB"],"general_platform_version_max":"","general_app":"","general_app_version":"","general_language":"","display_ppi":0,"display_pixel_ratio":"1.0","benchmark_min":0,"benchmark_max":0,"general_app_category":"","general_virtual":0,"display_css_screen_sizes":["240x320"]}}}