{"Device":{"_id":"114","hd_ops":{"is_generic":0,"stop_on_detect":0,"overlay_result_specs":0},"hd_specs":{"general_aliases":[],"display_x":"90","display_y":"40","general_vendor":"Nokia","general_model":"5146","general_platform":"","general_image":"nokia^5146.jpg","network":["GSM900"],"general_type":"Mobile","general_eusar":"","general_battery":["Ni-Mh 900 mAh"],"general_cpu":[],"design_formfactor":"Bar","design_dimensions":"132 x 47.5 x 31","design_weight":"170","design_antenna":"External","design_keyboard":"Numeric","design_softkeys":"","design_sidekeys":[],"display_type":"Monochrome","display_color":"No","display_colors":"","display_size":"","display_other":[],"memory_internal":[],"memory_slot":[],"media_camera":[],"media_secondcamera":[],"media_videocapture":[],"media_videoplayback":[],"media_audio":[],"media_other":[],"features":["Dynamic font size","Softkey","Welcome message","SMS","Closed user group","Games"],"connectors":[],"general_platform_version":"","general_browser":"","general_browser_version":"","general_language":"","general_platform_version_max":"","general_app":"","general_app_version":"","display_ppi":0,"display_pixel_ratio":"1.0","benchmark_min":0,"benchmark_max":0,"general_app_category":"","general_virtual":0,"display_css_screen_sizes":["90x40"]}}}