{"Device":{"_id":"129","hd_ops":{"is_generic":0,"stop_on_detect":0,"overlay_result_specs":0},"hd_specs":{"general_vendor":"Airness","general_model":"Air99","general_platform":"","general_platform_version":"","general_browser":"","general_browser_version":"","general_image":"","general_aliases":[],"general_eusar":"","general_battery":["Li-Ion 650 mAh"],"general_type":"Mobile","general_cpu":[],"design_formfactor":"Bar","design_dimensions":"7 x 1.86 x 5.1","design_weight":"70","design_antenna":"External","design_keyboard":"Numeric","design_softkeys":"","design_sidekeys":[],"display_type":"TFT","display_color":"Yes","display_colors":"65K","display_size":"","display_x":"128","display_y":"160","display_other":[],"memory_internal":["4.5MB RAM"],"memory_slot":[],"network":["GSM1800","GSM900"],"media_camera":["1MP","640x480"],"media_secondcamera":[],"media_videocapture":[],"media_videoplayback":["MP"],"media_audio":["MIDI"],"media_other":[],"features":["Call Barring","Call Divert","Call Wait","Caller Id","MMS","SMS","Integrated speakerphone","OS","T9","iTap predictive text input","Integrated handsfree","Alarm","Calculator","Calender","Clock","Currency Convertor","Stopwatch","To-Do List","Voice Memo","Photo-video Editor","Organiser","Picture Viewer","Photo Album","Voice Recorder","Unit Converter","Games","Screen Savers","Themes","Wallpapers","Windows Media Player","Polyphonic","Phonebook"],"connectors":[],"general_language":"","general_platform_version_max":"","general_app":"","general_app_version":"","display_ppi":0,"display_pixel_ratio":"1.0","benchmark_min":0,"benchmark_max":0,"general_app_category":"","general_virtual":0,"display_css_screen_sizes":["128x160"]}}}