{"Device":{"_id":"1183","hd_ops":{"is_generic":0,"stop_on_detect":0,"overlay_result_specs":0},"hd_specs":{"general_aliases":[],"display_x":"176","display_y":"220","general_vendor":"ZTE","general_model":"R830","general_platform":"","general_image":"zte^r830.png","network":["GSM850","GSM900","GSM1800","GSM1900","HSDPA2100","UMTS2100","Bluetooth 2.1","GPRS Class 10","EDGE Class 10"],"general_type":"Mobile","general_eusar":"","general_battery":["Li-Ion 830 mAh"],"general_cpu":[],"design_formfactor":"Clamshell","design_dimensions":"94 x 48 x 18.9","design_weight":"90","design_antenna":"Internal","design_keyboard":"Numeric","design_softkeys":"2","design_sidekeys":[],"display_type":"TFT","display_color":"Yes","display_colors":"256K","display_size":"2\"","display_other":["Second External CSTN"],"memory_internal":[],"memory_slot":["microSD","8GB"],"media_camera":["2MP","1600x1200"],"media_secondcamera":["Yes"],"media_videocapture":["Yes"],"media_videoplayback":["MPEG4"],"media_audio":["MP3"],"media_other":[],"features":["Call records","Phonebook","Photocall","Vibration","Loudspeaker","SMS","MMS","Email","Organizer","Voice memo","Alarm","Calendar","Calculator","Games"],"connectors":["USB 2.0"],"general_platform_version":"","general_browser":"","general_browser_version":"","general_language":"","general_platform_version_max":"","general_app":"","general_app_version":"","display_ppi":141,"display_pixel_ratio":"1.0","benchmark_min":0,"benchmark_max":0,"general_app_category":"","general_virtual":0,"display_css_screen_sizes":["176x220"]}}}