{"Device":{"_id":"1261","hd_ops":{"is_generic":0,"stop_on_detect":0,"overlay_result_specs":0},"hd_specs":{"general_vendor":"VK Mobile","general_model":"VK5000","general_platform":"","general_image":"","general_aliases":[],"general_eusar":"","general_battery":["Li-Ion"],"general_type":"Mobile","general_cpu":[],"design_formfactor":"Bar","design_dimensions":"91.8 x 50 x 9.9","design_weight":"","design_antenna":"Internal","design_keyboard":"Numeric","design_softkeys":"","design_sidekeys":[],"display_type":"OLED","display_color":"Yes","display_colors":"256K","display_size":"1.5\"","display_x":"128","display_y":"160","display_other":[],"memory_internal":["128MB RAM"],"memory_slot":[],"network":["GSM900","GSM1800","GSM1900","GPRS Class 10","EDGE","Bluetooth"],"media_camera":["1.3MP","1280x1024"],"media_secondcamera":[],"media_videocapture":["QCIF"],"media_videoplayback":["MPEG4","AAC"],"media_audio":["AAC","AAC+","eAAC+"],"media_other":[],"features":["SMS","EMS","MMS","Email","Games","Predictive text input","Organizer","PC Sync"],"connectors":[],"general_platform_version":"","general_browser":"","general_browser_version":"","general_language":"","general_platform_version_max":"","general_app":"","general_app_version":"","display_ppi":137,"display_pixel_ratio":"1.0","benchmark_min":0,"benchmark_max":0,"general_app_category":"","general_virtual":0,"display_css_screen_sizes":["128x160"]}}}