{"Device":{"_id":"1396","hd_ops":{"is_generic":0,"stop_on_detect":0,"overlay_result_specs":0},"hd_specs":{"general_vendor":"LG","general_model":"G1600","general_platform":"","general_image":"lg^g1600.jpg","general_aliases":[],"general_eusar":"","general_battery":["Li-Ion 950 mAh"],"general_type":"Mobile","general_cpu":["None"],"design_formfactor":"Bar","design_dimensions":"104 x 44 x 17","design_weight":"83","design_antenna":"Internal","design_keyboard":"Numeric","design_softkeys":"2","design_sidekeys":[],"display_type":"STN","display_color":"Yes","display_colors":"65K","display_size":"","display_x":"128","display_y":"128","display_other":[],"memory_internal":["1.1MB"],"memory_slot":[],"network":["GSM900","GSM800","GPRS Class 10"],"media_camera":[],"media_secondcamera":[],"media_videocapture":[],"media_videoplayback":[],"media_audio":[],"media_other":[],"features":["Downloadable wallpapers","Vibration","Downloadable polyphonic ringtones","composer","200 phone book","15 dialed","15 received","15 missed calls","SMS","EMS","MMS","Internet Browsing WAP 1.2.1","Games","Predictive text input","Organizer","World clock","Voice memo (20sec each)","20 calendar items"],"connectors":[],"general_platform_version":"","general_browser":"","general_browser_version":"","general_language":"","general_platform_version_max":"","general_app":"","general_app_version":"","display_ppi":0,"display_pixel_ratio":"1.0","benchmark_min":0,"benchmark_max":0,"general_app_category":"","general_virtual":0,"display_css_screen_sizes":["128x128"]}}}