{"Device":{"_id":"1121","hd_ops":{"is_generic":0,"stop_on_detect":0,"overlay_result_specs":0},"hd_specs":{"general_vendor":"Nokia","general_model":"6215I","general_platform":"","general_platform_version":"","general_platform_version_max":"","general_browser":"","general_browser_version":"","general_image":"nokia6215i-1406470322-0.jpg","general_aliases":[],"general_eusar":"","general_battery":["Li-Ion 1100 mAh"],"general_type":"Mobile","general_cpu":[],"design_formfactor":"Clamshell","design_dimensions":"114 x 46.5 x 24.5","design_weight":"105","design_antenna":"External","design_keyboard":"Numeric","design_softkeys":"2","design_sidekeys":["Volume","Camera"],"display_type":"LCD","display_color":"Yes","display_colors":"262K","display_size":"","display_x":"128","display_y":"128","display_ppi":0,"display_pixel_ratio":"1.0","display_other":["Second External OLED"],"memory_internal":[],"memory_slot":[],"network":["CDMA800","CDMA1900"],"media_camera":["VGA","640x480"],"media_secondcamera":[],"media_videocapture":[],"media_videoplayback":[],"media_audio":["MP3"],"media_other":["LED Flash"],"features":["500 entries","Caller groups","Multiple numbers per contact","Picture ID","Ring ID","Calendar","Alarm","Calculator","World clock","Stopwatch","Notepad","SMS","MMS","T9","Predictive text input","Service lights","Music ringtones (MP3)","Polyphonic ringtones (64 voices)","Vibration","Phone profiles","Speakerphone","Voice dialing","Voice recording","TTY\/TDD","Games"],"connectors":["2.5mm Audio"],"benchmark_min":0,"benchmark_max":0,"general_app":"","general_app_version":"","general_app_category":"","general_language":"","general_virtual":0,"display_css_screen_sizes":["128x128"]}}}