{"Device":{"_id":"1312","hd_ops":{"is_generic":0,"stop_on_detect":0,"overlay_result_specs":0},"hd_specs":{"general_aliases":[],"display_x":"240","display_y":"320","general_vendor":"Kyocera","general_model":"WX330K","general_platform":"","general_image":"","network":["GSM900","GSM1900","GSM1800","UMTS2100","Bluetooth","GPRS Class 10","EDGE"],"general_type":"Mobile","general_battery":["Li-Ion"],"general_cpu":[],"design_sidekeys":[],"display_other":[],"memory_internal":["14MB"],"memory_slot":["microSD"],"media_camera":["1.3MP","1280x1024"],"media_secondcamera":["None"],"media_videocapture":["Yes"],"media_videoplayback":["MPEG4"],"media_audio":["MP3"],"media_other":["Digital zoom"],"features":["Alarm","Calendar","Calculator","Organizer","Speakerphone","Vibration","To-Do List","Unit converter","Voice memo","Voice dialing","Predictive text input","SMS","MMS","Email","Instant messaging","Games"],"connectors":["USB 2.0","MicroUSB"],"design_formfactor":"Clamshell","design_dimensions":"103.5 x 50 x 15.6","design_weight":"112","design_antenna":"Internal","design_keyboard":"Numeric","design_softkeys":"","display_type":"","display_color":"Yes","display_colors":"","display_size":"2.4\"","general_eusar":"","general_platform_version":"","general_browser":"","general_browser_version":"","general_language":"","general_platform_version_max":"","general_app":"","general_app_version":"","display_ppi":167,"display_pixel_ratio":"1.0","benchmark_min":0,"benchmark_max":0,"general_app_category":"","general_virtual":0,"display_css_screen_sizes":["240x320"]}}}