{"Device":{"_id":"1023","hd_ops":{"is_generic":0,"stop_on_detect":0,"overlay_result_specs":0},"hd_specs":{"general_vendor":"Usha Lexus","general_model":"848B","general_platform":"","general_platform_version":"","general_browser":"","general_browser_version":"","general_image":"ushalexus848b-1358690297-1.jpg","general_aliases":[],"general_eusar":"","general_battery":["Li-Ion"],"general_type":"Mobile","general_cpu":[],"design_formfactor":"Bar","design_dimensions":"","design_weight":"","design_antenna":"Internal","design_keyboard":"Numeric","design_softkeys":"2","design_sidekeys":[],"display_type":"TFT","display_color":"Yes","display_colors":"262K","display_size":"2\"","display_x":"240","display_y":"320","display_other":[],"memory_internal":[],"memory_slot":["T-flash Card"],"network":["GSM900","GSM1800","GSM1900","GPRS","EDGE","Bluetooth"],"media_camera":["VGA","640x480"],"media_secondcamera":[],"media_videocapture":["MP3"],"media_videoplayback":["MP4","3GP"],"media_audio":[],"media_other":[],"features":[],"connectors":["USB"],"general_language":"","general_platform_version_max":"","general_app":"","general_app_version":"","display_ppi":200,"display_pixel_ratio":"1.0","benchmark_min":0,"benchmark_max":0,"general_app_category":"","general_virtual":0,"display_css_screen_sizes":["240x320"]}}}