{"Device":{"_id":"1234","hd_ops":{"is_generic":0,"stop_on_detect":0,"overlay_result_specs":0},"hd_specs":{"general_vendor":"LG","general_model":"NX550","general_platform":"","general_image":"lg^nx550.jpg","general_aliases":[],"general_eusar":"","general_battery":["Li-Po 1000 mAh"],"general_type":"Mobile","general_cpu":[],"design_formfactor":"Clamshell","design_dimensions":"96 x 48 x 20","design_weight":"123","design_antenna":"External","design_keyboard":"Numeric","design_softkeys":"2","design_sidekeys":["Volume","Camera"],"display_type":"TFT","display_color":"Yes","display_colors":"262K","display_size":"","display_x":"176","display_y":"220","display_other":[],"memory_internal":["24MB"],"memory_slot":["microSD"],"network":["CDMA800","CDMA1900","Bluetooth 1.1"],"media_camera":["1.3MP"],"media_secondcamera":["None"],"media_videocapture":["Yes"],"media_videoplayback":["3G2"],"media_audio":["MP3","AAC","WMA"],"media_other":["Digital zoom","White balance","Self-timer"],"features":["Headset (HSP)","Handsfree (HFP)","Dial-up networking (DUN)","File Transfer (FTP)","Object Push (OPP)","Generic Access (GAP)","Basic Printing (BPP)","Generic Audio\/Video Distribution (GAVDP)","Advanced Audio Distribution (A2DP)","Audio\/Visual Remote Control Profile (AVRCP)","Caller groups","Multiple numbers per contact","Picture ID","Ring ID","Tip Calculator","Calendar","Alarms","Video Recording","Voice Command","SMS","MMS","Email","Predictive Text Input","Internet Browsing","Games","JAva"],"connectors":["2.5mm Audio"],"general_platform_version":"","general_browser":"","general_browser_version":"","general_language":"","general_platform_version_max":"","general_app":"","general_app_version":"","display_ppi":0,"display_pixel_ratio":"1.0","benchmark_min":0,"benchmark_max":0,"general_app_category":"","general_virtual":0,"display_css_screen_sizes":["176x220"]}}}