{"Device":{"_id":"1139","hd_ops":{"is_generic":0,"stop_on_detect":0,"overlay_result_specs":0},"hd_specs":{"general_aliases":[],"display_x":"128","display_y":"128","general_vendor":"LG","general_model":"AX3200","general_platform":"","general_image":"","network":["CDMA800","CDMA1900","AMPS800"],"general_type":"Mobile","general_battery":["Li-lon 1000 mAh"],"general_cpu":[],"design_sidekeys":[],"display_other":[],"memory_internal":[],"memory_slot":[],"media_camera":[],"media_secondcamera":[],"media_videocapture":[],"media_videoplayback":[],"media_audio":[],"media_other":[],"features":["300 entries","Multiple numbers per contact","Ring ID","Phonebook Capacity","Organizer","Calendar","Alarm","To-Do","Tip calculator","Instant Messaging","SMS","T9","Vibration","Phone profiles","SpeakerphoneVoice dialing","Voice recording","TTY\/TDD"],"connectors":["USB","2.5mm Audio"],"design_formfactor":"Clamshell","design_dimensions":"85 x 46 x 23.6","design_weight":"120","design_antenna":"External","design_keyboard":"Numeric","design_softkeys":"2","display_type":"TFT","display_color":"Yes","display_colors":"65K","display_size":"","general_platform_version":"","general_browser":"","general_browser_version":"","general_language":"","general_eusar":"","general_platform_version_max":"","general_app":"","general_app_version":"","display_ppi":0,"display_pixel_ratio":"1.0","benchmark_min":0,"benchmark_max":0,"general_app_category":"","general_virtual":0,"display_css_screen_sizes":["128x128"]}}}