{"Device":{"_id":"1336","hd_ops":{"is_generic":0,"stop_on_detect":0,"overlay_result_specs":0},"hd_specs":{"general_aliases":[],"display_x":"120","display_y":"80","general_vendor":"LG","general_model":"BD2030","general_platform":"","general_image":"","network":["CDMA","AMPS"],"general_type":"Mobile","general_battery":[],"general_cpu":[],"design_sidekeys":[],"display_other":[],"memory_internal":[],"memory_slot":[],"media_camera":[],"media_secondcamera":[],"media_videocapture":[],"media_videoplayback":[],"media_audio":[],"media_other":[],"features":["Games","Calculator","World time","Alarm Clock","Vibration","Calendar","SMS"],"connectors":[],"design_formfactor":"Bar","design_dimensions":"","design_weight":"","design_antenna":"External","design_keyboard":"Numeric","design_softkeys":"","display_type":"Monochrome","display_color":"No","display_colors":"","display_size":"","general_eusar":"","general_platform_version":"","general_browser":"","general_browser_version":"","general_language":"","general_platform_version_max":"","general_app":"","general_app_version":"","display_ppi":0,"display_pixel_ratio":"1.0","benchmark_min":0,"benchmark_max":0,"general_app_category":"","general_virtual":0,"display_css_screen_sizes":["120x80"]}}}