{"Device":{"_id":"1226","hd_ops":{"is_generic":0,"stop_on_detect":0,"overlay_result_specs":0},"hd_specs":{"general_vendor":"LG","general_model":"KG290UAE","general_platform":"","general_platform_version":"","general_browser":"","general_browser_version":"","general_image":"","general_aliases":[],"general_eusar":"","general_battery":["Li-Ion 820 mAh"],"general_type":"Mobile","general_cpu":[],"design_formfactor":"Slide","design_dimensions":"92 x 46 x 18","design_weight":"83","design_antenna":"Internal","design_keyboard":"Numeric","design_softkeys":"2","design_sidekeys":["Volume","Camera"],"display_type":"TFT","display_color":"Yes","display_colors":"262K","display_size":"1.8\"","display_x":"128","display_y":"160","display_other":[],"memory_internal":["5MB"],"memory_slot":["microSD"],"network":["GSM900","GSM1800","GSM1900","GPRS","Bluetooth 2.0"],"media_camera":["1.3MP","1280x960"],"media_secondcamera":["None"],"media_videocapture":["Yes"],"media_videoplayback":["3GP"],"media_audio":["MP3","WMA","AAC++"],"media_other":["Digital zoom"],"features":["FM radio","Caller groups","Multiple numbers per contact","Picture ID","Ring ID","Calendar","Alarm","To-Do","Calculator","Unit converter","Stopwatch","Memo","SMS","MMS","Predictive text input","Headset (HSP)","Handsfree (HFP)","Dial-up networking (DUN)","File Transfer (FTP)","Object Push (OPP)","Generic Access (GAP)","Serial Port (SPP)","Service Discovery Protocol (SDP)","Basic Printing (BPP)","Polyphonic ringtones (40 voices)","Vibration","Phone profiles","Speakerphone","Voice recording"],"connectors":["USB"],"general_language":"","general_platform_version_max":"","general_app":"","general_app_version":"","display_ppi":114,"display_pixel_ratio":"1.0","benchmark_min":0,"benchmark_max":0,"general_app_category":"","general_virtual":0,"display_css_screen_sizes":["128x160"]}}}