{"Device":{"_id":"1266","hd_ops":{"is_generic":0,"stop_on_detect":0,"overlay_result_specs":0},"hd_specs":{"general_vendor":"LG","general_model":"620G","general_platform":"","general_platform_version":"","general_browser":"","general_browser_version":"","general_image":"lg620g-1403364763-0.png","general_aliases":[],"general_eusar":"","general_battery":["Li-Po 1500 mAh"],"general_type":"Mobile","general_cpu":[],"design_formfactor":"Slide","design_dimensions":"109 x 54.5 x 15.9","design_weight":"139","design_antenna":"Internal","design_keyboard":"Qwerty","design_softkeys":"","design_sidekeys":[],"display_type":"TFT","display_color":"Yes","display_colors":"262K","display_size":"3\"","display_x":"176","display_y":"220","display_other":["Resistive","Touch"],"memory_internal":["150MB"],"memory_slot":["microSD","32GB"],"network":["GSM850","GSM900","GSM1800","GSM1900","UMTS900","UMTS2100","HSDPA900","HSDPA2100","802.11b","802.11g","Bluetooth 2.0","GPRS Class 12","EDGE Class 10"],"media_camera":["5MP","2560x1920"],"media_secondcamera":[],"media_videocapture":["QVGA@30fps"],"media_videoplayback":["MP4","DivX","WMV","H.263","H.264"],"media_audio":["MP3","WAV","eAAC+","WMA"],"media_other":["Geo-tagging","Face detection","Beauty Shot","Auto focus","LED flash","Digital zoom"],"features":["Accelerometer","Calculator","Stopwatch","Notes","To-Do \/ Tasks","Alarm","Calendar","Caller groups","Multiple numbers per contact","Search by both first and last name","Picture ID","Ring ID","Accelerometer sensor for UI auto-rotate","SMS","Threaded viewer","MMS","Email","IM","Push Email","Stereo FM radio","Games","Digital compass","Document viewer","Word viewer","Excel viewer","PowerPoint viewer","PDF viewer","Organizer","Photo\/video editor","Voice memo","Predictive text input"],"connectors":["MicroUSB","3.5mm Audio"],"general_platform_version_max":"","general_app":"","general_app_version":"","general_language":"","display_ppi":94,"display_pixel_ratio":"1.0","benchmark_min":0,"benchmark_max":0,"general_app_category":"","general_virtual":0,"display_css_screen_sizes":["176x220"]}}}