{"Device":{"_id":"1172","hd_ops":{"is_generic":0,"stop_on_detect":0,"overlay_result_specs":0},"hd_specs":{"general_vendor":"Zonda","general_model":"ZMTN610","general_platform":"","general_platform_version":"","general_browser":"","general_browser_version":"","general_image":"zondazmtn610-1357236083-0.jpg","general_aliases":[],"general_eusar":"","general_battery":[],"general_type":"Mobile","general_cpu":[],"design_formfactor":"Clamshell","design_dimensions":"94 x 48 x 19","design_weight":"100","design_antenna":"Internal","design_keyboard":"Numeric","design_softkeys":"2","design_sidekeys":[],"display_type":"CSTN","display_color":"Yes","display_colors":"64K","display_size":"2\"","display_x":"128","display_y":"160","display_other":[],"memory_internal":["2GB RAM"],"memory_slot":["microSD","8GB"],"network":[],"media_camera":[],"media_secondcamera":[],"media_videocapture":[],"media_videoplayback":[],"media_audio":[],"media_other":[],"features":[],"connectors":[],"general_language":"","general_platform_version_max":"","general_app":"","general_app_version":"","display_ppi":102,"display_pixel_ratio":"1.0","benchmark_min":0,"benchmark_max":0,"general_app_category":"","general_virtual":0,"display_css_screen_sizes":["128x160"]}}}