{"Device":{"_id":"1010","hd_ops":{"is_generic":0,"stop_on_detect":0,"overlay_result_specs":0},"hd_specs":{"general_vendor":"Asus","general_model":"V66","general_platform":"","general_platform_version":"","general_browser":"","general_browser_version":"","general_image":"asusv66-1359533125-0.jpg","general_aliases":[],"general_eusar":"","general_battery":["Li-Ion 720 mAh"],"general_type":"Mobile","general_cpu":[],"design_formfactor":"Bar","design_dimensions":"99.8 x 43.8 x 18.7","design_weight":"90","design_antenna":"Internal","design_keyboard":"Numeric","design_softkeys":"","design_sidekeys":[],"display_type":"TFT","display_color":"Yes","display_colors":"262K","display_size":"1.8\"","display_x":"128","display_y":"160","display_other":[],"memory_internal":["32MB"],"memory_slot":["miniSD"],"network":["GSM900","GSM1800","GSM1900","GPRS Class 10"],"media_camera":["VGA","640x480"],"media_secondcamera":["None"],"media_videocapture":["Yes"],"media_videoplayback":["MPEG4"],"media_audio":["MIDI","WAV","AMR"],"media_other":[],"features":["Watch","Stopwatch","Alarm clock","Calculator","Currency converter","Organizer","Calendar","SMS","MMS","Email","FM radio","Games","PC Sync"],"connectors":["USB"],"general_language":"","general_platform_version_max":"","general_app":"","general_app_version":"","display_ppi":114,"display_pixel_ratio":"1.0","benchmark_min":0,"benchmark_max":0,"general_app_category":"","general_virtual":0,"display_css_screen_sizes":["128x160"]}}}