{"Device":{"_id":"1062","hd_ops":{"is_generic":0,"stop_on_detect":0,"overlay_result_specs":0},"hd_specs":{"general_vendor":"Samsung","general_model":"SGH-X488","general_platform":"","general_image":"samsung^sghx488.jpg","general_aliases":[],"general_eusar":"","general_battery":["Li-Ion 800 mAh"],"general_type":"Mobile","general_cpu":[],"design_formfactor":"Clamshell","design_dimensions":"85 x 43.5 x 22","design_weight":"75","design_antenna":"External","design_keyboard":"Numeric","design_softkeys":"2","design_sidekeys":[],"display_type":"UFB","display_color":"Yes","display_colors":"65K","display_size":"","display_x":"128","display_y":"160","display_other":[],"memory_internal":["9MB RAM"],"memory_slot":[],"network":["GSM900","GSM1800","GSM1900","GPRS Class 10"],"media_camera":[],"media_secondcamera":[],"media_videocapture":[],"media_videoplayback":[],"media_audio":[],"media_other":[],"features":["1000 entries Caller groups","Multiple numbers per contact","Ring ID","Calculator","Currency converter","Alarm","To-Do","Calendar","Service lights","Polyphonic ringtones","Vibration","Phone profiles","Voice recording","Predictive text input","Organizer","Voice memo","SMS","EMS","MMS","Games","Wallpapers","Downloadable pictures"],"connectors":["USB"],"general_platform_version":"","general_browser":"","general_browser_version":"","general_language":"","general_platform_version_max":"","general_app":"","general_app_version":"","display_ppi":0,"display_pixel_ratio":"1.0","benchmark_min":0,"benchmark_max":0,"general_app_category":"","general_virtual":0,"display_css_screen_sizes":["128x160"]}}}