{"Device":{"_id":"1303","hd_ops":{"is_generic":0,"stop_on_detect":0,"overlay_result_specs":0},"hd_specs":{"general_aliases":[],"display_x":"128","display_y":"128","general_vendor":"Haier","general_model":"HG M301","general_platform":"","general_image":"","network":["GSM900","GSM1800","Bluetooth","GPRS"],"general_type":"Mobile","general_eusar":"","general_battery":["Li-Ion 800 mAh"],"general_cpu":[],"design_formfactor":"Slide","design_dimensions":"10.1 x 1.46 x 4.4","design_weight":"","design_antenna":"Internal","design_keyboard":"Numeric","design_softkeys":"2","design_sidekeys":[],"display_type":"TFT","display_color":"Yes","display_colors":"65K","display_size":"","display_other":[],"memory_internal":["4MB"],"memory_slot":[],"media_camera":["Yes"],"media_secondcamera":["None"],"media_videocapture":[],"media_videoplayback":[],"media_audio":["MP3"],"media_other":[],"features":["Dual Band","Directional Pad","Call Wait","Caller Id","Internet Browsing WAP 2.0","SMS","MMS","Instant Messaging","Integrated speakerphone","Multiple languages","T9","Integrated handsfree","Alarm","Calculator","Calendar","Clock","SyncML","To-do-list","Voice Memo","Organizer","Picture Viewer","Photo Album","Audio-Video Album","Voice Recorder","File Manager","Address Book","Games","Screen Savers","Themes","Wallpapers","500 Phonebook Capacity","Vibration","Included Accessories","Headset","Lithium Ion Battery","Travel Charger","User Manual"],"connectors":[],"general_platform_version":"","general_browser":"","general_browser_version":"","general_language":"","general_platform_version_max":"","general_app":"","general_app_version":"","display_ppi":0,"display_pixel_ratio":"1.0","benchmark_min":0,"benchmark_max":0,"general_app_category":"","general_virtual":0,"display_css_screen_sizes":["128x128"]}}}