{"Device":{"_id":"1377","hd_ops":{"is_generic":0,"stop_on_detect":0,"overlay_result_specs":0},"hd_specs":{"general_vendor":"Alcatel","general_model":"OT-S920","general_platform":"","general_image":"alcatel^ots920.jpg","general_aliases":[],"general_eusar":"","general_battery":["Li-Ion 800 mAh"],"general_type":"Mobile","general_cpu":[],"design_formfactor":"Bar","design_dimensions":"105 x 45.5 x 15.5","design_weight":"90","design_antenna":"Internal","design_keyboard":"Numeric","design_softkeys":"2","design_sidekeys":[],"display_type":"TFT","display_color":"Yes","display_colors":"256K","display_size":"1.9\"","display_x":"176","display_y":"220","display_other":[],"memory_internal":["40MB RAM"],"memory_slot":["microSD","2GB"],"network":["GSM900","GSM1800","GSM1900","UMTS2100","GPRS","Bluetooth 1.2"],"media_camera":["1.3MP","1280x1024"],"media_secondcamera":[],"media_videocapture":["Videocalling","Digital zoom"],"media_videoplayback":[],"media_audio":["MP3","AAC","AAC+","WMA"],"media_other":[],"features":["Headset (HSP)","Handsfree (HFP)","Dial-up networking (DUN)","File Transfer (FTP)","Object Push (OPP)","Service Discovery Application (SDAP)","Generic Audio\/Video Distribution (GAVDP)","Advanced Audio Distribution (A2DP)","Audio\/Visual Remote Control Profile (AVRCP)","Synchronization (SP)","Audio\/Video Distribution Transport Protocol (AVDTP","MP3","AAC","AAC+","player","Predictive text input","Organizer"],"connectors":["USB 2.0"],"general_platform_version":"","general_browser":"","general_browser_version":"","general_language":"","general_platform_version_max":"","general_app":"","general_app_version":"","display_ppi":148,"display_pixel_ratio":"1.0","benchmark_min":0,"benchmark_max":0,"general_app_category":"","general_virtual":0,"display_css_screen_sizes":["176x220"]}}}