{"Device":{"_id":"1293","hd_ops":{"is_generic":0,"stop_on_detect":0,"overlay_result_specs":0},"hd_specs":{"general_aliases":[],"display_x":"128","display_y":"128","general_vendor":"Spice","general_model":"S600","general_platform":"","general_image":"spice^s600.jpg","network":["GSM900","GSM1800","GPRS Class 12"],"general_type":"Mobile","general_eusar":"","general_battery":["Li-Ion 600 mAh"],"general_cpu":[],"design_formfactor":"Bar","design_dimensions":"99 x 42 x 17.8","design_weight":"72","design_antenna":"Internal","design_keyboard":"Numeric","design_softkeys":"2","design_sidekeys":[],"display_type":"CSTN","display_color":"Yes","display_colors":"64K","display_size":"","display_other":[],"memory_internal":["128MB RAM"],"memory_slot":[],"media_camera":[],"media_secondcamera":[],"media_videocapture":[],"media_videoplayback":[],"media_audio":[],"media_other":[],"features":["Alarm","Calculator","Currency converter","Organizer","Calendar","Games","Speakerphone","Recorder","Vibration","SMS","EMS","MMS","T9"],"connectors":["USB"],"general_platform_version":"","general_browser":"","general_browser_version":"","general_language":"","general_platform_version_max":"","general_app":"","general_app_version":"","display_ppi":0,"display_pixel_ratio":"1.0","benchmark_min":0,"benchmark_max":0,"general_app_category":"","general_virtual":0,"display_css_screen_sizes":["128x128"]}}}