{"Device":{"_id":"109","hd_ops":{"is_generic":0,"stop_on_detect":0,"overlay_result_specs":0},"hd_specs":{"general_vendor":"SonyEricsson","general_model":"T238","general_platform":"","general_image":"sonyericsson^t238.jpg","general_aliases":[],"general_eusar":"0.74 Head","general_battery":["Li-Ion 670 mAh","BST-30"],"general_type":"Mobile","general_cpu":[],"design_formfactor":"Bar","design_dimensions":"101 x 44 x 19","design_weight":"79","design_antenna":"Internal","design_keyboard":"Numeric","design_softkeys":"","design_sidekeys":[],"display_type":"STN","display_color":"Yes","display_colors":"4K","display_size":"1.5\"","display_x":"101","display_y":"80","display_other":[],"memory_internal":[],"memory_slot":[],"network":["GSM900","GSM1800","GPRS Class 4"],"media_camera":[],"media_secondcamera":[],"media_videocapture":[],"media_videoplayback":[],"media_audio":[],"media_other":[],"features":["Wallpapers","Themes","SMS","EMS","MMS","Email","Predictive text input","Organizer","Voice memo","Optional digital camera","Games"],"connectors":[],"general_platform_version":"","general_browser":"","general_browser_version":"","general_language":"","general_platform_version_max":"","general_app":"","general_app_version":"","display_ppi":86,"display_pixel_ratio":"1.0","benchmark_min":0,"benchmark_max":0,"general_app_category":"","general_virtual":0,"display_css_screen_sizes":["101x80"]}}}