{"Device":{"_id":"1249","hd_ops":{"is_generic":0,"stop_on_detect":0,"overlay_result_specs":0},"hd_specs":{"general_aliases":[],"display_x":"128","display_y":"160","general_vendor":"Beko","general_model":"BC831","general_platform":"","general_image":"https:\/\/media.orangerecycle.co.uk\/ImageHandler.ashx?id=417304b8-95c3-4020-937c-64ee8b5c0843","network":["GSM900","GSM1800","GPRS"],"general_type":"Mobile","general_battery":["Li-Ion 600 mAh"],"general_cpu":[],"design_sidekeys":[],"display_other":["Touch"],"memory_internal":[],"memory_slot":[],"media_camera":["VGA"],"media_secondcamera":[],"media_videocapture":[],"media_videoplayback":[],"media_audio":["MP3"],"media_other":[],"features":["Calendar","Alarm","Stopwatch","Handsfree","Media Audio Recording"],"connectors":[],"design_formfactor":"Bar","design_dimensions":"84 x 43 x 23","design_weight":"72","design_antenna":"Internal","design_keyboard":"Screen","design_softkeys":"","display_type":"TFT","display_color":"Yes","display_colors":"65K","display_size":"","general_eusar":"","general_platform_version":"","general_browser":"","general_browser_version":"","general_language":"","general_platform_version_max":"","general_app":"","general_app_version":"","display_ppi":0,"display_pixel_ratio":"1.0","benchmark_min":0,"benchmark_max":0,"general_app_category":"","general_virtual":0,"display_css_screen_sizes":["128x160"]}}}