{"Device":{"_id":"1117","hd_ops":{"is_generic":0,"stop_on_detect":0,"overlay_result_specs":0},"hd_specs":{"general_aliases":[],"display_x":"320","display_y":"240","general_vendor":"Skybee","general_model":"83AT","general_platform":"","general_image":"","network":["GSM850","GSM900","GSM1800","GSM1900","GPRS","Bluetooth 2.0"],"general_type":"Mobile","general_eusar":"","general_battery":["Li-Ion 800 mAh"],"general_cpu":[],"design_formfactor":"Bar","design_dimensions":"109 x 60 x 12","design_weight":"126","design_antenna":"Internal","design_keyboard":"Qwerty","design_softkeys":"2","design_sidekeys":[],"display_type":"LCD","display_color":"Yes","display_colors":"","display_size":"2\"","display_other":[],"memory_internal":[],"memory_slot":["microSD","2GB"],"media_camera":["2MP","640x480"],"media_secondcamera":["None"],"media_videocapture":[],"media_videoplayback":[],"media_audio":["MP3","AAC","AAC+","3GP"],"media_other":[],"features":["SMS","MMS","Email","Internet Browsing WAP 2.0","xHTML","HTML","opera mini","Stereo FM radio","Java","micro J2ME OR JBLEND","ambient lighting sensor","calculator","unit converter","25 polyphonic","Facebook Link","Wallpaper","java games","Call Received","Call Dialled","Missed Call","Call Reject","200 Phonebook Capacity"],"connectors":["USB"],"general_platform_version":"","general_browser":"","general_browser_version":"","general_language":"","general_platform_version_max":"","general_app":"","general_app_version":"","display_ppi":200,"display_pixel_ratio":"1.0","benchmark_min":0,"benchmark_max":0,"general_app_category":"","general_virtual":0,"display_css_screen_sizes":["320x240"]}}}