{"Device":{"_id":"1301","hd_ops":{"is_generic":0,"stop_on_detect":0,"overlay_result_specs":0},"hd_specs":{"general_aliases":[],"display_x":"128","display_y":"92","general_vendor":"Orange","general_model":"Tokyo","general_platform":"","general_image":"orange^tokyo.jpg","network":["Bluetooth"],"general_type":"Mobile","general_battery":[],"general_cpu":[],"design_sidekeys":[],"display_other":[],"memory_internal":["0.7MB RAM"],"memory_slot":["microSD"],"media_camera":["1.3MP"],"media_secondcamera":[],"media_videocapture":["Yes"],"media_videoplayback":[],"media_audio":[],"media_other":["Digital zoom"],"features":["Photo messaging","Predictive text","Video Messaging","Loud speaker","Received Call","Missed Call","Dialed Call"],"connectors":[],"design_formfactor":"Bar","design_dimensions":"92.5 x 35 x 14.5","design_weight":"68","design_antenna":"Internal","design_keyboard":"Numeric","design_softkeys":"","display_type":"TFT","display_color":"Yes","display_colors":"65K","display_size":"","general_eusar":"","general_platform_version":"","general_browser":"","general_browser_version":"","general_language":"","general_platform_version_max":"","general_app":"","general_app_version":"","display_ppi":0,"display_pixel_ratio":"1.0","benchmark_min":0,"benchmark_max":0,"general_app_category":"","general_virtual":0,"display_css_screen_sizes":["128x92"]}}}