{"Device":{"_id":"1007","hd_ops":{"is_generic":0,"stop_on_detect":0,"overlay_result_specs":0},"hd_specs":{"general_vendor":"ZTE","general_model":"F868","general_platform":"","general_image":"zte^f868.jpg","general_aliases":[],"general_eusar":"","general_battery":["Li-Ion 1200 mAh"],"general_type":"Mobile","general_cpu":[],"design_formfactor":"Clamshell","design_dimensions":"93.90 x 49.70 x 25.10","design_weight":"123","design_antenna":"Internal","design_keyboard":"Numeric","design_softkeys":"","design_sidekeys":[],"display_type":"TFT","display_color":"Yes","display_colors":"256K","display_size":"2\"","display_x":"176","display_y":"220","display_other":[],"memory_internal":["10MB RAM"],"memory_slot":[],"network":["UMTS2100","GPRS"],"media_camera":["1.3MP","1280x960"],"media_secondcamera":[],"media_videocapture":[],"media_videoplayback":[],"media_audio":["AAC","AAC+","AMR","WAV"],"media_other":[],"features":["SMS","MMS","T9","Organizer"],"connectors":["USB"],"general_platform_version":"","general_browser":"","general_browser_version":"","general_language":"","general_platform_version_max":"","general_app":"","general_app_version":"","display_ppi":141,"display_pixel_ratio":"1.0","benchmark_min":0,"benchmark_max":0,"general_app_category":"","general_virtual":0,"display_css_screen_sizes":["176x220"]}}}