{"Device":{"_id":"12695","hd_ops":{"is_generic":0,"stop_on_detect":0,"overlay_result_specs":0},"hd_specs":{"general_vendor":"DoCoMo","general_model":"SH-01A","general_platform":"","general_aliases":[],"display_x":"480","display_y":"854","general_type":"Mobile","general_image":"docomo^sh01a.jpg","general_battery":["Li-Ion"],"general_cpu":[],"design_sidekeys":[],"display_other":[],"memory_internal":[],"memory_slot":["microSD","microSDHC","8GB"],"network":["GSM900","GSM1800","GSM1900","UMTS2100","HSDPA2100","Bluetooth","802.11b","802.11g","GPRS","EDGE"],"media_camera":["8MP"],"media_secondcamera":["None"],"media_videocapture":["Yes"],"media_videoplayback":["MPEG4","3GP"],"media_audio":["MP3","MIDI"],"media_other":["Digital zoom","Auto focus"],"features":["Alarm","Calendar","Calculator","Organizer","Speakerphone","Vibration","To-Do List","Instant messaging","Predictive text input","SMS","MMS","Email","Voice memo","Voice dialing","Games"],"connectors":["USB"],"design_formfactor":"Clamshell","design_dimensions":"111 x 50 x 16.6","design_weight":"145","design_antenna":"Internal","design_keyboard":"Numeric","design_softkeys":"","display_type":"","display_color":"Yes","display_colors":"","display_size":"3.3\"","general_eusar":"","general_platform_version":"","general_browser":"","general_browser_version":"","general_language":"","general_platform_version_max":"","general_app":"","general_app_version":"","display_ppi":297,"display_pixel_ratio":"1.0","benchmark_min":0,"benchmark_max":0,"general_app_category":"","general_virtual":0,"display_css_screen_sizes":["480x854"]}}}