{"Device":{"_id":"1060","hd_ops":{"is_generic":0,"stop_on_detect":0,"overlay_result_specs":0},"hd_specs":{"general_vendor":"LT","general_model":"X1","general_platform":"","general_platform_version":"","general_browser":"","general_browser_version":"","general_image":"ltx1-1361169390-0.jpg","general_aliases":[],"general_eusar":"","general_battery":["Li-Ion 1000 mAh"],"general_type":"Mobile","general_cpu":[],"design_formfactor":"Bar","design_dimensions":"93 x 48 x 18","design_weight":"","design_antenna":"Internal","design_keyboard":"Screen","design_softkeys":"","design_sidekeys":[],"display_type":"TFT","display_color":"Yes","display_colors":"262K","display_size":"","display_x":"176","display_y":"220","display_other":["Touch"],"memory_internal":[],"memory_slot":["microSD"],"network":["GSM900","GSM1800","GPRS Class 12"],"media_camera":["1.3MP","1280x1024"],"media_secondcamera":[],"media_videocapture":["Yes"],"media_videoplayback":[],"media_audio":[],"media_other":[],"features":["Dual GSM SIM card","Audio Play","Video Play\/Recorder","Voice Recorder","Alarm","Stereo speaker","Schedule","World Time","Calculator","Calendar","Recorder","Auto on & off","Private info protection","Stopwatch","Hands free","SMS","MMS","Games"],"connectors":["USB 1.1"],"general_language":"","general_platform_version_max":"","general_app":"","general_app_version":"","display_ppi":0,"display_pixel_ratio":"1.0","benchmark_min":0,"benchmark_max":0,"general_app_category":"","general_virtual":0,"display_css_screen_sizes":["176x220"]}}}