{"Device":{"_id":"1088","hd_ops":{"is_generic":0,"stop_on_detect":0,"overlay_result_specs":0},"hd_specs":{"general_aliases":["Fly Hummer"],"display_x":"240","display_y":"320","general_vendor":"Fly","general_model":"HT-1","general_platform":"","general_image":"","network":["GSM900","GSM1800","GSM1900","Bluetooth 1.2","Infrared","GPRS Class 12"],"general_type":"Mobile","general_battery":["Li-ion 650 mAh"],"general_cpu":[],"design_sidekeys":[],"display_other":[],"memory_internal":["25MB RAM"],"memory_slot":["microSD"],"media_camera":["2MP","1600x1200"],"media_secondcamera":[],"media_videocapture":["Yes"],"media_videoplayback":[],"media_audio":["MP3","AAC","AMR","WAV","MID"],"media_other":["Digital zoom","LED Flash"],"features":["SMS","MMS","Email","Polyphonic Ringtone","FM Radio","Games","Flash Light"],"connectors":["USB"],"design_formfactor":"Slide","design_dimensions":"96 x 49 x 14.90","design_weight":"101","design_antenna":"Internal","design_keyboard":"Numeric","design_softkeys":"","display_type":"TFT","display_color":"Yes","display_colors":"262K","display_size":"","general_eusar":"","general_platform_version":"","general_browser":"","general_browser_version":"","general_language":"","general_platform_version_max":"","general_app":"","general_app_version":"","display_ppi":0,"display_pixel_ratio":"1.0","benchmark_min":0,"benchmark_max":0,"general_app_category":"","general_virtual":0,"display_css_screen_sizes":["240x320"]}}}