{"Device":{"_id":"1124","hd_ops":{"is_generic":0,"stop_on_detect":0,"overlay_result_specs":0},"hd_specs":{"general_vendor":"SonyEricsson","general_model":"CMD-Z7","general_platform":"","general_platform_version":"","general_platform_version_max":"","general_browser":"","general_browser_version":"","general_image":"","general_aliases":[],"general_eusar":"","general_battery":["Li-Po"],"general_type":"Mobile","general_cpu":[],"design_formfactor":"Bar","design_dimensions":"91 x 50 x 25","design_weight":"95","design_antenna":"Internal","design_keyboard":"Numeric","design_softkeys":"","design_sidekeys":[],"display_type":"Grayscale","display_color":"No","display_colors":"","display_size":"","display_x":"96","display_y":"92","display_ppi":0,"display_pixel_ratio":"1.0","display_other":[],"memory_internal":[],"memory_slot":[],"network":["GSM900","GSM1800"],"media_camera":[],"media_secondcamera":[],"media_videocapture":[],"media_videoplayback":[],"media_audio":[],"media_other":[],"features":["T9","Organizer","Voice Memo","Message templates","Wallpaper download","Advanced Jog Dial","Several phonebook groups","20 SMS messages in phone","SMS with sounds and pictures","Keeps fax and email for phonebook entries","Ringtones can be assigned to phonebook entries","Games"],"connectors":[],"benchmark_min":0,"benchmark_max":0,"general_app":"","general_app_version":"","general_app_category":"","general_language":"","general_virtual":0,"display_css_screen_sizes":["96x92"]}}}