{"Device":{"_id":"1324","hd_ops":{"is_generic":0,"stop_on_detect":0,"overlay_result_specs":0},"hd_specs":{"general_aliases":[],"display_x":"240","display_y":"320","general_vendor":"HEDY","general_model":"H797","general_platform":"","general_image":"hedy^h797.jpg","network":["GSM900","GSM1800","Bluetooth","GPRS Class 10","EDGE"],"general_type":"Mobile","general_eusar":"","general_battery":["Li-Ion"],"general_cpu":[],"design_formfactor":"Bar","design_dimensions":"11 x 1.7 x 4.9","design_weight":"98","design_antenna":"Internal","design_keyboard":"Numeric","design_softkeys":"","design_sidekeys":[],"display_type":"TFT","display_color":"Yes","display_colors":"262K","display_size":"","display_other":[],"memory_internal":[],"memory_slot":["microSD"],"media_camera":["3MP","2048x1536"],"media_secondcamera":[],"media_videocapture":["Yes"],"media_videoplayback":["MPEG4"],"media_audio":["MP3","MIDI","M4A"],"media_other":[],"features":["Call Divert","Call Wait","Caller Id","MMS","SMS","Integrated speakerphone","Photo caller ID","T9","iTap predictive text input","Alarm","Calculator","Calender","Voice Memo","Photo-video Editor","TV Support","Photo Album","Games","Screen Savers","Wallpapers","Polyphonic","Organizer"],"connectors":["USB"],"general_platform_version":"","general_browser":"","general_browser_version":"","general_language":"","general_platform_version_max":"","general_app":"","general_app_version":"","display_ppi":0,"display_pixel_ratio":"1.0","benchmark_min":0,"benchmark_max":0,"general_app_category":"","general_virtual":0,"display_css_screen_sizes":["240x320"]}}}