{"Device":{"_id":"121","hd_ops":{"is_generic":0,"stop_on_detect":0,"overlay_result_specs":0},"hd_specs":{"general_aliases":[],"display_x":"320","display_y":"240","general_vendor":"Tianyu","general_model":"A691","general_platform":"","general_image":"tianyu^a691.jpg","network":["GSM900","GSM1800","GPRS","Bluetooth 2.0","EDGE"],"general_type":"Mobile","general_eusar":"","general_battery":["Li-lon"],"general_cpu":[],"design_formfactor":"Bar","design_dimensions":"110 x 51 x 13.5","design_weight":"90","design_antenna":"Internal","design_keyboard":"Numeric","design_softkeys":"2","design_sidekeys":[],"display_type":"TFT","display_color":"Yes","display_colors":"","display_size":"","display_other":[],"memory_internal":[],"memory_slot":["microSD","2GB"],"media_camera":[],"media_secondcamera":[],"media_videocapture":[],"media_videoplayback":[],"media_audio":["MP3","WAV","AMR","WMA","AAC","AAC+"],"media_other":[],"features":["SMS","Internet Browsing WAP 2.0","Call Received","Call Dialled","Missed Call","T9","- Embedded images and animations"],"connectors":["USB"],"general_platform_version":"","general_browser":"","general_browser_version":"","general_language":"","general_platform_version_max":"","general_app":"","general_app_version":"","display_ppi":0,"display_pixel_ratio":"1.0","benchmark_min":0,"benchmark_max":0,"general_app_category":"","general_virtual":0,"display_css_screen_sizes":["320x240"]}}}