{"Device":{"_id":"1050","hd_ops":{"is_generic":0,"stop_on_detect":0,"overlay_result_specs":0},"hd_specs":{"general_aliases":[],"display_x":"240","display_y":"400","general_vendor":"LG","general_model":"MX9700","general_platform":"","general_image":"lg^mx9700.jpg","network":["CDMA800","CDMA1900","Bluetooth 2.1"],"general_type":"Mobile","general_eusar":"","general_battery":["Li-Ion 1100 mAh"],"general_cpu":[],"design_formfactor":"Bar","design_dimensions":"104 x 56 x 13","design_weight":"107","design_antenna":"Internal","design_keyboard":"Screen","design_softkeys":"","design_sidekeys":["Lock","Volume","Camera"],"display_type":"TFT","display_color":"Yes","display_colors":"262K","display_size":"3\"","display_other":["Resistive","Touch"],"memory_internal":[],"memory_slot":["microSD","microSDHC"],"media_camera":["3.2MP","2048x1536"],"media_secondcamera":[],"media_videocapture":["VGA"],"media_videoplayback":["None"],"media_audio":["MP3","AAC","AAC+","WMA"],"media_other":["Digital zoom"],"features":["1000 entries","Caller groups","Multiple numbers per contact","Picture ID","Ring ID","Calendar","Alarm","To-Do","Tip calculator","SMS","MMS","T9","Predictive text input","Headset (HSP)","Handsfree (HFP)","Dial-up networking (DUN)","File Transfer (FTP)","Object Push (OPP)","Generic Access (GAP)","Serial Port (SPP)","Basic Printing (BPP)","Human Interface Device (HID)","Generic Audio\/Video Distribution (GAVDP)","Advanced Audio Distribution (A2DP)","Basic Imaging (BIP)","Audio\/Visual Remote Control Profile (AVRCP)","Music ringtones (MP3)","Vibration","Phone profiles","Speakerphone","Accelerometer","Voice dialing (Speaker independent)","Voice commands (Speaker independent)","Voice recording","TTY\/TDD"],"connectors":["MicroUSB","3.5mm Audio","USB"],"general_platform_version":"","general_browser":"","general_browser_version":"","general_language":"","general_platform_version_max":"","general_app":"","general_app_version":"","display_ppi":155,"display_pixel_ratio":"1.0","benchmark_min":0,"benchmark_max":0,"general_app_category":"","general_virtual":0,"display_css_screen_sizes":["240x400"]}}}