{"Device":{"_id":"1253","hd_ops":{"is_generic":0,"stop_on_detect":0,"overlay_result_specs":0},"hd_specs":{"general_vendor":"Samsung","general_model":"SGH-A227","general_platform":"","general_image":"samsung^sgha227.jpg","general_aliases":[],"general_eusar":"","general_battery":["Li-Ion 800 mAh"],"general_type":"Mobile","general_cpu":[],"design_formfactor":"Clamshell","design_dimensions":"89 x 45 x 20","design_weight":"96","design_antenna":"Internal","design_keyboard":"Numeric","design_softkeys":"2","design_sidekeys":["Volume"],"display_type":"STN","display_color":"Yes","display_colors":"65K","display_size":"","display_x":"128","display_y":"160","display_other":["Second External"],"memory_internal":[],"memory_slot":[],"network":["GSM850","GSM900","GSM1800","GSM1900","GPRS","EDGE"],"media_camera":[],"media_secondcamera":[],"media_videocapture":[],"media_videoplayback":[],"media_audio":[],"media_other":[],"features":["500 entries","Caller groups","Multiple numbers per contact","Picture ID","Ring ID","Alarm","Calculator","Converter","World clock","SMS","MMS","T9","Predictive text input","Email","Music ringtones (MP3)","Polyphonic ringtones (64 voices)","Vibration","Speakerphone","Voice recording","Games"],"connectors":[],"general_platform_version":"","general_browser":"","general_browser_version":"","general_language":"","general_platform_version_max":"","general_app":"","general_app_version":"","display_ppi":0,"display_pixel_ratio":"1.0","benchmark_min":0,"benchmark_max":0,"general_app_category":"","general_virtual":0,"display_css_screen_sizes":["128x160"]}}}