{"Device":{"_id":"1149","hd_ops":{"is_generic":0,"stop_on_detect":0,"overlay_result_specs":0},"hd_specs":{"general_vendor":"SonyEricsson","general_model":"CMD-J7","general_platform":"","general_platform_version":"","general_platform_version_max":"","general_browser":"","general_browser_version":"","general_image":"sonyericssoncmd-j7-1430374332-0.jpg","general_aliases":["SonyEricsson J70"],"general_eusar":"","general_battery":["Li-Ion"],"general_type":"Mobile","general_cpu":[],"design_formfactor":"Bar","design_dimensions":"113 x 44 x 21","design_weight":"92","design_antenna":"Internal","design_keyboard":"Numeric","design_softkeys":"","design_sidekeys":[],"display_type":"Grayscale","display_color":"No","display_colors":"","display_size":"","display_x":"96","display_y":"92","display_ppi":0,"display_pixel_ratio":"1.0","display_other":[],"memory_internal":[],"memory_slot":[],"network":["GSM900","GSM1800"],"media_camera":[],"media_secondcamera":[],"media_videocapture":[],"media_videoplayback":[],"media_audio":[],"media_other":[],"features":["Advanced Jog Dial","Wallpaper download","SMS","Email","T9","Organizer","Recordable sounds for calls and events","Alarm","Calendar","Calculator","Games","Speakerphone","Recorder","Vibration"],"connectors":[],"benchmark_min":0,"benchmark_max":0,"general_app":"","general_app_version":"","general_app_category":"","general_language":"","general_virtual":0,"display_css_screen_sizes":["96x92"]}}}