{"Device":{"_id":"1068","hd_ops":{"is_generic":0,"stop_on_detect":0,"overlay_result_specs":0},"hd_specs":{"general_aliases":["Motorola Hurricane"],"display_x":"240","display_y":"320","general_vendor":"Motorola","general_model":"W760r","general_platform":"","general_image":"motorola^w760r.","network":["GSM850","GSM900","GSM1800","GSM1900","HSDPA850","HSDPA1900","UMTS850","UMTS1900","Bluetooth 2.0","GPRS Class 10","EDGE Class 10"],"general_type":"Mobile","general_eusar":"0.91 Head","general_battery":["Li-Ion 1130 mAh"],"general_cpu":[],"design_formfactor":"Clamshell","design_dimensions":"98 x 53.8 x 24","design_weight":"107","design_antenna":"External","design_keyboard":"Numeric","design_softkeys":"2","design_sidekeys":["Volume","Camera"],"display_type":"TFT","display_color":"Yes","display_colors":"256K","display_size":"2.2\"","display_other":[],"memory_internal":["100MB"],"memory_slot":["microSD","4GB"],"media_camera":["2MP","1600x1200"],"media_secondcamera":["None"],"media_videocapture":["Yes"],"media_videoplayback":["MPEG4","H.263"],"media_audio":["MP3","AAC"],"media_other":[],"features":["Caller groups","Multiple numbers per contact","Picture ID","Ring ID","Calendar","Alarm","To-Do","Calculator","World clock","Notes","Computer sync","Music ringtones (MP3)","Vibration","Phone profiles","Speakerphone","Voice dialing","Voice commands","Voice recording","TTY\/TDD","Push-to-Talk","SMS","MMS","Email","Games","Organizer","Voice memo"],"connectors":["USB 2.0"],"general_platform_version":"","general_browser":"","general_browser_version":"","general_language":"","general_platform_version_max":"","general_app":"","general_app_version":"","display_ppi":182,"display_pixel_ratio":"1.0","benchmark_min":0,"benchmark_max":0,"general_app_category":"","general_virtual":0,"display_css_screen_sizes":["240x320"]}}}