{"Device":{"_id":"11461","hd_ops":{"is_generic":0,"stop_on_detect":0,"overlay_result_specs":0},"hd_specs":{"general_vendor":"DoCoMo","general_model":"SH-06A","general_platform":"","general_aliases":[],"display_x":"240","display_y":"320","general_type":"Mobile","general_image":"docomo^sh06a.jpg","general_battery":["Li-Ion"],"general_cpu":[],"design_sidekeys":[],"display_other":[],"memory_internal":["128MB"],"memory_slot":["microSD","microSDHC","2GB","16GB"],"network":["GSM900","GSM1800","GSM1900","Bluetooth","GPRS"],"media_camera":["10MP"],"media_secondcamera":["None"],"media_videocapture":["Yes"],"media_videoplayback":["None"],"media_audio":[],"media_other":[],"features":["Phonebook","Screen memo","Email","Calendar","Alarm","Calculator","SMS","Predictive text input","Organizer","Voice memo","Voice dialing","Games"],"connectors":["USB"],"design_formfactor":"Clamshell","design_dimensions":"111 x 50 x 16.0","design_weight":"135","design_antenna":"Internal","design_keyboard":"Numeric","design_softkeys":"","display_type":"TFT","display_color":"Yes","display_colors":"262K","display_size":"1.8\"","general_eusar":"","general_platform_version":"","general_browser":"","general_browser_version":"","general_language":"","general_platform_version_max":"","general_app":"","general_app_version":"","display_ppi":222,"display_pixel_ratio":"1.0","benchmark_min":0,"benchmark_max":0,"general_app_category":"","general_virtual":0,"display_css_screen_sizes":["240x320"]}}}