{"Device":{"_id":"1152","hd_ops":{"is_generic":0,"stop_on_detect":0,"overlay_result_specs":0},"hd_specs":{"general_vendor":"ZTE","general_model":"MTC535","general_platform":"","general_platform_version":"","general_browser":"","general_browser_version":"","general_image":"ztemtc535-1370577094-0.jpg","general_aliases":[],"general_eusar":"","general_battery":["Li-Ion 720 mAh"],"general_type":"Mobile","general_cpu":[],"design_formfactor":"Bar","design_dimensions":"108 x 46 x 13","design_weight":"80","design_antenna":"Internal","design_keyboard":"Numeric","design_softkeys":"","design_sidekeys":[],"display_type":"","display_color":"Yes","display_colors":"262K","display_size":"2\"","display_x":"176","display_y":"220","display_other":[],"memory_internal":[],"memory_slot":["microSD","8GB"],"network":["GSM900","GSM1800","GSM1900"],"media_camera":["1.3MP","1280x1024"],"media_secondcamera":[],"media_videocapture":["Yes"],"media_videoplayback":[],"media_audio":[],"media_other":[],"features":["SMS","MMS","E-mail","FM radio","Calendar","Calculator","Organizer","Alarm","Speakerphone","Vibration","T9","Games"],"connectors":["USB"],"general_language":"","general_platform_version_max":"","general_app":"","general_app_version":"","display_ppi":141,"display_pixel_ratio":"1.0","benchmark_min":0,"benchmark_max":0,"general_app_category":"","general_virtual":0,"display_css_screen_sizes":["176x220"]}}}