{"Device":{"_id":"1019","hd_ops":{"is_generic":0,"stop_on_detect":0,"overlay_result_specs":0},"hd_specs":{"general_aliases":[],"display_x":"128","display_y":"128","general_vendor":"DBTEL","general_model":"6588C","general_platform":"","general_image":"","network":["GSM900","GSM1800","GPRS"],"general_type":"Mobile","general_eusar":"","general_battery":["Li-Ion"],"general_cpu":[],"design_formfactor":"Bar","design_dimensions":"","design_weight":"79","design_antenna":"Internal","design_keyboard":"Numeric","design_softkeys":"","design_sidekeys":[],"display_type":"CSTN","display_color":"Yes","display_colors":"65K","display_size":"","display_other":[],"memory_internal":[],"memory_slot":[],"media_camera":["Yes"],"media_secondcamera":[],"media_videocapture":[],"media_videoplayback":[],"media_audio":[],"media_other":[],"features":["Call Divert","Call Wait","Caller Id","EMS","SMS","T9","Calculator","Clock","Organizer","Games"],"connectors":[],"general_platform_version":"","general_browser":"","general_browser_version":"","general_language":"","general_platform_version_max":"","general_app":"","general_app_version":"","display_ppi":0,"display_pixel_ratio":"1.0","benchmark_min":0,"benchmark_max":0,"general_app_category":"","general_virtual":0,"display_css_screen_sizes":["128x128"]}}}