{"Device":{"_id":"1388","hd_ops":{"is_generic":0,"stop_on_detect":0,"overlay_result_specs":0},"hd_specs":{"general_vendor":"LG","general_model":"U8290","general_platform":"","general_image":"lg^u8290.jpg","general_aliases":[],"general_eusar":"","general_battery":["Li-Po 1400 mAh"],"general_type":"Mobile","general_cpu":[],"design_formfactor":"Clamshell","design_dimensions":"89.5 x 47.5 x 24.5","design_weight":"125","design_antenna":"External","design_keyboard":"Numeric","design_softkeys":"","design_sidekeys":[],"display_type":"TFT","display_color":"Yes","display_colors":"65K","display_size":"","display_x":"176","display_y":"220","display_other":[],"memory_internal":["20MB RAM"],"memory_slot":["microSD"],"network":["GSM900","GSM1800","GSM1900"],"media_camera":["1.3MP","1280x1024"],"media_secondcamera":[],"media_videocapture":["Yes"],"media_videoplayback":[],"media_audio":[],"media_other":["Videocalling","180 degree rotating lens","LED flash"],"features":["SMS","EMS","MMS","Email","Instant Messaging","Predictive Text Input","Received Call","Dialed Call","Missed call","Games","Java","Calculator","clock","Alarms","Organizer","Phone Book Capacity"],"connectors":["USB"],"general_platform_version":"","general_browser":"","general_browser_version":"","general_language":"","general_platform_version_max":"","general_app":"","general_app_version":"","display_ppi":0,"display_pixel_ratio":"1.0","benchmark_min":0,"benchmark_max":0,"general_app_category":"","general_virtual":0,"display_css_screen_sizes":["176x220"]}}}