{"Device":{"_id":"1344","hd_ops":{"is_generic":0,"stop_on_detect":0,"overlay_result_specs":0},"hd_specs":{"general_aliases":[],"display_x":"128","display_y":"160","general_vendor":"Lenovo","general_model":"V707","general_platform":"","general_image":"","network":["GPRS"],"general_type":"Mobile","general_eusar":"","general_battery":["Li-Ion"],"general_cpu":[],"design_formfactor":"Slide","design_dimensions":"0.877 x 0.245 x 0.457","design_weight":"93","design_antenna":"Internal","design_keyboard":"Numeric","design_softkeys":"2","design_sidekeys":[],"display_type":"TFT","display_color":"Yes","display_colors":"262K","display_size":"","display_other":[],"memory_internal":["64MB"],"memory_slot":[],"media_camera":["Yes"],"media_secondcamera":["None"],"media_videocapture":["Yes"],"media_videoplayback":[],"media_audio":["MP3"],"media_other":[],"features":["Call Divert","Call Wait","Caller Id","MMS","SMS","Alarm","Calculator","Calender","Clock","Currency Converter","Voice Recorder","Unit Converter","Call received","Call Dialled","Missed Call","Games","Screen Savers","Wallpapers","Headset","Software CD","Transflash Memory Card","Travel Charger","USB Data Cable","User Manual","Vibration. Polyponic","300 Phonebook Capacity"],"connectors":["USB"],"general_platform_version":"","general_browser":"","general_browser_version":"","general_language":"","general_platform_version_max":"","general_app":"","general_app_version":"","display_ppi":0,"display_pixel_ratio":"1.0","benchmark_min":0,"benchmark_max":0,"general_app_category":"","general_virtual":0,"display_css_screen_sizes":["128x160"]}}}