{"Device":{"_id":"1424","hd_ops":{"is_generic":0,"stop_on_detect":0,"overlay_result_specs":0},"hd_specs":{"general_aliases":["Sony Clie PEG-UX50","Sony Clie PEG-UX50U","Sony Clie PEG-UX50E"],"display_x":"480","display_y":"320","general_vendor":"Sony","general_model":"PEG-UX50","general_platform":"","general_image":"","network":["Bluetooth 1.1","802.11b"],"general_type":"Mobile","general_battery":["Li-ion"],"general_cpu":["ARM926","123MHz"],"design_sidekeys":[],"display_other":["Touch"],"memory_internal":["40MB","16MB RAM"],"memory_slot":["Memory Stick"],"media_camera":[],"media_secondcamera":[],"media_videocapture":[],"media_videoplayback":[],"media_audio":[],"media_other":[],"features":["Alarm clock","Calendar","Calculator","Organizer","Vibration","Predictive text input","Speakerphone","Games"],"connectors":["USB 1.1","MiniUSB","3.5mm Audio"],"design_formfactor":"Swivel","design_dimensions":"103 x 86.5 x 17.9","design_weight":"175","design_antenna":"Internal","design_keyboard":"Screen, Qwerty","design_softkeys":"","display_type":"TFT","display_color":"Yes","display_colors":"65K","display_size":"3.2\"","general_eusar":"","general_platform_version":"","general_browser":"","general_browser_version":"","general_language":"","general_platform_version_max":"","general_app":"","general_app_version":"","display_ppi":180,"display_pixel_ratio":"1.0","benchmark_min":0,"benchmark_max":0,"general_app_category":"","general_virtual":0,"display_css_screen_sizes":["480x320"]}}}