{"Device":{"_id":"116","hd_ops":{"is_generic":0,"stop_on_detect":0,"overlay_result_specs":0},"hd_specs":{"general_vendor":"Samsung","general_model":"SGH-C216","general_platform":"","general_image":"samsung^sghc216.jpg","general_aliases":[],"general_eusar":"","general_battery":["Li-Ion 800 mAh"],"general_type":"Mobile","general_cpu":[],"design_formfactor":"Bar","design_dimensions":"105 x 43 x 19","design_weight":"69","design_antenna":"Internal","design_keyboard":"Numeric","design_softkeys":"2","design_sidekeys":[],"display_type":"TFT","display_color":"Yes","display_colors":"65K","display_size":"","display_x":"128","display_y":"128","display_other":[],"memory_internal":[],"memory_slot":[],"network":["GSM850","GSM1800","GSM1900","GPRS"],"media_camera":[],"media_secondcamera":[],"media_videocapture":[],"media_videoplayback":[],"media_audio":[],"media_other":[],"features":["1000 entries","Caller groups","Multiple numbers per contact","Picture ID","Ring ID","Calendar","Alarm","To-Do","Calculator","Currency converter","World clock","SMS","MMS","T9","Predictive text input","Polyphonic ringtones (40 voices)","Vibration","Voice recording","Games"],"connectors":[],"general_platform_version":"","general_browser":"","general_browser_version":"","general_language":"","general_platform_version_max":"","general_app":"","general_app_version":"","display_ppi":0,"display_pixel_ratio":"1.0","benchmark_min":0,"benchmark_max":0,"general_app_category":"","general_virtual":0,"display_css_screen_sizes":["128x128"]}}}