{"Device":{"_id":"1359","hd_ops":{"is_generic":0,"stop_on_detect":0,"overlay_result_specs":0},"hd_specs":{"general_vendor":"Palm","general_model":"Zire 72","general_platform":"Palm","general_image":"palm^zire72.jpg","general_aliases":[],"general_eusar":"","general_battery":["Li-Po 950 mAh"],"general_type":"Mobile","general_cpu":["312MHz"],"design_formfactor":"Bar","design_dimensions":"75 x 117 x 17","design_weight":"136","design_antenna":"Internal","design_keyboard":"Screen","design_softkeys":"","design_sidekeys":[],"display_type":"TFT","display_color":"Yes","display_colors":"65K","display_size":"3\"","display_x":"320","display_y":"320","display_other":[],"memory_internal":["32MB SDRAM"],"memory_slot":["MMC","SD","SDIO"],"network":["CDMA900","CDMA1800","Bluetooth 1.1"],"media_camera":["1.2MP","1280x960"],"media_secondcamera":["None"],"media_videocapture":["Yes"],"media_videoplayback":["None"],"media_audio":["MPEG"],"media_other":[],"features":["SMS","MMS","Predictive text input","Calendar","Calculator","Speakerphone","Vibration","Voice memo","Instant Messaging","Organizer","Games"],"connectors":["USB","MicroUSB"],"general_platform_version":"","general_browser":"","general_browser_version":"","general_language":"","general_platform_version_max":"","general_app":"","general_app_version":"","display_ppi":151,"display_pixel_ratio":"1.0","benchmark_min":0,"benchmark_max":0,"general_app_category":"","general_virtual":0,"display_css_screen_sizes":["320x320"]}}}