{"Device":{"_id":"1216","hd_ops":{"is_generic":0,"stop_on_detect":0,"overlay_result_specs":0},"hd_specs":{"general_vendor":"Samsung","general_model":"SPH-A523","general_platform":"","general_image":"samsung^spha523.jpg","general_aliases":["Helio Mysto"],"general_eusar":"","general_battery":["Li-Ion 880 mAh"],"general_type":"Mobile","general_cpu":[],"design_formfactor":"Slide","design_dimensions":"104 x 48 x 12","design_weight":"95","design_antenna":"Internal","design_keyboard":"Numeric","design_softkeys":"2","design_sidekeys":[],"display_type":"TFT","display_color":"Yes","display_colors":"262K","display_size":"","display_x":"240","display_y":"320","display_other":[],"memory_internal":["106MB"],"memory_slot":["microSD"],"network":["CDMA800","CDMA1900","Bluetooth 2.0"],"media_camera":["2MP"],"media_secondcamera":[],"media_videocapture":[],"media_videoplayback":["MPEG4","H.264"],"media_audio":["MP3","WAV"],"media_other":["Digital zoom","Effects"],"features":["1000 entries","Caller groups","Multiple numbers per contact","Picture ID","Ring ID","Calendar","Alarm","To-Do","Calculator","Converter","Notes","SMS","MMS","Predictive text input","E-mail","Music ringtones (MP3)","Vibration","Speakerphone","Voice dialing","Voice commands","Voice recording","Games"],"connectors":["USB"],"general_platform_version":"","general_browser":"","general_browser_version":"","general_language":"","general_platform_version_max":"","general_app":"","general_app_version":"","display_ppi":0,"display_pixel_ratio":"1.0","benchmark_min":0,"benchmark_max":0,"general_app_category":"","general_virtual":0,"display_css_screen_sizes":["240x320"]}}}