{"Device":{"_id":"1015","hd_ops":{"is_generic":0,"stop_on_detect":0,"overlay_result_specs":0},"hd_specs":{"general_vendor":"Nokia","general_model":"1100","general_platform":"","general_platform_version":"","general_browser":"","general_browser_version":"","general_image":"","general_aliases":[],"general_eusar":"0.73 Head","general_battery":["Li-Ion 850 mAh","BL-5C"],"general_type":"Mobile","general_cpu":[],"design_formfactor":"Bar","design_dimensions":"106 x 46 x 20","design_weight":"86","design_antenna":"Internal","design_keyboard":"Numeric","design_softkeys":"","design_sidekeys":[],"display_type":"Monochrome","display_color":"No","display_colors":"","display_size":"","display_x":"96","display_y":"65","display_other":[],"memory_internal":[],"memory_slot":[],"network":["GSM850","GSM1900"],"media_camera":[],"media_secondcamera":[],"media_videocapture":[],"media_videoplayback":[],"media_audio":[],"media_other":[],"features":["50 entries","Alarm","To-Do","Flashlight","Calculator","Currency converter","Stopwatch","Countdown timer","Vibration","Phone profiles","TTY\/TDD","2-way scroll key","Full display screensaver","Dynamic font size","Softkeys","SMS","Predictive text input","SMS to many","Xpress-on front and back covers","Picture messaging","Games"],"connectors":[],"general_language":"","general_platform_version_max":"","general_app":"","general_app_version":"","display_ppi":0,"display_pixel_ratio":"1.0","benchmark_min":0,"benchmark_max":0,"general_app_category":"","general_virtual":0,"display_css_screen_sizes":["96x65"]}}}