{"Device":{"_id":"1364","hd_ops":{"is_generic":0,"stop_on_detect":0,"overlay_result_specs":0},"hd_specs":{"general_aliases":[],"display_x":"240","display_y":"320","general_vendor":"Konka","general_model":"D319","general_platform":"","general_image":"konka^d319.jpg","network":["GSM900","GSM1800","GSM1900","Bluetooth","GPRS Class 10"],"general_type":"Mobile","general_eusar":"","general_battery":["Li-Ion"],"general_cpu":[],"design_formfactor":"Bar","design_dimensions":"11.6 x 1.37 x 5.25","design_weight":"98","design_antenna":"Internal","design_keyboard":"Numeric","design_softkeys":"2","design_sidekeys":[],"display_type":"TFT","display_color":"Yes","display_colors":"262K","display_size":"","display_other":["Touch"],"memory_internal":["79MB RAM"],"memory_slot":["microSD"],"media_camera":["2MP","1600x1200"],"media_secondcamera":[],"media_videocapture":["Yes"],"media_videoplayback":["Yes"],"media_audio":["MP3","MIDI","M4A"],"media_other":[],"features":["Caller Id","Email","MMS","SMS","T9","iTap predictive text input","E-Book Reader","Photo-video Editor","HandWriting Recognition","Photo Album","Voice Recorder","Games","Wallpapers","Polyphonic","Organizer"],"connectors":["USB"],"general_platform_version":"","general_browser":"","general_browser_version":"","general_language":"","general_platform_version_max":"","general_app":"","general_app_version":"","display_ppi":0,"display_pixel_ratio":"1.0","benchmark_min":0,"benchmark_max":0,"general_app_category":"","general_virtual":0,"display_css_screen_sizes":["240x320"]}}}