{"Device":{"_id":"1066","hd_ops":{"is_generic":0,"stop_on_detect":0,"overlay_result_specs":0},"hd_specs":{"general_aliases":[],"display_x":"176","display_y":"220","general_vendor":"Spice","general_model":"S820","general_platform":"","general_image":"spice^s820.jpg","network":["GSM900","GSM1800","GSM1900","GPRS Class 10","Bluetooth 2.0"],"general_type":"Mobile","general_eusar":"","general_battery":["Li-Ion 750 mAh"],"general_cpu":[],"design_formfactor":"Bar","design_dimensions":"104 x 46 x 12.40","design_weight":"80","design_antenna":"Internal","design_keyboard":"Numeric","design_softkeys":"","design_sidekeys":[],"display_type":"TFT","display_color":"Yes","display_colors":"262K","display_size":"","display_other":[],"memory_internal":["56MB"],"memory_slot":["microSD","2GB"],"media_camera":["1.3MP","1280x1024"],"media_secondcamera":["None"],"media_videocapture":["QVGA"],"media_videoplayback":[],"media_audio":["MP3","AAC","AAC+","WMR","MIDI"],"media_other":["Digital zoom","LED Flash"],"features":["Vibrating Alert","Polyphonic","SMS","MMS","E-mail","FM Radio","Live FM recording","Scheduled FM Recording","Calendar","Alarm","Calculator","Organizer","Games"],"connectors":["USB"],"general_platform_version":"","general_browser":"","general_browser_version":"","general_language":"","general_platform_version_max":"","general_app":"","general_app_version":"","display_ppi":0,"display_pixel_ratio":"1.0","benchmark_min":0,"benchmark_max":0,"general_app_category":"","general_virtual":0,"display_css_screen_sizes":["176x220"]}}}