{"Device":{"_id":"1304","hd_ops":{"is_generic":0,"stop_on_detect":0,"overlay_result_specs":0},"hd_specs":{"general_aliases":[],"display_x":"128","display_y":"128","general_vendor":"Huawei","general_model":"JATULC2","general_platform":"","general_image":"","network":["GSM900","GSM1800","GPRS"],"general_type":"Mobile","general_battery":["Li-Ion 720 mAh"],"general_cpu":[],"design_sidekeys":[],"display_other":["Second External"],"memory_internal":[],"memory_slot":[],"media_camera":["3.2MP","2048x1536"],"media_secondcamera":[],"media_videocapture":["Yes"],"media_videoplayback":[],"media_audio":[],"media_other":[],"features":["Alarm clock","Calendar","Calculator","Organizer","Speakerphone","Vibration","Stopwatch","To-Do List","Voice memo","Predictive text input","SMS","MMS","Games"],"connectors":[],"design_formfactor":"Clamshell","design_dimensions":"85 x 43.5 x 21.9","design_weight":"85","design_antenna":"External","design_keyboard":"Numeric","design_softkeys":"","display_type":"TFT","display_color":"Yes","display_colors":"65K","display_size":"1.8\"","general_eusar":"","general_platform_version":"","general_browser":"","general_browser_version":"","general_language":"","general_platform_version_max":"","general_app":"","general_app_version":"","display_ppi":101,"display_pixel_ratio":"1.0","benchmark_min":0,"benchmark_max":0,"general_app_category":"","general_virtual":0,"display_css_screen_sizes":["128x128"]}}}