{"Device":{"_id":"1411","hd_ops":{"is_generic":0,"stop_on_detect":0,"overlay_result_specs":0},"hd_specs":{"general_vendor":"LG","general_model":"KG220","general_platform":"","general_image":"lg^kg220.jpg","general_aliases":[],"general_eusar":"","general_battery":["Li-Ion 830 mAh"],"general_type":"Mobile","general_cpu":[],"design_formfactor":"Clamshell","design_dimensions":"81.8 x 43.4 x 23.3","design_weight":"73","design_antenna":"Internal","design_keyboard":"Numeric","design_softkeys":"2","design_sidekeys":["Volume"],"display_type":"TFT","display_color":"Yes","display_colors":"65K","display_size":"","display_x":"128","display_y":"128","display_other":[],"memory_internal":["2MB"],"memory_slot":[],"network":["GSM900","GSM1800","GSM1900","GPRS"],"media_camera":["VGA","640x480"],"media_secondcamera":[],"media_videocapture":[],"media_videoplayback":[],"media_audio":[],"media_other":["Digital Zoom"],"features":["500 entries","Caller groups","Multiple numbers per contact","Picture ID","Ring ID","Phonebook","Organizer","Calendar","Alarm","Calculator","Unit converter","World clock","Instant Messaging","SMS","MMS","T9","Predictive text input","Java Midp 2.0","Polyphonic ringtones (40 voices)","Vibration","Phone profiles","Voice recording"],"connectors":["2.5mm Audio"],"general_platform_version":"","general_browser":"","general_browser_version":"","general_language":"","general_platform_version_max":"","general_app":"","general_app_version":"","display_ppi":0,"display_pixel_ratio":"1.0","benchmark_min":0,"benchmark_max":0,"general_app_category":"","general_virtual":0,"display_css_screen_sizes":["128x128"]}}}