{"Device":{"_id":"110","hd_ops":{"is_generic":0,"stop_on_detect":0,"overlay_result_specs":0},"hd_specs":{"general_vendor":"Sonim","general_model":"3200","general_platform":"","general_platform_version":"","general_browser":"","general_browser_version":"","general_image":"sonim3200-1372813593-0.jpg","general_aliases":[],"general_eusar":"0.90 Head","general_battery":["Li-Ion 1750 mAh"],"general_type":"Mobile","general_cpu":[],"design_formfactor":"Bar","design_dimensions":"126 x 60 x 25","design_weight":"185","design_antenna":"Internal","design_keyboard":"Numeric","design_softkeys":"7","design_sidekeys":["Volume"],"display_type":"TFT","display_color":"Yes","display_colors":"65K","display_size":"2\"","display_x":"240","display_y":"320","display_other":["Gorilla Glass"],"memory_internal":["8GB RAM"],"memory_slot":["microSD","8GB"],"network":["GSM850","GSM900","GSM1800","GSM1900","Bluetooth 2.1","GPRS Class 10","EDGE Class 10"],"media_camera":[],"media_secondcamera":[],"media_videocapture":[],"media_videoplayback":["MPEG4","3GP"],"media_audio":["MP3","AAC","WAV"],"media_other":[],"features":["Unlimited entries","Caller groups","Multiple numbers per contact","Picture ID","Ring ID","Calendar","Alarm","Flashlight (Standalone unit)","Calculator","Music ringtones","Polyphonic ringtones","Vibration","Silent mode","Speakerphone","SMS","MMS","Email","Games"],"connectors":["3.5mm Audio","USB"],"general_language":"","general_platform_version_max":"","general_app":"","general_app_version":"","display_ppi":200,"display_pixel_ratio":"1.0","benchmark_min":0,"benchmark_max":0,"general_app_category":"","general_virtual":0,"display_css_screen_sizes":["240x320"]}}}