{"Device":{"_id":"1275","hd_ops":{"is_generic":0,"stop_on_detect":0,"overlay_result_specs":0},"hd_specs":{"general_aliases":[],"display_x":"320","display_y":"240","general_vendor":"Nexian","general_model":"NX-G922","general_platform":"","general_image":"","network":["GSM900","GSM1800","Bluetooth 2.0","GPRS Class 12"],"general_type":"Mobile","general_battery":["Li-Ion"],"general_cpu":[],"design_sidekeys":[],"display_other":[],"memory_internal":[],"memory_slot":["microSD","2GB"],"media_camera":["VGA","640x480"],"media_secondcamera":[],"media_videocapture":[],"media_videoplayback":[],"media_audio":[],"media_other":["Digital zoom"],"features":["Alarm clock","Calendar","Calculator","Organizer","Speakerphone","Vibration","Voice memo","Voice dialing","Predictive text input","T9","SMS","MMS","Email","Stopwatch","Games"],"connectors":["USB"],"design_formfactor":"Bar","design_dimensions":"","design_weight":"","design_antenna":"Internal","design_keyboard":"Qwerty","design_softkeys":"","display_type":"TFT","display_color":"Yes","display_colors":"262K","display_size":"2.4\"","general_eusar":"","general_platform_version":"","general_browser":"","general_browser_version":"","general_language":"","general_platform_version_max":"","general_app":"","general_app_version":"","display_ppi":167,"display_pixel_ratio":"1.0","benchmark_min":0,"benchmark_max":0,"general_app_category":"","general_virtual":0,"display_css_screen_sizes":["320x240"]}}}