{"Device":{"_id":"1394","hd_ops":{"is_generic":0,"stop_on_detect":0,"overlay_result_specs":0},"hd_specs":{"general_aliases":[],"display_x":"128","display_y":"160","general_vendor":"Samsung","general_model":"SGH-S205","general_platform":"","general_image":"","network":["GSM900","GSM1800","GSM1900","GPRS","Infrared"],"general_type":"Mobile","general_eusar":"","general_battery":["Li-lon"],"general_cpu":[],"design_formfactor":"Clamshell","design_dimensions":"91 x 47 x 23","design_weight":"96","design_antenna":"Internal","design_keyboard":"Numeric","design_softkeys":"2","design_sidekeys":[],"display_type":"TFT","display_color":"Yes","display_colors":"65K","display_size":"","display_other":[],"memory_internal":[],"memory_slot":[],"media_camera":["1.3MP","1280x1024"],"media_secondcamera":[],"media_videocapture":[],"media_videoplayback":[],"media_audio":[],"media_other":[],"features":["500 entries","Multiple numbers per contact","Calendar","Alarm","To-Do","Calculator","Currency converter","Games","SMS","MMS","T9","Predictive text input","Polyphonic ringtones (40 voices)","Vibration"],"connectors":[],"general_platform_version":"","general_browser":"","general_browser_version":"","general_language":"","general_platform_version_max":"","general_app":"","general_app_version":"","display_ppi":0,"display_pixel_ratio":"1.0","benchmark_min":0,"benchmark_max":0,"general_app_category":"","general_virtual":0,"display_css_screen_sizes":["128x160"]}}}