{"Device":{"_id":"1025","hd_ops":{"is_generic":0,"stop_on_detect":0,"overlay_result_specs":0},"hd_specs":{"general_aliases":[],"display_x":"40","display_y":"90","general_vendor":"Nokia","general_model":"5555","general_platform":"","general_image":"","network":["GSM850","GSM900","GSM1800","GSM1900","UMTS2100","Bluetooth 2.0","GPRS Class 10","EDGE Class 11"],"general_type":"Mobile","general_eusar":"1.13 Head","general_battery":["Li-Ion 1100 mAh"],"general_cpu":[],"design_formfactor":"Bar","design_dimensions":"110 x 49 x 19","design_weight":"116","design_antenna":"Internal","design_keyboard":"Numeric","design_softkeys":"2","design_sidekeys":["Volume","Camera","Multimedia"],"display_type":"TFT","display_color":"Yes","display_colors":"256K","display_size":"2.4\"","display_other":[],"memory_internal":["42MB","64MB"],"memory_slot":["miniSD"],"media_camera":["3.15MP","2048x1536"],"media_secondcamera":["VGA"],"media_videocapture":["CIF"],"media_videoplayback":["MPEG4","3GPP"],"media_audio":["MP3","AAC","AAC+","eAAC+","WMA","WAV"],"media_other":["Auto focus","Digital zoom","Macro mode","White balance","Scenes","Video calling","Carl Zeiss optics","LED Flash"],"features":["Unlimited entries","Multiple numbers per contact","Picture ID","Ring ID","Calendar","Alarm","To-Do","Calculator","Converter","Notes","Service lights","Music ringtones","Vibration","Phone profiles","Speakerphone","Voice dialing","Voice commands","Push-to-Talk","SMS","MMS","Email","Instant Messaging","Stereo FM radio","Visual radio","Push to talk","Video download","Predictive text input","Voice command\/dial","Organizer","Printing","Document viewer Word viewer","Excel viewer","PowerPoint viewer","PDF viewer","Photo\/video editor","Downloadable themes","Light sensor"],"connectors":["USB 2.0"],"general_platform_version":"","general_browser":"","general_browser_version":"","general_language":"","general_platform_version_max":"","general_app":"","general_app_version":"","display_ppi":41,"display_pixel_ratio":"1.0","benchmark_min":0,"benchmark_max":0,"general_app_category":"","general_virtual":0,"display_css_screen_sizes":["40x90"]}}}