{"Device":{"_id":"12575","hd_ops":{"is_generic":0,"stop_on_detect":0,"overlay_result_specs":0},"hd_specs":{"general_vendor":"DoCoMo","general_model":"SH-02C","general_platform":"","general_aliases":[],"display_x":"480","display_y":"854","general_type":"Mobile","general_image":"docomo^sh02c.jpg","general_battery":["Li-Ion"],"general_cpu":[],"design_sidekeys":[],"display_other":["Second External"],"memory_internal":[],"memory_slot":["microSD","microSDHC"],"network":["GSM900","GSM1800","GSM1900","Bluetooth","802.11b","802.11g","GPRS"],"media_camera":["9.6MP"],"media_secondcamera":["Yes"],"media_videocapture":["Yes"],"media_videoplayback":["MPEG4","3GP","H.263"],"media_audio":["MP3","MIDI","AAC"],"media_other":["Digital zoom","Auto focus","Geo tagging"],"features":["Alarm","Calendar","Calculator","Organizer","Speakerphone","Vibration","To-Do List","Currency converter","Bar code reader","Night swing talk","Document viewer PDF","Predictive text input","SMS","MMS","Email","FM radio","Games"],"connectors":["USB 2.0","MicroUSB"],"design_formfactor":"Clamshell","design_dimensions":"110 x 50 x 15","design_weight":"118","design_antenna":"Internal","design_keyboard":"Numeric","design_softkeys":"2","display_type":"","display_color":"Yes","display_colors":"","display_size":"3.2\"","general_eusar":"","general_platform_version":"","general_browser":"","general_browser_version":"","general_language":"","general_platform_version_max":"","general_app":"","general_app_version":"","display_ppi":306,"display_pixel_ratio":"1.0","benchmark_min":0,"benchmark_max":0,"general_app_category":"","general_virtual":0,"display_css_screen_sizes":["480x854"]}}}