{"Device":{"_id":"1069","hd_ops":{"is_generic":0,"stop_on_detect":0,"overlay_result_specs":0},"hd_specs":{"general_vendor":"VeryKool","general_model":"i410","general_platform":"","general_platform_version":"","general_browser":"","general_browser_version":"","general_image":"verykooli410-1358698013-3.png","general_aliases":[],"general_eusar":"","general_battery":["Li-Ion"],"general_type":"Mobile","general_cpu":[],"design_formfactor":"Clamshell","design_dimensions":"93 x 45 x 18","design_weight":"84","design_antenna":"Internal","design_keyboard":"Numeric","design_softkeys":"2","design_sidekeys":[],"display_type":"TFT","display_color":"Yes","display_colors":"","display_size":"1.8\"","display_x":"128","display_y":"160","display_other":[],"memory_internal":["32MB"],"memory_slot":["microSD","microSDHC"],"network":["GSM850","GSM900","GSM1800","GSM1900","GPRS"],"media_camera":[],"media_secondcamera":[],"media_videocapture":[],"media_videoplayback":["MP4","H.263"],"media_audio":["MP3","eAAC+"],"media_other":[],"features":["FM Radio","WebCam"],"connectors":["3.5mm Audio","USB 1.2"],"general_language":"","general_platform_version_max":"","general_app":"","general_app_version":"","display_ppi":114,"display_pixel_ratio":"1.0","benchmark_min":0,"benchmark_max":0,"general_app_category":"","general_virtual":0,"display_css_screen_sizes":["128x160"]}}}