{"Device":{"_id":"1338","hd_ops":{"is_generic":0,"stop_on_detect":0,"overlay_result_specs":0},"hd_specs":{"general_vendor":"Spice","general_model":"S707","general_platform":"","general_image":"spice^s707.jpg","general_aliases":[],"general_eusar":"","general_battery":["Li-Ion 720 mAh"],"general_type":"Mobile","general_cpu":[],"design_formfactor":"Bar","design_dimensions":"110 x 48.5 x 14.7","design_weight":"93","design_antenna":"Internal","design_keyboard":"Numeric","design_softkeys":"","design_sidekeys":[],"display_type":"TFT","display_color":"Yes","display_colors":"256K","display_size":"2.2\"","display_x":"176","display_y":"220","display_other":[],"memory_internal":["64MB"],"memory_slot":["microSD","2GB"],"network":["GSM900","GSM1800","GPRS","Bluetooth 1.2"],"media_camera":["0.3MP","640x480"],"media_secondcamera":["None"],"media_videocapture":["Yes"],"media_videoplayback":[],"media_audio":["MP3"],"media_other":["Digital zoom"],"features":["Phonebook 500 Records","500 SMS Storage","FM Radio","Games","SMS","EMS","MMS","Email","Ambient light sensor"],"connectors":["USB"],"general_platform_version":"","general_browser":"","general_browser_version":"","general_language":"","general_platform_version_max":"","general_app":"","general_app_version":"","display_ppi":128,"display_pixel_ratio":"1.0","benchmark_min":0,"benchmark_max":0,"general_app_category":"","general_virtual":0,"display_css_screen_sizes":["176x220"]}}}