{"Device":{"_id":"1189","hd_ops":{"is_generic":0,"stop_on_detect":0,"overlay_result_specs":0},"hd_specs":{"general_vendor":"InfoSonics","general_model":"VeryKool I250","general_platform":"","general_platform_version":"","general_platform_version_max":"","general_browser":"","general_browser_version":"","general_image":"infosonicsverykooli250-1431053213-0.jpg","general_aliases":["InfoSonics VeryKool"],"general_eusar":"","general_battery":["Li-Ion"],"general_type":"Mobile","general_cpu":[],"design_formfactor":"Bar","design_dimensions":"103 x 51 x 14.7","design_weight":"90.7","design_antenna":"Internal","design_keyboard":"Screen","design_softkeys":"","design_sidekeys":[],"display_type":"TFT","display_color":"Yes","display_colors":"262K","display_size":"2.4\"","display_x":"240","display_y":"320","display_ppi":167,"display_pixel_ratio":"1.0","display_other":["Touch"],"memory_internal":["512MB","256MB"],"memory_slot":["T-Flash"],"network":["Bluetooth","GSM800","GSM1200","GPRS Class 10","EDGE"],"media_camera":["2MP","1600x1200"],"media_secondcamera":["None"],"media_videocapture":["Yes"],"media_videoplayback":["MPEG-4","H.263"],"media_audio":["MP3","AAC","AAC+","E-Playback"],"media_other":[],"features":["PC Sync","Web Cam","Calendar","Appointments","Predictive Text Input","Unit & Currency Converter","Sound Recording","Polyphonic","SMS","MMS","Email","Push mail","Organizer","Games","Alarm","Calculator"],"connectors":["USB"],"benchmark_min":0,"benchmark_max":0,"general_app":"","general_app_version":"","general_app_category":"","general_language":"","general_virtual":0,"display_css_screen_sizes":["240x320"]}}}