{"Device":{"_id":"1103","hd_ops":{"is_generic":0,"stop_on_detect":0,"overlay_result_specs":0},"hd_specs":{"general_vendor":"Motorola","general_model":"ZN200","general_platform":"","general_image":"motorola^zn200.jpg","general_aliases":[],"general_eusar":"","general_battery":["Li-Ion 810 mAh","BC-50"],"general_type":"Mobile","general_cpu":[],"design_formfactor":"Slide","design_dimensions":"105 x 47 x 15.9","design_weight":"115","design_antenna":"Internal","design_keyboard":"Numeric","design_softkeys":"2","design_sidekeys":[],"display_type":"TFT","display_color":"Yes","display_colors":"256K","display_size":"1.9\"","display_x":"176","display_y":"220","display_other":[],"memory_internal":["30MB"],"memory_slot":["microSD","2GB"],"network":["GSM850","GSM900","GSM1800","GSM1900","GPRS Class 12","EDGE Class 12","Bluetooth 2.0"],"media_camera":["2MP","1600x1200"],"media_secondcamera":[],"media_videocapture":["Yes"],"media_videoplayback":["Yes"],"media_audio":["MP3","WMA","eAAC+"],"media_other":["Digital zoom"],"features":["Caller groups","Multiple numbers per contact","Picture ID","Ring ID","Calculator","Currency Converter","Photocall","SMS","MMS","Email","FM radio with RDS","MotoID music recognition","CrystalTalk Technology","Organizer","Voice memo"],"connectors":["2.5mm Audio","MiniUSB","USB 2.0"],"general_platform_version":"","general_browser":"","general_browser_version":"","general_language":"","general_platform_version_max":"","general_app":"","general_app_version":"","display_ppi":148,"display_pixel_ratio":"1.0","benchmark_min":0,"benchmark_max":0,"general_app_category":"","general_virtual":0,"display_css_screen_sizes":["176x220"]}}}