{"Device":{"_id":"12453","hd_ops":{"is_generic":0,"stop_on_detect":0,"overlay_result_specs":0},"hd_specs":{"general_vendor":"DoCoMo","general_model":"SH-04A","general_platform":"","general_aliases":[],"display_x":"480","display_y":"854","general_type":"Mobile","general_image":"docomo^sh04a.jpg","general_battery":["Li-Ion"],"general_cpu":[],"design_sidekeys":[],"display_other":["Capacitive","Touch","Multitouch"],"memory_internal":["256MB","128MB RAM"],"memory_slot":["microSD","microSDHC","32GB"],"network":["GSM850","GSM900","GSM1800","GSM1900","UMTS1700","UMTS2100","HSDPA","Bluetooth 2.0","802.11b","802.11g","GPRS"],"media_camera":["5MP","2592x1944"],"media_secondcamera":["None"],"media_videocapture":["Yes"],"media_videoplayback":["3GP","MPEG4","MJPG"],"media_audio":[],"media_other":[],"features":["Alarm","Calendar","Calculator","Speakerphone","Vibration","Voice memo","SMS","MMS","Email","Predictive text input","Games"],"connectors":["USB 2.0","3.5mm Audio"],"design_formfactor":"Side Slide","design_dimensions":"54 x 114 x 16.3","design_weight":"140","design_antenna":"Internal","design_keyboard":"Screen, Qwerty","design_softkeys":"","display_type":"TFT","display_color":"Yes","display_colors":"16M","display_size":"3.5\"","general_eusar":"","general_platform_version":"","general_browser":"","general_browser_version":"","general_language":"","general_platform_version_max":"","general_app":"","general_app_version":"","display_ppi":280,"display_pixel_ratio":"1.0","benchmark_min":0,"benchmark_max":0,"general_app_category":"","general_virtual":0,"display_css_screen_sizes":["480x854"]}}}