{"Device":{"_id":"1437","hd_ops":{"is_generic":0,"stop_on_detect":0,"overlay_result_specs":0},"hd_specs":{"general_vendor":"Pantech","general_model":"C630","general_platform":"","general_image":"pantech^c630.jpg","general_aliases":[],"general_eusar":"","general_battery":["Li-Ion 920 mAh"],"general_type":"Mobile","general_cpu":["None"],"design_formfactor":"Bar","design_dimensions":"104 x 43 x 11.70","design_weight":"132","design_antenna":"Internal","design_keyboard":"Numeric","design_softkeys":"","design_sidekeys":[],"display_type":"TFT","display_color":"Yes","display_colors":"256K","display_size":"1.76\"","display_x":"176","display_y":"220","display_other":[],"memory_internal":[],"memory_slot":["microSD","microSDHC","16GB"],"network":["GSM850","GSM900","GSM1800","GSM1900","GPRS","Bluetooth 1.2"],"media_camera":["1.3MP","1280x1024"],"media_secondcamera":[],"media_videocapture":[],"media_videoplayback":[],"media_audio":["AAC","AAC+","WAV"],"media_other":[],"features":["SMS","EMS","MMS","T9","e-mail client","Organizer"],"connectors":["USB"],"general_platform_version":"","general_browser":"","general_browser_version":"","general_language":"","general_platform_version_max":"","general_app":"","general_app_version":"","display_ppi":160,"display_pixel_ratio":"1.0","benchmark_min":0,"benchmark_max":0,"general_app_category":"","general_virtual":0,"display_css_screen_sizes":["176x220"]}}}