{"Device":{"_id":"1055","hd_ops":{"is_generic":0,"stop_on_detect":0,"overlay_result_specs":0},"hd_specs":{"general_vendor":"LG","general_model":"KB620","general_platform":"","general_platform_version":"","general_browser":"","general_browser_version":"","general_image":"","general_aliases":["LG HB620T","LG HB620"],"general_eusar":"0.11","general_battery":["Li-Ion 1000 mAh"],"general_type":"Mobile","general_cpu":[],"design_formfactor":"Clamshell","design_dimensions":"88.5 x 55 x 18","design_weight":"103","design_antenna":"Internal","design_keyboard":"Numeric","design_softkeys":"2","design_sidekeys":["Volume","Camera"],"display_type":"TFT","display_color":"Yes","display_colors":"262K","display_size":"2\"","display_x":"320","display_y":"240","display_other":[],"memory_internal":["102MB"],"memory_slot":["microSD"],"network":["GSM900","GSM1800","GSM1900","UMTS2100","HSDPA","EDGE","Bluetooth 2.0","A2DP","AVCTP","AVDTP","AVRCP","BPP","DUN","GAP","GAVDP","HFP","HSP","OPP","SPP"],"media_camera":["2MP"],"media_secondcamera":[],"media_videocapture":[],"media_videoplayback":["MPEG4","H.264","WMV"],"media_audio":["MP3","AAC","AAC+","eAAC+","WMA","WAV"],"media_other":[],"features":[],"connectors":["USB"],"general_language":"","general_platform_version_max":"","general_app":"","general_app_version":"","display_ppi":200,"display_pixel_ratio":"1.0","benchmark_min":0,"benchmark_max":0,"general_app_category":"","general_virtual":0,"display_css_screen_sizes":["320x240"]}}}