{"Device":{"_id":"1414","hd_ops":{"is_generic":0,"stop_on_detect":0,"overlay_result_specs":0},"hd_specs":{"general_vendor":"LG","general_model":"CU320","general_platform":"","general_image":"lg^cu320.jpeg","general_aliases":[],"general_eusar":"","general_battery":["Li-Ion 1000 mAh"],"general_type":"Mobile","general_cpu":[],"design_formfactor":"Slide","design_dimensions":"97 x 48 x 24","design_weight":"120","design_antenna":"External","design_keyboard":"Numeric","design_softkeys":"2","design_sidekeys":["Volume","Camera"],"display_type":"TFT","display_color":"Yes","display_colors":"262K","display_size":"","display_x":"176","display_y":"220","display_other":[],"memory_internal":["15MB"],"memory_slot":["microSD"],"network":["GSM850","GSM1800","GSM1900","UMTS850","UMTS1900","HSDPA850","HSDPA1900","GPRS Class 10","EDGE Class 10","Bluetooth 1.1"],"media_camera":["1.3MP","1280x1024"],"media_secondcamera":[],"media_videocapture":["QVGA"],"media_videoplayback":[],"media_audio":["MP3"],"media_other":["Digital zoom","Multi shot","Effects","Self-timer","LED Flash"],"features":["Caller groups","Multiple numbers per contact","Picture ID","Ring ID","Calendar","Alarm","To-Do","Calculator","Tip calculator","Unit converter","World clock","Stopwatch","SMS","MMS","T9","Predictive text input","Music ringtones (MP3)","Polyphonic ringtones (72 voices)","Vibration","Speakerphone","Voice recording","TTY\/TDD","Games"],"connectors":["2.5mm Audio"],"general_platform_version":"","general_browser":"","general_browser_version":"","general_language":"","general_platform_version_max":"","general_app":"","general_app_version":"","display_ppi":0,"display_pixel_ratio":"1.0","benchmark_min":0,"benchmark_max":0,"general_app_category":"","general_virtual":0,"display_css_screen_sizes":["176x220"]}}}