{"Device":{"_id":"1430","hd_ops":{"is_generic":0,"stop_on_detect":0,"overlay_result_specs":0},"hd_specs":{"general_vendor":"LG","general_model":"KE850","general_platform":"","general_image":"lg^ke850.jpg","general_aliases":["LG Prada"],"general_eusar":"","general_battery":["Li-Ion 800 mAh"],"general_type":"Mobile","general_cpu":[],"design_formfactor":"Bar","design_dimensions":"98.8 x 54 x 12","design_weight":"85","design_antenna":"Internal","design_keyboard":"Numeric","design_softkeys":"","design_sidekeys":[],"display_type":"TFT","display_color":"Yes","display_colors":"262K","display_size":"3\"","display_x":"240","display_y":"400","display_other":["Capacitive","Touch","Flash UI"],"memory_internal":["8MB RAM"],"memory_slot":["microSD","2GB"],"network":["GSM900","GSM1800","GSM1900","Bluetooth"],"media_camera":["2MP","1600x1200"],"media_secondcamera":[],"media_videocapture":["Yes"],"media_videoplayback":[],"media_audio":[],"media_other":["Schneider-Kreuznach optics","Auto focus","LED flash"],"features":["SMS","EMS","MMS","Email","MP3 player","Document viewer","Document Word","Document Excel","Document PowerPoint","Document PDF","Organizer","Voice memo","Instant messaging","Predictive Text Input","Internet Browsing","Received Call","Missed Call","Dialed Call","Calculator","Clock","Alarms"],"connectors":["USB 2.0","MHL"],"general_platform_version":"","general_browser":"","general_browser_version":"","general_language":"","general_platform_version_max":"","general_app":"","general_app_version":"","display_ppi":155,"display_pixel_ratio":"1.0","benchmark_min":0,"benchmark_max":0,"general_app_category":"","general_virtual":0,"display_css_screen_sizes":["240x400"]}}}