{"Device":{"_id":"1116","hd_ops":{"is_generic":0,"stop_on_detect":0,"overlay_result_specs":0},"hd_specs":{"general_vendor":"Nokia","general_model":"7110","general_platform":"","general_image":"nokia^7110.jpg","general_aliases":[],"general_eusar":"","general_battery":["Li-Ion 900 mAh","BLS-2N"],"general_type":"Mobile","general_cpu":[],"design_formfactor":"Bar","design_dimensions":"125 x 53 x 24","design_weight":"141","design_antenna":"Internal","design_keyboard":"Numeric","design_softkeys":"","design_sidekeys":[],"display_type":"Monochrome","display_color":"No","display_colors":"","display_size":"","display_x":"96","display_y":"44","display_other":[],"memory_internal":[],"memory_slot":[],"network":["GSM900","GSM1800"],"media_camera":[],"media_secondcamera":[],"media_videocapture":[],"media_videoplayback":[],"media_audio":[],"media_other":[],"features":["SMS","Internet Browsing WAP","T9","Navi roller","Organizer","Downloadable Monophonic ringtones","Email","Call Received","Call Dialed","Missed Call","Calendar","Calculator","Alarms","Instant Messaging","Games","Java"],"connectors":["2.5mm Audio"],"general_platform_version":"","general_browser":"","general_browser_version":"","general_language":"","general_platform_version_max":"","general_app":"","general_app_version":"","display_ppi":0,"display_pixel_ratio":"1.0","benchmark_min":0,"benchmark_max":0,"general_app_category":"","general_virtual":0,"display_css_screen_sizes":["96x44"]}}}