{"Device":{"_id":"1114","hd_ops":{"is_generic":0,"stop_on_detect":0,"overlay_result_specs":0},"hd_specs":{"general_vendor":"TiPhone","general_model":"T30","general_platform":"","general_platform_version":"","general_browser":"","general_browser_version":"","general_image":"tiphonet30-1357235260-0.jpg","general_aliases":[],"general_eusar":"","general_battery":["Li-Ion 800 mAh"],"general_type":"Mobile","general_cpu":[],"design_formfactor":"Bar","design_dimensions":"108.5 x 56 x 12.8","design_weight":"","design_antenna":"Internal","design_keyboard":"Qwerty","design_softkeys":"","design_sidekeys":[],"display_type":"QCIF","display_color":"Yes","display_colors":"","display_size":"2\"","display_x":"320","display_y":"240","display_other":[],"memory_internal":[],"memory_slot":["microSD","4GB"],"network":["GSM900","GSM1800"],"media_camera":["0.3MP","640x480"],"media_secondcamera":[],"media_videocapture":["MP4"],"media_videoplayback":[],"media_audio":["MP3","MIDI","WAV","AMR"],"media_other":[],"features":[],"connectors":[],"general_language":"","general_platform_version_max":"","general_app":"","general_app_version":"","display_ppi":200,"display_pixel_ratio":"1.0","benchmark_min":0,"benchmark_max":0,"general_app_category":"","general_virtual":0,"display_css_screen_sizes":["320x240"]}}}