{"Device":{"_id":"1006","hd_ops":{"is_generic":0,"stop_on_detect":0,"overlay_result_specs":0},"hd_specs":{"general_vendor":"VK Mobile","general_model":"VK2030","general_platform":"","general_image":"","general_aliases":[],"general_eusar":"","general_battery":["Li-Ion 710 mAh"],"general_type":"Mobile","general_cpu":[],"design_formfactor":"Bar","design_dimensions":"107 x 48 x 11.70","design_weight":"","design_antenna":"Internal","design_keyboard":"Numeric","design_softkeys":"","design_sidekeys":[],"display_type":"TFT","display_color":"Yes","display_colors":"256K","display_size":"1.8\"","display_x":"128","display_y":"160","display_other":[],"memory_internal":["64MB"],"memory_slot":["microSD"],"network":["GSM900","GSM1800","GSM1900","GPRS Class 10","Bluetooth 1.2"],"media_camera":["1.3MP","1280x1024"],"media_secondcamera":[],"media_videocapture":[],"media_videoplayback":[],"media_audio":["MP3","AAC"],"media_other":[],"features":["SMS","EMS","MMS","Email","Games","Predictive text input","Organizer","Voice memo"],"connectors":["USB 1.1"],"general_platform_version":"","general_browser":"","general_browser_version":"","general_language":"","general_platform_version_max":"","general_app":"","general_app_version":"","display_ppi":114,"display_pixel_ratio":"1.0","benchmark_min":0,"benchmark_max":0,"general_app_category":"","general_virtual":0,"display_css_screen_sizes":["128x160"]}}}