{"Device":{"_id":"1264","hd_ops":{"is_generic":0,"stop_on_detect":0,"overlay_result_specs":0},"hd_specs":{"general_vendor":"LG","general_model":"420G","general_platform":"","general_platform_version":"","general_browser":"","general_browser_version":"","general_image":"lg420g-1372672252-0.png","general_aliases":[],"general_eusar":"","general_battery":["Li-Ion 1500 mAh"],"general_type":"Mobile","general_cpu":["1.0GHz"],"design_formfactor":"Slide","design_dimensions":"121 x 64 x 13","design_weight":"160","design_antenna":"Internal","design_keyboard":"Qwerty","design_softkeys":"","design_sidekeys":[],"display_type":"TFT","display_color":"Yes","display_colors":"","display_size":"3.5\"","display_x":"176","display_y":"220","display_other":["Capacitive","Touch","Touch Buttons","Multitouch"],"memory_internal":[],"memory_slot":["microSD","32GB","2GB"],"network":["GSM850","GSM900","GSM1800","GSM1900","HSDPA1700","HSDPA2100","UMTS1700","UMTS2100","802.11b","802.11g","802.11n","Bluetooth 3.0"],"media_camera":["5MP","2560x1920"],"media_secondcamera":[],"media_videocapture":["Yes"],"media_videoplayback":["MPEG4","H.263","H.264"],"media_audio":["MP3","WAV","WMA","eAAC+"],"media_other":["Geo-tagging","LED Flash"],"features":["Organizer","Document viewer (Word","Excel","PowerPoint","PDF)","Google Search","Maps","Gmail","YouTube","Calendar","Google Talk","Picasa integration Voice memo","Voice dialing","Voice commands","Predictive text input (Swype)","Java MIDP emulator","SMS","Threaded viewer","MMS","Email","Push Email","IM","Stereo FM radio with RDS","HTML","Games","Accelerometer sensor for UI auto-rotate","Proximity sensor for auto turn-off","Calculator","Alarms","Accelerometer","Compass"],"connectors":["MicroUSB","3.5mm Audio","USB"],"general_platform_version_max":"","general_app":"","general_app_version":"","general_language":"","display_ppi":80,"display_pixel_ratio":"1.0","benchmark_min":0,"benchmark_max":0,"general_app_category":"","general_virtual":0,"display_css_screen_sizes":["176x220"]}}}