{"Device":{"_id":"1180","hd_ops":{"is_generic":0,"stop_on_detect":0,"overlay_result_specs":0},"hd_specs":{"general_vendor":"Fly","general_model":"MC100","general_platform":"","general_image":"fly^mc100.jpg","general_aliases":[],"general_eusar":"","general_battery":["Li-Ion 1050 mAh"],"general_type":"Mobile","general_cpu":["None"],"design_formfactor":"Bar","design_dimensions":"111.40 x 50.20 x 15","design_weight":"106","design_antenna":"Internal","design_keyboard":"Numeric","design_softkeys":"","design_sidekeys":[],"display_type":"TFT","display_color":"Yes","display_colors":"256K","display_size":"","display_x":"240","display_y":"320","display_other":[],"memory_internal":["23MB RAM"],"memory_slot":["microSD"],"network":["GSM900","GSM1800","GSM1900","GPRS","Bluetooth 1.2"],"media_camera":["2MP","1600x1200"],"media_secondcamera":["None"],"media_videocapture":["@352x288"],"media_videoplayback":[],"media_audio":["iMelody","WAV","AMR","AAC"],"media_other":[],"features":["SMS","EMS","Organizer","MMS"],"connectors":["USB"],"general_platform_version":"","general_browser":"","general_browser_version":"","general_language":"","general_platform_version_max":"","general_app":"","general_app_version":"","display_ppi":0,"display_pixel_ratio":"1.0","benchmark_min":0,"benchmark_max":0,"general_app_category":"","general_virtual":0,"display_css_screen_sizes":["240x320"]}}}