{"Device":{"_id":"1306","hd_ops":{"is_generic":0,"stop_on_detect":0,"overlay_result_specs":0},"hd_specs":{"general_aliases":[],"display_x":"128","display_y":"160","general_vendor":"Malata","general_model":"MT126","general_platform":"","general_image":"malata^mt126.jpg","network":["GSM900","GSM1800","GPRS Class 10"],"general_type":"Mobile","general_eusar":"","general_battery":["Li-Ion 1000 mAh"],"general_cpu":[],"design_formfactor":"Bar","design_dimensions":"10.6 x 1.38 x 4.6","design_weight":"80.8","design_antenna":"Internal","design_keyboard":"Numeric","design_softkeys":"2","design_sidekeys":[],"display_type":"TFT","display_color":"Yes","display_colors":"65K","display_size":"","display_other":[],"memory_internal":["506KB RAM"],"memory_slot":["MicroSD"],"media_camera":["1MP","640x480"],"media_secondcamera":[],"media_videocapture":["Yes"],"media_videoplayback":["H.263","MPEG4"],"media_audio":["MP3","MIDI","M4A","AMR","WMA"],"media_other":["Digital zoom"],"features":["Call Barring","Call Divert","Call Wait","Caller Id","Conference Call","MMS","SMS","Integrated speakerphone","Multiple languages","OS","T9","iTap predictive text input","Integrated handsfree","Alarm","Calculator","Calender","Currency Convertor","E-Book Reader","Stopwatch","Voice Memo","Picture Viewer","HandWriting Recognition","Photo Album","Voice Recorder","Fm Radio","Games","Screen Savers","Themes","Wallpapers","Windows Media Player","Polyphonic","Organizer"],"connectors":["USB"],"general_platform_version":"","general_browser":"","general_browser_version":"","general_language":"","general_platform_version_max":"","general_app":"","general_app_version":"","display_ppi":0,"display_pixel_ratio":"1.0","benchmark_min":0,"benchmark_max":0,"general_app_category":"","general_virtual":0,"display_css_screen_sizes":["128x160"]}}}