{"Device":{"_id":"1109","hd_ops":{"is_generic":0,"stop_on_detect":0,"overlay_result_specs":0},"hd_specs":{"general_vendor":"Sanyo","general_model":"SCP5150","general_platform":"","general_platform_version":"","general_platform_version_max":"","general_browser":"","general_browser_version":"","general_image":"","general_aliases":[],"general_eusar":"","general_battery":["Li-Ion"],"general_type":"Mobile","general_cpu":[],"design_formfactor":"Clamshell","design_dimensions":"94 x 48 x 28","design_weight":"116","design_antenna":"Internal","design_keyboard":"Numeric","design_softkeys":"","design_sidekeys":[],"display_type":"LCD","display_color":"Yes","display_colors":"262K","display_size":"","display_x":"120","display_y":"128","display_ppi":0,"display_pixel_ratio":"1.0","display_other":[],"memory_internal":[],"memory_slot":[],"network":["CDMA1900","AMPS800"],"media_camera":[],"media_secondcamera":[],"media_videocapture":[],"media_videoplayback":[],"media_audio":[],"media_other":[],"features":["Phonebook 300 entries","Multiple numbers per contact","Picture ID","Ring ID","Organizer","Calendar","Alarm","To-Do","Calculator","T9","Games","Computer sync","Vibration","Phone profiles","Voice dialing","Voice recording"],"connectors":[],"benchmark_min":0,"benchmark_max":0,"general_app":"","general_app_version":"","general_app_category":"","general_language":"","general_virtual":0,"display_css_screen_sizes":["120x128"]}}}