{"Device":{"_id":"1313","hd_ops":{"is_generic":0,"stop_on_detect":0,"overlay_result_specs":0},"hd_specs":{"general_vendor":"SonyEricsson","general_model":"R306","general_platform":"","general_platform_version":"","general_browser":"","general_browser_version":"","general_image":"sonyericssonr306-1360565993-0.jpg","general_aliases":[],"general_eusar":"0.71","general_battery":["Li-Po 930 mAh"],"general_type":"Mobile","general_cpu":[],"design_formfactor":"Clamshell","design_dimensions":"90 x 47.9 x 15.8","design_weight":"93","design_antenna":"Internal","design_keyboard":"Numeric","design_softkeys":"2","design_sidekeys":["Volume"],"display_type":"TFT","display_color":"Yes","display_colors":"65K","display_size":"1.9\"","display_x":"128","display_y":"160","display_other":[],"memory_internal":["5MB"],"memory_slot":[],"network":["GPRS Class 10","Bluetooth","GSM900","GSM1800","GSM1900"],"media_camera":["1.3MP","1280 x 1024"],"media_secondcamera":[],"media_videocapture":["Yes"],"media_videoplayback":[],"media_audio":["MP3"],"media_other":[],"features":["FM Radio","SMS","MMS","Email","TrackID","Predictive text input","Picture editor","Voice memo","Organizer","Stopwatch","Calculator","Calendar","MP3","Ringtones","Games"],"connectors":["USB"],"general_language":"","general_platform_version_max":"","general_app":"","general_app_version":"","display_ppi":108,"display_pixel_ratio":"1.0","benchmark_min":0,"benchmark_max":0,"general_app_category":"","general_virtual":0,"display_css_screen_sizes":["128x160"]}}}