{"Device":{"_id":"1350","hd_ops":{"is_generic":0,"stop_on_detect":0,"overlay_result_specs":0},"hd_specs":{"general_vendor":"Alcatel","general_model":"Glamphone Elle","general_platform":"","general_image":"alcatel^glamphoneelle.","general_aliases":[],"general_eusar":"0.86","general_battery":["Li-Ion 720 mAh"],"general_type":"Mobile","general_cpu":[],"design_formfactor":"Bar","design_dimensions":"91.7 x 45 x 20.8","design_weight":"85","design_antenna":"Internal","design_keyboard":"Screen","design_softkeys":"2","design_sidekeys":[],"display_type":"TFT","display_color":"Yes","display_colors":"65K","display_size":"1.8\"","display_x":"128","display_y":"160","display_other":[],"memory_internal":["10MB RAM"],"memory_slot":["microSD","2GB"],"network":["GSM900","GSM1800","GPRS Class 10","Bluetooth 2.0"],"media_camera":["1.3MP","1280x1024"],"media_secondcamera":[],"media_videocapture":["Yes"],"media_videoplayback":["MP4","H.264"],"media_audio":["MP3","AAC","AAC+"],"media_other":[],"features":["Calendar","Alarm","Calculator","Currency converter","SMS (500 messages)","MMS","T9","Predictive text input","Games","Advanced Audio Distribution (A2DP)","Music ringtones (MP3)","Polyphonic ringtones (64 voices)","Vibration","Flight mode","Speakerphone"],"connectors":["MiniUSB 2.0"],"general_platform_version":"","general_browser":"","general_browser_version":"","general_language":"","general_platform_version_max":"","general_app":"","general_app_version":"","display_ppi":114,"display_pixel_ratio":"1.0","benchmark_min":0,"benchmark_max":0,"general_app_category":"","general_virtual":0,"display_css_screen_sizes":["128x160"]}}}