{"Device":{"_id":"1144","hd_ops":{"is_generic":0,"stop_on_detect":0,"overlay_result_specs":0},"hd_specs":{"general_vendor":"Nokia","general_model":"7160","general_platform":"","general_image":"nokia^7160.jpg","general_aliases":["Nokia 7190"],"general_eusar":"","general_battery":["Li-Po 6000 mAh"],"general_type":"Mobile","general_cpu":[],"design_formfactor":"Slide","design_dimensions":"124 x 53 x 24","design_weight":"139","design_antenna":"External","design_keyboard":"Numeric","design_softkeys":"2","design_sidekeys":[],"display_type":"","display_color":"No","display_colors":"","display_size":"","display_x":"90","display_y":"40","display_other":[],"memory_internal":[],"memory_slot":[],"network":["AMPS800","TDMA800","TDMA1900","Infrared"],"media_camera":[],"media_secondcamera":[],"media_videocapture":[],"media_videoplayback":[],"media_audio":[],"media_other":[],"features":["Multiple numbers per contact","Organizer","Calculator","Currency converter","Alarm","To-Do","Calendar","SMS","T9","Games","Computer Synchronization","Phone Profile","Voice Dialing"],"connectors":[],"general_platform_version":"","general_browser":"","general_browser_version":"","general_language":"","general_platform_version_max":"","general_app":"","general_app_version":"","display_ppi":0,"display_pixel_ratio":"1.0","benchmark_min":0,"benchmark_max":0,"general_app_category":"","general_virtual":0,"display_css_screen_sizes":["90x40"]}}}