{"Device":{"_id":"1056","hd_ops":{"is_generic":0,"stop_on_detect":0,"overlay_result_specs":0},"hd_specs":{"general_vendor":"Avio","general_model":"209","general_platform":"","general_platform_version":"","general_browser":"","general_browser_version":"","general_image":"avio209-1361155951-0.jpg","general_aliases":["Avio A209"],"general_eusar":"","general_battery":["Li-Ion 1000mAh"],"general_type":"Mobile","general_cpu":[],"design_formfactor":"Bar","design_dimensions":"109 x 46.5 x 14.5","design_weight":"75","design_antenna":"Internal","design_keyboard":"Numeric","design_softkeys":"","design_sidekeys":[],"display_type":"LCD","display_color":"Yes","display_colors":"262K","display_size":"2.4\"","display_x":"128","display_y":"92","display_other":[],"memory_internal":[],"memory_slot":["microSD","4GB"],"network":["GSM900","GSM1800","Bluetooth"],"media_camera":[],"media_secondcamera":[],"media_videocapture":[],"media_videoplayback":["AVI","3GP","MP4"],"media_audio":["MP3"],"media_other":[],"features":["FM Radio","Polyphonic Ringtones","SMS","MMS","Dual Sim","Calendar","Clock","Alarm","Calculator and Stop watch","Vibrating Alert"],"connectors":["USB"],"general_language":"","general_platform_version_max":"","general_app":"","general_app_version":"","display_ppi":66,"display_pixel_ratio":"1.0","benchmark_min":0,"benchmark_max":0,"general_app_category":"","general_virtual":0,"display_css_screen_sizes":["128x92"]}}}