{"Device":{"_id":"1408","hd_ops":{"is_generic":0,"stop_on_detect":0,"overlay_result_specs":0},"hd_specs":{"general_vendor":"Palm","general_model":"Treo 650","general_platform":"Palm","general_image":"palm^treo650.jpg","general_aliases":[],"general_eusar":"","general_battery":["Li-Ion"],"general_type":"Mobile","general_cpu":["312MHz"],"design_formfactor":"Bar","design_dimensions":"113 x 59 x 23","design_weight":"178","design_antenna":"External","design_keyboard":"Screen, Qwerty","design_softkeys":"","design_sidekeys":["Volume"],"display_type":"TFT","display_color":"Yes","display_colors":"65K","display_size":"2.4\"","display_x":"320","display_y":"320","display_other":["Resistive","Touch"],"memory_internal":["23MB"],"memory_slot":["SD","SDIO","MMC","2GB"],"network":["GSM850","GSM900","GSM1800","GSM1900","Infrared","Bluetooth","GPRS Class 10","EDGE Class 10"],"media_camera":["VGA","640x480"],"media_secondcamera":[],"media_videocapture":["Yes"],"media_videoplayback":[],"media_audio":["MP3","MIDI"],"media_other":["Digital zoom","Mirror"],"features":["Multiple numbers per contact","Picture ID","Ring ID","Calendar","Alarm","To-Do","Calculator","Memo","Computer sync","Vibration","Speakerphone","TTY\/TDD","Five-way navigation button","SMS","MMS","Email","Organizer","World Clock","Games"],"connectors":["USB","2.5mm Audio"],"general_platform_version":"5.4","general_browser":"","general_browser_version":"","general_language":"","general_platform_version_max":"","general_app":"","general_app_version":"","display_ppi":189,"display_pixel_ratio":"1.0","benchmark_min":0,"benchmark_max":0,"general_app_category":"","general_virtual":0,"display_css_screen_sizes":["320x320"]}}}