{"Device":{"_id":"1052","hd_ops":{"is_generic":0,"stop_on_detect":0,"overlay_result_specs":0},"hd_specs":{"general_vendor":"LG","general_model":"KM330","general_platform":"","general_platform_version":"","general_browser":"","general_browser_version":"","general_image":"lgkm330-1359535517-0.jpg","general_aliases":[],"general_eusar":"","general_battery":["Li-Ion 900 mAh"],"general_type":"Mobile","general_cpu":[],"design_formfactor":"Bar","design_dimensions":"108.2 x 47.2 x 13.8","design_weight":"84","design_antenna":"Internal","design_keyboard":"Numeric","design_softkeys":"2","design_sidekeys":[],"display_type":"TFT","display_color":"Yes","display_colors":"256K","display_size":"2\"","display_x":"240","display_y":"320","display_other":[],"memory_internal":["90MB RAM"],"memory_slot":["microSD","8GB"],"network":["GSM900","GSM1800","GSM1900","Bluetooth 2.0","GPRS Class 10"],"media_camera":["3.15MP","2048x1536"],"media_secondcamera":[],"media_videocapture":["Yes"],"media_videoplayback":["MP4"],"media_audio":["MP3"],"media_other":["Auto focus","LED flash"],"features":["SMS","MMS","Rhythmic Light","Organizer","Voice memo","Predictive text input","FM radio","Internet Browsing WAP 2.0\/xHTML","10 dialed","10 received","10 missed calls","1000 entries","Photo call","Vibration","Downloadable polyphonic","MP3 Ringtones"],"connectors":["USB 2.0"],"general_platform_version_max":"","general_app":"","general_app_version":"","general_language":"","display_ppi":200,"display_pixel_ratio":"1.0","benchmark_min":0,"benchmark_max":0,"general_app_category":"","general_virtual":0,"display_css_screen_sizes":["240x320"]}}}