{"Device":{"_id":"1318","hd_ops":{"is_generic":0,"stop_on_detect":0,"overlay_result_specs":0},"hd_specs":{"general_aliases":[],"display_x":"120","display_y":"160","general_vendor":"LG","general_model":"CU8280","general_platform":"","general_image":"","network":["CDMA800","CDMA1900","AMPS800"],"general_type":"Mobile","general_battery":["Li-Ion 850 mAh"],"general_cpu":[],"design_sidekeys":[],"display_other":["Second External Mono"],"memory_internal":[],"memory_slot":[],"media_camera":["VGA","640x480"],"media_secondcamera":[],"media_videocapture":[],"media_videoplayback":[],"media_audio":[],"media_other":[],"features":["Call Wait","Caller Id","EMS","MMS","SMS","T9","Alarm","Calculator","Calender","Clock","Organiser","Voice Recorder","Games"],"connectors":[],"design_formfactor":"Clamshell","design_dimensions":"87 x 43 x 24","design_weight":"88","design_antenna":"External","design_keyboard":"Numeric","design_softkeys":"","display_type":"TFT","display_color":"Yes","display_colors":"65K","display_size":"","general_eusar":"","general_platform_version":"","general_browser":"","general_browser_version":"","general_language":"","general_platform_version_max":"","general_app":"","general_app_version":"","display_ppi":0,"display_pixel_ratio":"1.0","benchmark_min":0,"benchmark_max":0,"general_app_category":"","general_virtual":0,"display_css_screen_sizes":["120x160"]}}}