{"Device":{"_id":"13718","hd_ops":{"is_generic":0,"stop_on_detect":0,"overlay_result_specs":0},"hd_specs":{"general_vendor":"DoCoMo","general_model":"SH-04C","general_platform":"","general_aliases":[],"display_x":"480","display_y":"854","general_type":"Mobile","general_image":"docomo^sh04c.jpg","general_battery":["Li-Ion"],"general_cpu":[],"design_sidekeys":[],"display_other":["Second External"],"memory_internal":[],"memory_slot":["microSD","microSDHC","16GB"],"network":["GSM800","GSM1800","GSM1900","Bluetooth 2.0","GPRS Class 10","EDGE Class 10"],"media_camera":["9.6MP"],"media_secondcamera":[],"media_videocapture":["Yes"],"media_videoplayback":["MPEG4","3GP"],"media_audio":["MP3"],"media_other":["Digital zoom","Auto focus"],"features":["Alarm","Calendar","Calculator","Stopwatch","Speakerphone","To-Do List","Voice memo","Voice dialing","Predictive text input","SMS","MMS","Email","Instant messaging","FM radio","Games"],"connectors":["USB 2.0","MicroUSB","3.5mm Audio"],"design_formfactor":"Clamshell","design_dimensions":"110 x 50 x 17.9","design_weight":"129","design_antenna":"Internal","design_keyboard":"Numeric","design_softkeys":"","display_type":"LCD","display_color":"Yes","display_colors":"16M","display_size":"3.2\"","general_eusar":"","general_platform_version":"","general_browser":"","general_browser_version":"","general_language":"","general_platform_version_max":"","general_app":"","general_app_version":"","display_ppi":306,"display_pixel_ratio":"1.0","benchmark_min":0,"benchmark_max":0,"general_app_category":"","general_virtual":0,"display_css_screen_sizes":["480x854"]}}}