{"Device":{"_id":"1227","hd_ops":{"is_generic":0,"stop_on_detect":0,"overlay_result_specs":0},"hd_specs":{"general_vendor":"LG","general_model":"KE600E","general_platform":"","general_image":"lg^ke600e.jpg","general_aliases":[],"general_eusar":"","general_battery":["Li-Ion 950 mAh"],"general_type":"Mobile","general_cpu":[],"design_formfactor":"Slide","design_dimensions":"97 x 46 x 18.9","design_weight":"90","design_antenna":"Internal","design_keyboard":"Numeric","design_softkeys":"2","design_sidekeys":[],"display_type":"TFT","display_color":"Yes","display_colors":"256K","display_size":"2\"","display_x":"240","display_y":"320","display_other":[],"memory_internal":["70MB"],"memory_slot":["microSD","128MB"],"network":["GSM900","GSM1800","GSM1900","Bluetooth 1.2","GPRS Class 10","EDGE Class 10"],"media_camera":["2MP","1600x1200"],"media_secondcamera":["None"],"media_videocapture":["QCIF"],"media_videoplayback":["3GP"],"media_audio":["MP3","AAC","AAC+","AAC++","WAV"],"media_other":["Auto focus","Digital zoom","Macro mode","LED flash"],"features":["Caller groups","Multiple numbers per contact","Picture ID","Ring ID","Calculator","Tip Calculator","World Clock","Stopwatch","Memo","Alarm","Calendar","SMS","EMS","MMS","Email","FM radio","Games","Predictive text input","Organizer","Voice memo","Downloadable Games","received Call","missed call","dialed call"],"connectors":["USB"],"general_platform_version":"","general_browser":"","general_browser_version":"","general_language":"","general_platform_version_max":"","general_app":"","general_app_version":"","display_ppi":200,"display_pixel_ratio":"1.0","benchmark_min":0,"benchmark_max":0,"general_app_category":"","general_virtual":0,"display_css_screen_sizes":["240x320"]}}}