{"Device":{"_id":"1193","hd_ops":{"is_generic":0,"stop_on_detect":0,"overlay_result_specs":0},"hd_specs":{"general_vendor":"Ericsson","general_model":"A2628","general_platform":"","general_image":"ericsson^a2628.jpg","general_aliases":[],"general_eusar":"","general_battery":["BSC-11"],"general_type":"Mobile","general_cpu":[],"design_formfactor":"Bar","design_dimensions":"131 x 51 x 25","design_weight":"140","design_antenna":"External","design_keyboard":"Numeric","design_softkeys":"","design_sidekeys":[],"display_type":"Monochrome","display_color":"No","display_colors":"","display_size":"","display_x":"101","display_y":"54","display_other":[],"memory_internal":[],"memory_slot":[],"network":["GSM900","GSM1800"],"media_camera":[],"media_secondcamera":[],"media_videocapture":[],"media_videoplayback":[],"media_audio":[],"media_other":[],"features":["Watch","Alarm","Calculator","Calendar","SMS","Clock","3Games (Tetris","Erix","Labirinth)","Voice dial","Voice answer","Custom pictures","Stopwatch","Profiles","Snap-On Covers"],"connectors":[],"general_platform_version":"","general_browser":"","general_browser_version":"","general_language":"","general_platform_version_max":"","general_app":"","general_app_version":"","display_ppi":0,"display_pixel_ratio":"1.0","benchmark_min":0,"benchmark_max":0,"general_app_category":"","general_virtual":0,"display_css_screen_sizes":["101x54"]}}}