{"Device":{"_id":"1259","hd_ops":{"is_generic":0,"stop_on_detect":0,"overlay_result_specs":0},"hd_specs":{"general_aliases":[],"display_x":"176","display_y":"220","general_vendor":"Lenovo","general_model":"V800","general_platform":"","general_image":"lenovo^v800.jpg","network":["GPRS"],"general_type":"Mobile","general_eusar":"","general_battery":["Li-lon"],"general_cpu":[],"design_formfactor":"Clamshell","design_dimensions":"0.99 x 0.15 x 0.5","design_weight":"89","design_antenna":"Internal","design_keyboard":"Numeric","design_softkeys":"2","design_sidekeys":[],"display_type":"TFT","display_color":"Yes","display_colors":"65K","display_size":"","display_other":[],"memory_internal":["128MB RAM"],"memory_slot":[],"media_camera":["Immobile"],"media_secondcamera":[],"media_videocapture":["1280 X 960 (1 - 1.5mp)"],"media_videoplayback":[],"media_audio":["MP3","M4A"],"media_other":[],"features":["Call Divert","Call Wait","Caller Id","Picture Caller Id","Video Calling","Internet Browsing WAP 2.0","Email","MMS","SMS","Voice dialing","Alarm","Calculator","Calendar","Clock","Currency Converter","E-Book Reader","Photo-video Editor","Voice Recorder","Unit Converter","Call received","Call Dialled","Missed Calls","Games","Screen Savers","300 Phonebook Capacity","Polyphonic","Vibration","Headset","Lithium Ion Battery","Travel Charger","User Manual"],"connectors":["USB"],"general_platform_version":"","general_browser":"","general_browser_version":"","general_language":"","general_platform_version_max":"","general_app":"","general_app_version":"","display_ppi":0,"display_pixel_ratio":"1.0","benchmark_min":0,"benchmark_max":0,"general_app_category":"","general_virtual":0,"display_css_screen_sizes":["176x220"]}}}