{"Device":{"_id":"1125","hd_ops":{"is_generic":0,"stop_on_detect":0,"overlay_result_specs":0},"hd_specs":{"general_vendor":"ZTE","general_model":"G X960","general_platform":"","general_platform_version":"","general_browser":"","general_browser_version":"","general_image":"ztegx960-1406178262-0.png","general_aliases":[],"general_eusar":"","general_battery":["Li-Ion"],"general_type":"Mobile","general_cpu":[],"design_formfactor":"Bar","design_dimensions":"92.6 x 52.3 x 16","design_weight":"84","design_antenna":"Internal","design_keyboard":"Screen","design_softkeys":"2","design_sidekeys":[],"display_type":"TFT","display_color":"Yes","display_colors":"65K","display_size":"2.4\"","display_x":"240","display_y":"320","display_other":["Touch"],"memory_internal":["2GB RAM"],"memory_slot":["microSD"],"network":["GSM900","GSM1800","Bluetooth","GPRS"],"media_camera":["1.3MP","1280x1024"],"media_secondcamera":[],"media_videocapture":["Yes"],"media_videoplayback":[],"media_audio":["MP3","MPEG4"],"media_other":[],"features":["Organizer","Built-in handsfree","Voice memo","T9","Games","SMS","MMS","500 contacts","Photo call","30 dialed","30 received","30 missed"],"connectors":["USB"],"general_platform_version_max":"","general_app":"","general_app_version":"","general_language":"","display_ppi":167,"display_pixel_ratio":"1.0","benchmark_min":0,"benchmark_max":0,"general_app_category":"","general_virtual":0,"display_css_screen_sizes":["240x320"]}}}