{"Device":{"_id":"1123","hd_ops":{"is_generic":0,"stop_on_detect":0,"overlay_result_specs":0},"hd_specs":{"general_vendor":"LG","general_model":"LX400","general_platform":"","general_image":"lg^lx400.jpeg","general_aliases":[],"general_eusar":"","general_battery":["Li-Ion 1000 mAh"],"general_type":"Mobile","general_cpu":[],"design_formfactor":"Clamshell","design_dimensions":"88 x 47 x 21","design_weight":"90","design_antenna":"Internal","design_keyboard":"Numeric","design_softkeys":"2","design_sidekeys":["Volume","Camera"],"display_type":"TFT","display_color":"Yes","display_colors":"262K","display_size":"1.8\"","display_x":"128","display_y":"160","display_other":["Second External"],"memory_internal":["18MB"],"memory_slot":[],"network":["CDMA800","CDMA1900","Bluetooth 1.2"],"media_camera":["1.3MP","1280x1024"],"media_secondcamera":[],"media_videocapture":[],"media_videoplayback":[],"media_audio":["MP3"],"media_other":["Digital zoom"],"features":["500 entries","Caller groups","Multiple numbers per contact","Picture ID","Ring ID","Calendar","Alarm","Calculator","World clock","Notepad","SMS","MMS","T9","Predictive text input","Email","Music ringtones (MP3)","Vibration","Phone profiles","Speakerphone","Voice dialing","Voice commands","Voice recording","TTY\/TDD","Push-to-Talk","Games"],"connectors":["USB","MicroUSB","2.5mm Audio"],"general_platform_version":"","general_browser":"","general_browser_version":"","general_language":"","general_platform_version_max":"","general_app":"","general_app_version":"","display_ppi":114,"display_pixel_ratio":"1.0","benchmark_min":0,"benchmark_max":0,"general_app_category":"","general_virtual":0,"display_css_screen_sizes":["128x160"]}}}