{"Device":{"_id":"1392","hd_ops":{"is_generic":0,"stop_on_detect":0,"overlay_result_specs":0},"hd_specs":{"general_vendor":"LG","general_model":"U310","general_platform":"","general_image":"lg^u310.jpg","general_aliases":[],"general_eusar":"","general_battery":["Li-Ion"],"general_type":"Mobile","general_cpu":[],"design_formfactor":"Clamshell","design_dimensions":"94 x 49 x 18.3","design_weight":"89","design_antenna":"Internal","design_keyboard":"Numeric","design_softkeys":"","design_sidekeys":[],"display_type":"TFT","display_color":"Yes","display_colors":"262K","display_size":"2\"","display_x":"176","display_y":"220","display_other":["Second External"],"memory_internal":[],"memory_slot":["microSD"],"network":["GSM900","GSM1800","GSM1900","UMTS2100","Bluetooth 1.1","GPRS"],"media_camera":["1.3MP","1280x1024"],"media_secondcamera":["None"],"media_videocapture":["QCIF"],"media_videoplayback":["MPEG4","H.263","H.264","WMV"],"media_audio":["MP3","AAC","WMA","WAV"],"media_other":["Digital zoom","Video calling"],"features":["500 entries","Caller groups","Multiple numbers per contact","Picture ID","Ring ID","Calendar","Alarm","To-Do","Calculator","Computer sync","Music ringtones (MP3)","Polyphonic ringtones (72 voices)","Vibration","Phone profiles","Speakerphone","Voice recording","Downloadable wallpapers","SMS","EMS","MMS","Email","Video telephony","Predictive text input","Organizer","Games"],"connectors":["USB"],"general_platform_version":"","general_browser":"","general_browser_version":"","general_language":"","general_platform_version_max":"","general_app":"","general_app_version":"","display_ppi":141,"display_pixel_ratio":"1.0","benchmark_min":0,"benchmark_max":0,"general_app_category":"","general_virtual":0,"display_css_screen_sizes":["176x220"]}}}