{"Device":{"_id":"1310","hd_ops":{"is_generic":0,"stop_on_detect":0,"overlay_result_specs":0},"hd_specs":{"general_vendor":"Fly","general_model":"E310","general_platform":"","general_image":"","general_aliases":["Fly Attitude"],"general_eusar":"","general_battery":["Li-Ion 750 mAh"],"general_type":"Mobile","general_cpu":["None"],"design_formfactor":"Slide","design_dimensions":"106 x 52.50 x 12.40","design_weight":"115","design_antenna":"Internal","design_keyboard":"Numeric","design_softkeys":"","design_sidekeys":[],"display_type":"TFT","display_color":"Yes","display_colors":"256K","display_size":"2.4\"","display_x":"240","display_y":"320","display_other":[],"memory_internal":["87MB RAM"],"memory_slot":["microSD","microSDHC"],"network":["GSM850","GSM900","GSM1800","GSM1900","GPRS Class 12","Bluetooth 2.0"],"media_camera":["3.2MP","2048x1536"],"media_secondcamera":[],"media_videocapture":["352x288"],"media_videoplayback":[],"media_audio":["AAC","AAC+","WAV","AMR"],"media_other":[],"features":["SMS","EMS","MMS","Organizer","e-mail client"],"connectors":["USB"],"general_platform_version":"","general_browser":"","general_browser_version":"","general_language":"","general_platform_version_max":"","general_app":"","general_app_version":"","display_ppi":167,"display_pixel_ratio":"1.0","benchmark_min":0,"benchmark_max":0,"general_app_category":"","general_virtual":0,"display_css_screen_sizes":["240x320"]}}}