{"Device":{"_id":"1085","hd_ops":{"is_generic":0,"stop_on_detect":0,"overlay_result_specs":0},"hd_specs":{"general_aliases":[],"display_x":"128","display_y":"160","general_vendor":"Motorola","general_model":"300","general_platform":"","general_image":"motorola^300.jpg","network":["GSM900","GSM1800","GSM1900","GPRS"],"general_type":"Mobile","general_eusar":"","general_battery":["Li-Ion 650 mAh"],"general_cpu":[],"design_formfactor":"Clamshell","design_dimensions":"89 x 49 x 25","design_weight":"121","design_antenna":"External","design_keyboard":"Numeric","design_softkeys":"2","design_sidekeys":[],"display_type":"TFT","display_color":"Yes","display_colors":"65K","display_size":"","display_other":[],"memory_internal":["5MB RAM"],"memory_slot":[],"media_camera":[],"media_secondcamera":[],"media_videocapture":[],"media_videoplayback":[],"media_audio":[],"media_other":[],"features":["Internet Browser WAP 2.0\/xHTML","1000 entries","Multiple numbers per contact","Picture ID","Ring ID","Calendar","Alarm","To-Do","Calculator","SMS","MMS (iTAP)","Predictive text input","IMAP","POP3","SMTP","Java MIDP 2.0","JAVA downloadable","Computer sync","SyncML","USB","Polyphonic ringtones (24 voices)","Vibration","Phone profiles","Speakerphone","Voice dialing","Voice commands","Voice recording","TTY\/TDD"],"connectors":[],"general_platform_version":"","general_browser":"","general_browser_version":"","general_language":"","general_platform_version_max":"","general_app":"","general_app_version":"","display_ppi":0,"display_pixel_ratio":"1.0","benchmark_min":0,"benchmark_max":0,"general_app_category":"","general_virtual":0,"display_css_screen_sizes":["128x160"]}}}