{"Device":{"_id":"137","hd_ops":{"is_generic":0,"stop_on_detect":0,"overlay_result_specs":0},"hd_specs":{"general_aliases":[],"display_x":"128","display_y":"160","general_vendor":"Lobster","general_model":"485","general_platform":"","general_image":"lobster^485.jpg","network":["GPRS","GSM800","GSM1200"],"general_type":"Mobile","general_eusar":"","general_battery":["Li-Ion"],"general_cpu":[],"design_formfactor":"Clamshell","design_dimensions":"78 x 38 x 22","design_weight":"68","design_antenna":"External","design_keyboard":"Numeric","design_softkeys":"2","design_sidekeys":[],"display_type":"TFT","display_color":"Yes","display_colors":"262K","display_size":"","display_other":["Second External"],"memory_internal":["6.4MB RAM"],"memory_slot":[],"media_camera":["VGA","640x480"],"media_secondcamera":[],"media_videocapture":["Yes"],"media_videoplayback":["Yes"],"media_audio":["MP3"],"media_other":[],"features":["Alarm clock","Calculator","Converter","Date and time notation","Phonebook","Photo phonebook","Reminder list","Vibration","Polyphonic","Games","Photo album","MMS","Predictive Text Input","T9","SMS","4-way navigation key","Organizer"],"connectors":["USB"],"general_platform_version":"","general_browser":"","general_browser_version":"","general_language":"","general_platform_version_max":"","general_app":"","general_app_version":"","display_ppi":0,"display_pixel_ratio":"1.0","benchmark_min":0,"benchmark_max":0,"general_app_category":"","general_virtual":0,"display_css_screen_sizes":["128x160"]}}}