{"Device":{"_id":"1362","hd_ops":{"is_generic":0,"stop_on_detect":0,"overlay_result_specs":0},"hd_specs":{"general_vendor":"BenQ-Siemens","general_model":"P51","general_platform":"","general_image":"benqsiemens^p51.jpg","general_aliases":[],"general_eusar":"","general_battery":["Li-Ion 1370 mAh"],"general_type":"Mobile","general_cpu":["416MHz"],"design_formfactor":"Bar","design_dimensions":"122 x 60 x 20","design_weight":"170","design_antenna":"Internal","design_keyboard":"Qwerty","design_softkeys":"2","design_sidekeys":[],"display_type":"TFT","display_color":"Yes","display_colors":"262K","display_size":"2.8\"","display_x":"240","display_y":"320","display_other":["Resistive","Touch"],"memory_internal":["64MB","192MB"],"memory_slot":["MMC","SDIO"],"network":["GSM850","GSM900","GSM1800","GSM1900","Bluetooth 1.2","802.11b","802.11g","GPRS Class 10"],"media_camera":["1.3MP","1280x1024"],"media_secondcamera":["None"],"media_videocapture":["QCIF"],"media_videoplayback":["MPEG4","H.264","WMV","3GP"],"media_audio":["MP3","AAC","AAC+","WMA","WAV","AMR"],"media_other":["Digital zoom","LED Flash"],"features":["Unlimited entries","Multiple numbers per contact","Picture ID","Ring ID","Calendar","Alarm","To-Do","Calculator","Notes","Music ringtones (MP3)","Polyphonic ringtones (64 voices)","Vibration","Phone profiles","Speakerphone","Voice dialing","Voice commands","Voice recording","5-way navigation stick","SMS","MMS","Handwriting recognition","Pocket Office","Word viewer","Excel viewer","PowerPoint viewer","PDF viewer","Games"],"connectors":["2.5mm Audio","USB"],"general_platform_version":"","general_browser":"","general_browser_version":"","general_language":"","general_platform_version_max":"","general_app":"","general_app_version":"","display_ppi":143,"display_pixel_ratio":"1.0","benchmark_min":0,"benchmark_max":0,"general_app_category":"","general_virtual":0,"display_css_screen_sizes":["240x320"]}}}