{"Device":{"_id":"1092","hd_ops":{"is_generic":0,"stop_on_detect":0,"overlay_result_specs":0},"hd_specs":{"general_vendor":"Haier","general_model":"M260","general_platform":"","general_image":"haier^m260.jpg","general_aliases":[],"general_eusar":"","general_battery":["Li-Ion 650 mAh"],"general_type":"Mobile","general_cpu":[],"design_formfactor":"Bar","design_dimensions":"104 x 46.5 x 16.8","design_weight":"95","design_antenna":"Internal","design_keyboard":"Numeric","design_softkeys":"2","design_sidekeys":[],"display_type":"TFT","display_color":"Yes","display_colors":"65K","display_size":"1.8\"","display_x":"128","display_y":"160","display_other":["Resistive","Touch"],"memory_internal":[],"memory_slot":["miniSD"],"network":["GSM900","GSM1800","GPRS Class 10"],"media_camera":["2MP","1600x1200"],"media_secondcamera":["None"],"media_videocapture":["Yes"],"media_videoplayback":["MPEG4","3GP"],"media_audio":["MP3","AAC","AAC+","WMA","WAV"],"media_other":[],"features":["Currency Converter","Calculator","Calendar","Handwriting recognition","SMS","MMS","Email","FM radio","Games","PC Sync","TTS","Voice memo","Organizer","Predictive text input"],"connectors":["USB"],"general_platform_version":"","general_browser":"","general_browser_version":"","general_language":"","general_platform_version_max":"","general_app":"","general_app_version":"","display_ppi":114,"display_pixel_ratio":"1.0","benchmark_min":0,"benchmark_max":0,"general_app_category":"","general_virtual":0,"display_css_screen_sizes":["128x160"]}}}