{"Device":{"_id":"1352","hd_ops":{"is_generic":0,"stop_on_detect":0,"overlay_result_specs":0},"hd_specs":{"general_aliases":[],"display_x":"128","display_y":"160","general_vendor":"LG","general_model":"LG150","general_platform":"","general_image":"lg^lg150.jpg","network":["GSM850","GSM900","GSM1800","GSM1900","GPRS"],"general_type":"Mobile","general_eusar":"","general_battery":["Li-Ion 800 mAh"],"general_cpu":[],"design_formfactor":"Clamshell","design_dimensions":"88 x 47 x 19","design_weight":"81","design_antenna":"Internal","design_keyboard":"Numeric","design_softkeys":"2","design_sidekeys":["Volume"],"display_type":"TFT","display_color":"Yes","display_colors":"65K","display_size":"1.5\"","display_other":[],"memory_internal":[],"memory_slot":[],"media_camera":[],"media_secondcamera":[],"media_videocapture":[],"media_videoplayback":[],"media_audio":[],"media_other":[],"features":["FM radio","WAP 2.0","xHTML","500 entries","Caller groups","Multiple numbers per contact","Picture ID","Ring ID","Calendar","Alarm","To-Do","Calculator","Tip calculator","Unit converter","World clock","Stopwatch","Notepad","SMS","T9","Polyphonic ringtones","Vibration","Phone profiles","Speakerphone","Voice recording","TTY\/TDD"],"connectors":[],"general_platform_version":"","general_browser":"","general_browser_version":"","general_language":"","general_platform_version_max":"","general_app":"","general_app_version":"","display_ppi":137,"display_pixel_ratio":"1.0","benchmark_min":0,"benchmark_max":0,"general_app_category":"","general_virtual":0,"display_css_screen_sizes":["128x160"]}}}