{"Device":{"_id":"1051","hd_ops":{"is_generic":0,"stop_on_detect":0,"overlay_result_specs":0},"hd_specs":{"general_vendor":"Bird","general_model":"D611","general_platform":"","general_platform_version":"","general_browser":"","general_browser_version":"","general_image":"birdd611-1360555701-0.jpg","general_aliases":[],"general_eusar":"","general_battery":["Li-Ion 650 mAh"],"general_type":"Mobile","general_cpu":[],"design_formfactor":"Bar","design_dimensions":"105.5 x 44 x 12.2","design_weight":"71.4","design_antenna":"Internal","design_keyboard":"Numeric","design_softkeys":"","design_sidekeys":[],"display_type":"TFT","display_color":"Yes","display_colors":"65K","display_size":"1.8\"","display_x":"128","display_y":"160","display_other":[],"memory_internal":["60MB"],"memory_slot":["microSD"],"network":["GSM900","GSM1800","Bluetooth","GPRS Class 12"],"media_camera":["1.3MP","1280x1024"],"media_secondcamera":["None"],"media_videocapture":["Yes"],"media_videoplayback":["None"],"media_audio":["MP3","MP4"],"media_other":["Digital Zoom"],"features":["SMS","EMS","MMS","FM Radio","Audio Recorder","Data\/Fax Modem","FR","HR","EFR","AMR Voice codecs","Games"],"connectors":["USB"],"general_language":"","general_platform_version_max":"","general_app":"","general_app_version":"","display_ppi":114,"display_pixel_ratio":"1.0","benchmark_min":0,"benchmark_max":0,"general_app_category":"","general_virtual":0,"display_css_screen_sizes":["128x160"]}}}