{"Device":{"_id":"1395","hd_ops":{"is_generic":0,"stop_on_detect":0,"overlay_result_specs":0},"hd_specs":{"general_aliases":[],"display_x":"240","display_y":"320","general_vendor":"TiPhone","general_model":"E88","general_platform":"","general_image":"tiphone^e88.jpg","network":["GSM800","GSM1900","802.11b","802.11g","Bluetooth","GPRS Class 10","EDGE"],"general_type":"Mobile","general_eusar":"","general_battery":["Li-Ion"],"general_cpu":[],"design_formfactor":"Bar","design_dimensions":"103 x 57 x 11.8","design_weight":"105","design_antenna":"Internal","design_keyboard":"Qwerty","design_softkeys":"","design_sidekeys":[],"display_type":"TFT","display_color":"Yes","display_colors":"262K","display_size":"2.2\"","display_other":[],"memory_internal":[],"memory_slot":["microSD","2GB"],"media_camera":["VGA","640x480"],"media_secondcamera":["2MP"],"media_videocapture":["Yes"],"media_videoplayback":["MP4","H.263","MPEG4"],"media_audio":["MP3","AAC","eAAC+","AAC+","WMA"],"media_other":["Night Mode","LED Flash","Frame"],"features":["5-Way Button","Qwerty Keyboard","Email","Office","eBuddy Facebook","Yahoo messenger","Mobinity","Themes","Caller ID","Profile ID","MMS","EMS","SMS","FM Radio","Alarm","Calculator","Calendar","Organizer","Games"],"connectors":["USB"],"general_platform_version":"","general_browser":"","general_browser_version":"","general_language":"","general_platform_version_max":"","general_app":"","general_app_version":"","display_ppi":182,"display_pixel_ratio":"1.0","benchmark_min":0,"benchmark_max":0,"general_app_category":"","general_virtual":0,"display_css_screen_sizes":["240x320"]}}}