{"Device":{"_id":"1420","hd_ops":{"is_generic":0,"stop_on_detect":0,"overlay_result_specs":0},"hd_specs":{"general_vendor":"Palm","general_model":"Tungsten C","general_platform":"Palm","general_image":"palm^tungstenc.jpg","general_aliases":[],"general_eusar":"","general_battery":["Li-Po 1500 mAh"],"general_type":"Mobile","general_cpu":["400MHz"],"design_formfactor":"Bar","design_dimensions":"78 x 121 x 17","design_weight":"178","design_antenna":"Internal","design_keyboard":"Qwerty","design_softkeys":"","design_sidekeys":[],"display_type":"TFT","display_color":"Yes","display_colors":"65K","display_size":"3\"","display_x":"320","display_y":"320","display_other":[],"memory_internal":["64MB RAM","16MB ROM"],"memory_slot":["MMC","SD","SDIO"],"network":["CDMA900","CDMA1900","802.11b"],"media_camera":[],"media_secondcamera":[],"media_videocapture":[],"media_videoplayback":[],"media_audio":[],"media_other":[],"features":["SMS","MMS","Instant Messaging","Alarm clock","Calendar","Calculator","Speakerphone","Vibration","Voice memo","Predictive text input","Organizer","Games"],"connectors":["USB 1.1"],"general_platform_version":"","general_browser":"","general_browser_version":"","general_language":"","general_platform_version_max":"","general_app":"","general_app_version":"","display_ppi":151,"display_pixel_ratio":"1.0","benchmark_min":0,"benchmark_max":0,"general_app_category":"","general_virtual":0,"display_css_screen_sizes":["320x320"]}}}