{"Device":{"_id":"1158","hd_ops":{"is_generic":0,"stop_on_detect":0,"overlay_result_specs":0},"hd_specs":{"general_vendor":"Fly","general_model":"M130","general_platform":"","general_image":"","general_aliases":[],"general_eusar":"","general_battery":["Li-Ion 580 mAh"],"general_type":"Mobile","general_cpu":[],"design_formfactor":"Clamshell","design_dimensions":"85.10 x 44.10 x 16.30","design_weight":"70","design_antenna":"Internal","design_keyboard":"Numeric","design_softkeys":"","design_sidekeys":[],"display_type":"TFT","display_color":"Yes","display_colors":"64K","display_size":"1.8\"","display_x":"128","display_y":"160","display_other":[],"memory_internal":["121MB"],"memory_slot":["None"],"network":["GSM900","GSM1800","GPRS Class 10"],"media_camera":["VGA","640x480"],"media_secondcamera":["None"],"media_videocapture":["Yes"],"media_videoplayback":["None"],"media_audio":["AAC","AAC+","AMR","WAV"],"media_other":[],"features":["SMS","EMS","MMS","Email","Alarm","Calculator","Currency converter","Organizer","Calendar","Screensaver","Recorder","Vibration","Games"],"connectors":["USB"],"general_platform_version":"","general_browser":"","general_browser_version":"","general_language":"","general_platform_version_max":"","general_app":"","general_app_version":"","display_ppi":114,"display_pixel_ratio":"1.0","benchmark_min":0,"benchmark_max":0,"general_app_category":"","general_virtual":0,"display_css_screen_sizes":["128x160"]}}}