{"Device":{"_id":"1378","hd_ops":{"is_generic":0,"stop_on_detect":0,"overlay_result_specs":0},"hd_specs":{"general_aliases":[],"display_x":"128","display_y":"160","general_vendor":"Kyocera","general_model":"KZ 830","general_platform":"","general_image":"pending.png","network":["CDMA800","CDMA1900","AMPS800"],"general_type":"Mobile","general_eusar":"","general_battery":["Li-ion 740 mAh"],"general_cpu":[],"design_formfactor":"Clamshell","design_dimensions":"","design_weight":"93","design_antenna":"External","design_keyboard":"Numeric","design_softkeys":"2","design_sidekeys":[],"display_type":"TFT","display_color":"Yes","display_colors":"65K","display_size":"","display_other":["Second External"],"memory_internal":[],"memory_slot":[],"media_camera":[],"media_secondcamera":[],"media_videocapture":[],"media_videoplayback":[],"media_audio":[],"media_other":[],"features":["Caller ID","Alarm clock","Calendar","Calculator","Organizer","Speakerphone","Predictive text input","Vibration","Voice memo","Games"],"connectors":[],"general_platform_version":"","general_browser":"","general_browser_version":"","general_language":"","general_platform_version_max":"","general_app":"","general_app_version":"","display_ppi":0,"display_pixel_ratio":"1.0","benchmark_min":0,"benchmark_max":0,"general_app_category":"","general_virtual":0,"display_css_screen_sizes":["128x160"]}}}