{"Device":{"_id":"1113","hd_ops":{"is_generic":0,"stop_on_detect":0,"overlay_result_specs":0},"hd_specs":{"general_aliases":[],"display_x":"128","display_y":"160","general_vendor":"Videocon","general_model":"V1301","general_platform":"","general_image":"videocon^v1301.jpg","network":["GSM900","GSM1800","GPRS Class 12"],"general_type":"Mobile","general_eusar":"","general_battery":["Li-ion"],"general_cpu":[],"design_formfactor":"Bar","design_dimensions":"99.5 x 44.5 x 13.8","design_weight":"","design_antenna":"Internal","design_keyboard":"Numeric","design_softkeys":"2","design_sidekeys":[],"display_type":"TFT","display_color":"Yes","display_colors":"65K","display_size":"1.8\"","display_other":[],"memory_internal":[],"memory_slot":["microSD","2GB"],"media_camera":[],"media_secondcamera":[],"media_videocapture":[],"media_videoplayback":[],"media_audio":["MP3","WAV","MIDI","AMR"],"media_other":[],"features":["Speakerphone","FM on Loudspeaker and Stereo FM Recording","SMS","MMS","EMS","Alarm","Calendar","Calculator","Predictive Text","Games"],"connectors":[],"general_platform_version":"","general_browser":"","general_browser_version":"","general_language":"","general_platform_version_max":"","general_app":"","general_app_version":"","display_ppi":114,"display_pixel_ratio":"1.0","benchmark_min":0,"benchmark_max":0,"general_app_category":"","general_virtual":0,"display_css_screen_sizes":["128x160"]}}}