{"Device":{"_id":"1314","hd_ops":{"is_generic":0,"stop_on_detect":0,"overlay_result_specs":0},"hd_specs":{"general_aliases":[],"display_x":"128","display_y":"160","general_vendor":"Hisense","general_model":"HS C3698","general_platform":"","general_image":"","network":[],"general_type":"Mobile","general_eusar":"","general_battery":["Li-lon"],"general_cpu":[],"design_formfactor":"","design_dimensions":"0.9 x 0.24 x 0.48","design_weight":"99","design_antenna":"External","design_keyboard":"Screen","design_softkeys":"2","design_sidekeys":[],"display_type":"TFT","display_color":"Yes","display_colors":"65K","display_size":"","display_other":[],"memory_internal":["2MB RAM"],"memory_slot":[],"media_camera":["Immobile"],"media_secondcamera":[],"media_videocapture":["VGA"],"media_videoplayback":[],"media_audio":[],"media_other":[],"features":["Directional Pad","Call Divert","Call Wait","Caller Id","Email","SMS","Photo caller ID","T9","Alarm","Calculator","Calender","Clock","Currency Convertor","Call Received","Call Dialled","Missed Call","Games","Screen Savers","Wallpapers","500 Phonebook Capacity","Vibration","Included Accessories","Lithium Ion Battery","Travel Charger"],"connectors":["USB"],"general_platform_version":"","general_browser":"","general_browser_version":"","general_language":"","general_platform_version_max":"","general_app":"","general_app_version":"","display_ppi":0,"display_pixel_ratio":"1.0","benchmark_min":0,"benchmark_max":0,"general_app_category":"","general_virtual":0,"display_css_screen_sizes":["128x160"]}}}