{"Device":{"_id":"1195","hd_ops":{"is_generic":0,"stop_on_detect":0,"overlay_result_specs":0},"hd_specs":{"general_vendor":"LG","general_model":"KP220","general_platform":"","general_image":"lg^kp220.jpg","general_aliases":[],"general_eusar":"","general_battery":["Li-Ion 750 mAh"],"general_type":"Mobile","general_cpu":[],"design_formfactor":"Bar","design_dimensions":"103 x 46 x 12","design_weight":"72","design_antenna":"Internal","design_keyboard":"Numeric","design_softkeys":"","design_sidekeys":[],"display_type":"TFT","display_color":"Yes","display_colors":"262K","display_size":"1.7\"","display_x":"128","display_y":"160","display_other":[],"memory_internal":["60MB"],"memory_slot":["microSD"],"network":["GSM900","GSM1800","GSM1900","Bluetooth 2.0","GPRS Class 10","EDGE"],"media_camera":["1.3MP","1280x1024"],"media_secondcamera":[],"media_videocapture":["Yes"],"media_videoplayback":[],"media_audio":["MP3","MP4"],"media_other":[],"features":["Caller groups","Multiple numbers per contact","Picture ID","Ring ID","Calendar","Alarm","To-Do","Calculator","Unit converter","World clock","Stopwatch","Memo","Music ringtones (MP3)","Polyphonic ringtones (64 voices)","Vibration","Phone profiles","Speakerphone","SMS","EMS","MMS","FM radio","Music dedicated key","Predictive text input","Organizer","Voice memo","Games"],"connectors":["USB"],"general_platform_version":"","general_browser":"","general_browser_version":"","general_language":"","general_platform_version_max":"","general_app":"","general_app_version":"","display_ppi":121,"display_pixel_ratio":"1.0","benchmark_min":0,"benchmark_max":0,"general_app_category":"","general_virtual":0,"display_css_screen_sizes":["128x160"]}}}