{"Device":{"_id":"1074","hd_ops":{"is_generic":0,"stop_on_detect":0,"overlay_result_specs":0},"hd_specs":{"general_vendor":"Konka","general_model":"D263","general_platform":"","general_platform_version":"","general_browser":"","general_browser_version":"","general_image":"konkad263-1359550782-0.jpg","general_aliases":[],"general_eusar":"","general_battery":["Li-Ion 700 mAh"],"general_type":"Mobile","general_cpu":[],"design_formfactor":"Bar","design_dimensions":"11.1 x 1.35 x 4.8","design_weight":"90","design_antenna":"Internal","design_keyboard":"Numeric","design_softkeys":"2","design_sidekeys":[],"display_type":"TFT","display_color":"Yes","display_colors":"65K","display_size":"","display_x":"176","display_y":"220","display_other":["Touch"],"memory_internal":["60MB"],"memory_slot":["miniSD"],"network":["GSM900","GSM1800"],"media_camera":["2MP","1600x1200"],"media_secondcamera":["None"],"media_videocapture":["Yes"],"media_videoplayback":["MP4"],"media_audio":["MP3","M4A"],"media_other":[],"features":["Call Divert","Call Wait","Caller Id","EMS","MMS","SMS","T9","iTap predictive text input","Alarm","Calculator","Calender","Clock","Games","Screen Savers","Wallpapers","Polyphonic","Organizer","Phonebook 500"],"connectors":["USB"],"general_language":"","general_platform_version_max":"","general_app":"","general_app_version":"","display_ppi":0,"display_pixel_ratio":"1.0","benchmark_min":0,"benchmark_max":0,"general_app_category":"","general_virtual":0,"display_css_screen_sizes":["176x220"]}}}