{"Device":{"_id":"10353","hd_ops":{"is_generic":0,"stop_on_detect":0,"overlay_result_specs":0},"hd_specs":{"general_vendor":"Motorola","general_model":"i1000plus","general_platform":"","general_platform_version":"","general_browser":"","general_browser_version":"","general_image":"motorolai1000plus-1359554007-1.jpg","general_aliases":[],"general_eusar":"","general_battery":["Li-Ion 900 mAh"],"general_type":"Mobile","general_cpu":[],"design_formfactor":"Clamshell","design_dimensions":"119 x 61 x 30","design_weight":"170","design_antenna":"External","design_keyboard":"Numeric","design_softkeys":"","design_sidekeys":[],"display_type":"Monochrome","display_color":"No","display_colors":"","display_size":"","display_x":"90","display_y":"40","display_other":[],"memory_internal":[],"memory_slot":[],"network":["iDEN800"],"media_camera":[],"media_secondcamera":[],"media_videocapture":[],"media_videoplayback":[],"media_audio":[],"media_other":[],"features":["100 entries","Alarm","SMS","Vibration","Phone profiles","Speakerphone","Games"],"connectors":[],"general_language":"","general_platform_version_max":"","general_app":"","general_app_version":"","display_ppi":0,"display_pixel_ratio":"1.0","benchmark_min":0,"benchmark_max":0,"general_app_category":"","general_virtual":0,"display_css_screen_sizes":["90x40"]}}}