{"Device":{"_id":"118","hd_ops":{"is_generic":0,"stop_on_detect":0,"overlay_result_specs":0},"hd_specs":{"general_vendor":"Sendo","general_model":"M550","general_platform":"","general_image":"sendo^m550.jpg","general_aliases":[],"general_eusar":"","general_battery":["Li-Ion"],"general_type":"Mobile","general_cpu":[],"design_formfactor":"Clamshell","design_dimensions":"82 x 45 x 20","design_weight":"77","design_antenna":"Internal","design_keyboard":"Numeric","design_softkeys":"","design_sidekeys":[],"display_type":"CSTN","display_color":"Yes","display_colors":"4K","display_size":"","display_x":"128","display_y":"128","display_other":[],"memory_internal":[],"memory_slot":[],"network":["GSM900","GSM1800","GPRS"],"media_camera":[],"media_secondcamera":[],"media_videocapture":[],"media_videoplayback":[],"media_audio":[],"media_other":[],"features":["SMS","EMS","T9"],"connectors":[],"general_platform_version":"","general_browser":"","general_browser_version":"","general_language":"","general_platform_version_max":"","general_app":"","general_app_version":"","display_ppi":0,"display_pixel_ratio":"1.0","benchmark_min":0,"benchmark_max":0,"general_app_category":"","general_virtual":0,"display_css_screen_sizes":["128x128"]}}}