{"Device":{"_id":"1289","hd_ops":{"is_generic":0,"stop_on_detect":0,"overlay_result_specs":0},"hd_specs":{"general_vendor":"Fly","general_model":"B720 Duo","general_platform":"","general_image":"","general_aliases":[],"general_eusar":"","general_battery":[],"general_type":"Mobile","general_cpu":["None"],"design_formfactor":"Bar","design_dimensions":"118 x 53 x 15.30","design_weight":"122.40","design_antenna":"Internal","design_keyboard":"Numeric","design_softkeys":"","design_sidekeys":[],"display_type":"TFT","display_color":"Yes","display_colors":"256K","display_size":"2.4\"","display_x":"240","display_y":"320","display_other":[],"memory_internal":["5MB"],"memory_slot":["microSD","2GB"],"network":["GSM900","GSM1800","GSM1900","GPRS"],"media_camera":["2MP","1600x1200"],"media_secondcamera":[],"media_videocapture":[],"media_videoplayback":["MPEG4","3GP","H.263"],"media_audio":["AMR","WAV"],"media_other":[],"features":["SMS","MMS","T9","e-mail client","Organizer"],"connectors":["USB"],"general_platform_version":"","general_browser":"","general_browser_version":"","general_language":"","general_platform_version_max":"","general_app":"","general_app_version":"","display_ppi":167,"display_pixel_ratio":"1.0","benchmark_min":0,"benchmark_max":0,"general_app_category":"","general_virtual":0,"display_css_screen_sizes":["240x320"]}}}