{"Device":{"_id":"142","hd_ops":{"is_generic":0,"stop_on_detect":0,"overlay_result_specs":0},"hd_specs":{"general_vendor":"Asus","general_model":"M303","general_platform":"","general_image":"asus^m303.gif","general_aliases":[],"general_eusar":"","general_battery":["Li-Ion 700 mAh"],"general_type":"Mobile","general_cpu":[],"design_formfactor":"Clamshell","design_dimensions":"83 x 43 x 22.9","design_weight":"87","design_antenna":"External","design_keyboard":"Numeric","design_softkeys":"","design_sidekeys":[],"display_type":"TFT","display_color":"Yes","display_colors":"262K","display_size":"1.8\"","display_x":"128","display_y":"160","display_other":["Second External TFT"],"memory_internal":[],"memory_slot":["miniSD"],"network":["GSM900","GSM1800","GSM1900","GPRS Class 10"],"media_camera":["1.3MP","1280x1024"],"media_secondcamera":["None"],"media_videocapture":["Yes"],"media_videoplayback":["MPEG4","3GP"],"media_audio":["MP3"],"media_other":["LED Flash"],"features":["SMS","MMS","Organizer","Text memo","Voice memo","World time","Stop Watch","Speakerphone","Vibration","Games"],"connectors":[],"general_platform_version":"","general_browser":"","general_browser_version":"","general_language":"","general_platform_version_max":"","general_app":"","general_app_version":"","display_ppi":114,"display_pixel_ratio":"1.0","benchmark_min":0,"benchmark_max":0,"general_app_category":"","general_virtual":0,"display_css_screen_sizes":["128x160"]}}}