{"Device":{"_id":"1032","hd_ops":{"is_generic":0,"stop_on_detect":0,"overlay_result_specs":0},"hd_specs":{"general_vendor":"Micromax","general_model":"X113","general_platform":"","general_platform_version":"","general_browser":"","general_browser_version":"","general_image":"","general_aliases":[],"general_eusar":"","general_battery":["Li-Ion 700 mAh"],"general_type":"Mobile","general_cpu":[],"design_formfactor":"Bar","design_dimensions":"","design_weight":"68","design_antenna":"Internal","design_keyboard":"Numeric","design_softkeys":"","design_sidekeys":[],"display_type":"CSTN","display_color":"Yes","display_colors":"65K","display_size":"","display_x":"128","display_y":"128","display_other":[],"memory_internal":[],"memory_slot":["microSD","TransFlash"],"network":["GSM900","GSM1800"],"media_camera":[],"media_secondcamera":[],"media_videocapture":[],"media_videoplayback":[],"media_audio":["MP3","AAC","AAC+"],"media_other":[],"features":["FM Radio"],"connectors":[],"general_language":"","general_platform_version_max":"","general_app":"","general_app_version":"","display_ppi":0,"display_pixel_ratio":"1.0","benchmark_min":0,"benchmark_max":0,"general_app_category":"","general_virtual":0,"display_css_screen_sizes":["128x128"]}}}