{"Device":{"_id":"1375","hd_ops":{"is_generic":0,"stop_on_detect":0,"overlay_result_specs":0},"hd_specs":{"general_vendor":"Bell Technology","general_model":"Emgeton Enzo","general_platform":"","general_platform_version":"","general_platform_version_max":"","general_browser":"","general_browser_version":"","general_image":"","general_aliases":[],"general_eusar":"","general_battery":["Li-Ion"],"general_type":"Mobile","general_cpu":[],"design_formfactor":"Bar","design_dimensions":"117 x 49 x 16.5","design_weight":"109","design_antenna":"Internal","design_keyboard":"Numeric","design_softkeys":"","design_sidekeys":[],"display_type":"","display_color":"Yes","display_colors":"","display_size":"2.2\"","display_x":"240","display_y":"320","display_ppi":182,"display_pixel_ratio":"1.0","display_other":[],"memory_internal":["50MB"],"memory_slot":["microSD"],"network":["GSM900","GSM1800","GSM1900","GPRS","EDGE","HSDPA2100","Bluetooth"],"media_camera":["2MP","1600x1200"],"media_secondcamera":["Yes"],"media_videocapture":["Yes"],"media_videoplayback":["MP4"],"media_audio":["MP3"],"media_other":[],"features":["Alarm","Calendar","Calculator","Organizer","SMS","MMS","Email","Speakerphone","Vibration","Voice memo","Voice dialing","Voice command","Profile ID","Caller ID","Games"],"connectors":["USB"],"benchmark_min":0,"benchmark_max":0,"general_app":"","general_app_version":"","general_app_category":"","general_language":"","general_virtual":0,"display_css_screen_sizes":["240x320"]}}}