{"Device":{"_id":"1091","hd_ops":{"is_generic":0,"stop_on_detect":0,"overlay_result_specs":0},"hd_specs":{"general_vendor":"Sanyo","general_model":"SCP4700","general_platform":"","general_image":"sanyo^scp4700.jpg","general_aliases":[],"general_eusar":"","general_battery":["Li-Ion"],"general_type":"Mobile","general_cpu":[],"design_formfactor":"Bar","design_dimensions":"","design_weight":"142","design_antenna":"External","design_keyboard":"Numeric","design_softkeys":"2","design_sidekeys":[],"display_type":"Grayscale","display_color":"No","display_colors":"","display_size":"","display_x":"128","display_y":"160","display_other":[],"memory_internal":[],"memory_slot":[],"network":["CDMA1900","AMPS800"],"media_camera":[],"media_secondcamera":[],"media_videocapture":[],"media_videoplayback":[],"media_audio":[],"media_other":[],"features":["300 entries","Calendar","Alarm","To-Do","Calculator","SMS","Predictive text input","T9","Vibration","Speakerphone","Voice dialing","Voice recording","Games"],"connectors":[],"general_platform_version":"","general_browser":"","general_browser_version":"","general_language":"","general_platform_version_max":"","general_app":"","general_app_version":"","display_ppi":0,"display_pixel_ratio":"1.0","benchmark_min":0,"benchmark_max":0,"general_app_category":"","general_virtual":0,"display_css_screen_sizes":["128x160"]}}}