{"Device":{"_id":"1297","hd_ops":{"is_generic":0,"stop_on_detect":0,"overlay_result_specs":0},"hd_specs":{"general_aliases":[],"display_x":"128","display_y":"160","general_vendor":"UTStarcom","general_model":"GPRS778","general_platform":"","general_image":"utstarcom^gprs778.jpg","network":["CDMA850","CDMA1900","GPRS Class 10"],"general_type":"Mobile","general_eusar":"","general_battery":["Li-Ion 760 mAh"],"general_cpu":[],"design_formfactor":"Clamshell","design_dimensions":"97 x 50 x 15","design_weight":"76","design_antenna":"Internal","design_keyboard":"Numeric","design_softkeys":"2","design_sidekeys":[],"display_type":"TFT","display_color":"Yes","display_colors":"256K","display_size":"","display_other":["Second External CSTN"],"memory_internal":[],"memory_slot":[],"media_camera":["VGA","640x480"],"media_secondcamera":[],"media_videocapture":[],"media_videoplayback":[],"media_audio":["MP3"],"media_other":[],"features":["Polyphonic","Voice memo","Games","Phonebook","Call records","Alarm","Calculator","Calendar","Organizer","SMS","MMS","Caller ID"],"connectors":[],"general_platform_version":"","general_browser":"","general_browser_version":"","general_language":"","general_platform_version_max":"","general_app":"","general_app_version":"","display_ppi":0,"display_pixel_ratio":"1.0","benchmark_min":0,"benchmark_max":0,"general_app_category":"","general_virtual":0,"display_css_screen_sizes":["128x160"]}}}