{"Device":{"_id":"1119","hd_ops":{"is_generic":0,"stop_on_detect":0,"overlay_result_specs":0},"hd_specs":{"general_aliases":[],"display_x":"176","display_y":"220","general_vendor":"TCL","general_model":"D628","general_platform":"","general_image":"","network":["GSM"],"general_type":"Mobile","general_eusar":"","general_battery":["Li-lon"],"general_cpu":[],"design_formfactor":"Clamshell","design_dimensions":"90 x 25 x 55","design_weight":"","design_antenna":"Internal","design_keyboard":"Numeric","design_softkeys":"","design_sidekeys":[],"display_type":"TFT","display_color":"No","display_colors":"","display_size":"","display_other":[],"memory_internal":[],"memory_slot":[],"media_camera":["2MP","1280x960"],"media_secondcamera":[],"media_videocapture":["Yes"],"media_videoplayback":[],"media_audio":["MP3","M4A"],"media_other":[],"features":["MMS","SMS","Alarm","Calculator","Calender","Clock","Voice Recorder","Games","Polyphonic","Vibration"],"connectors":["USB"],"general_platform_version":"","general_browser":"","general_browser_version":"","general_language":"","general_platform_version_max":"","general_app":"","general_app_version":"","display_ppi":0,"display_pixel_ratio":"1.0","benchmark_min":0,"benchmark_max":0,"general_app_category":"","general_virtual":0,"display_css_screen_sizes":["176x220"]}}}