{"Device":{"_id":"1386","hd_ops":{"is_generic":0,"stop_on_detect":0,"overlay_result_specs":0},"hd_specs":{"general_vendor":"LG","general_model":"KM335","general_platform":"","general_image":"lg^km335.jpg","general_aliases":[],"general_eusar":"","general_battery":["Li-Ion 900 mAh"],"general_type":"Mobile","general_cpu":[],"design_formfactor":"Bar","design_dimensions":"108.2 x 47.2 x 13.8","design_weight":"84","design_antenna":"Internal","design_keyboard":"Numeric","design_softkeys":"2","design_sidekeys":[],"display_type":"TFT","display_color":"Yes","display_colors":"256K","display_size":"2\"","display_x":"240","display_y":"320","display_other":[],"memory_internal":["90MB RAM"],"memory_slot":["microSD","8GB"],"network":["GSM900","GSM1800","GSM1900","GPRS Class 10","Bluetooth 2.0"],"media_camera":["3.2MP","2048x1536"],"media_secondcamera":[],"media_videocapture":["Yes"],"media_videoplayback":["MPEG4","3GP"],"media_audio":["MP3","AAC","AAC+","WMA"],"media_other":["Auto focus","Digital zoom","LED flash"],"features":["Caller groups","Multiple numbers per contact","Picture ID","Ring ID","Calculator","Converter","Dedicated music key","SMS","MMS","FM radio","Games","Rhythmic Light","Organizer","Voice memo","Predictive text input","Calendar","lock","Alarms","300 phone book Capacity"],"connectors":["2.5mm Audio"],"general_platform_version":"","general_browser":"","general_browser_version":"","general_language":"","general_platform_version_max":"","general_app":"","general_app_version":"","display_ppi":200,"display_pixel_ratio":"1.0","benchmark_min":0,"benchmark_max":0,"general_app_category":"","general_virtual":0,"display_css_screen_sizes":["240x320"]}}}