{"Device":{"_id":"1406","hd_ops":{"is_generic":0,"stop_on_detect":0,"overlay_result_specs":0},"hd_specs":{"general_vendor":"LG","general_model":"C3380","general_platform":"","general_image":"lg^c3380.jpg","general_aliases":[],"general_eusar":"","general_battery":["Li-Ion 1000 mAh"],"general_type":"Mobile","general_cpu":[],"design_formfactor":"Clamshell","design_dimensions":"88.8 x 47.3 x 24","design_weight":"85","design_antenna":"Internal","design_keyboard":"Numeric","design_softkeys":"","design_sidekeys":[],"display_type":"CSTN","display_color":"Yes","display_colors":"65K","display_size":"","display_x":"128","display_y":"160","display_other":["Second External Mono"],"memory_internal":["16MB"],"memory_slot":[],"network":["GSM900","GSM1800","Bluetooth","GPRS Class 10"],"media_camera":["VGA","640x480"],"media_secondcamera":[],"media_videocapture":[],"media_videoplayback":[],"media_audio":["MP3"],"media_other":["LED Flash"],"features":["Downloadable wallpapers","SMS","EMS","MMS","Predictive text input","Organizer","Voice memo","Games","Received Call","Missed Call","Dialed Call"],"connectors":["USB","2.5mm Audio"],"general_platform_version":"","general_browser":"","general_browser_version":"","general_language":"","general_platform_version_max":"","general_app":"","general_app_version":"","display_ppi":0,"display_pixel_ratio":"1.0","benchmark_min":0,"benchmark_max":0,"general_app_category":"","general_virtual":0,"display_css_screen_sizes":["128x160"]}}}