{"Device":{"_id":"1212","hd_ops":{"is_generic":0,"stop_on_detect":0,"overlay_result_specs":0},"hd_specs":{"general_aliases":[],"display_x":"240","display_y":"320","general_vendor":"Gionee","general_model":"L10","general_platform":"","general_image":"gionee^l10.jpg","network":["GSM900","GSM1800","Bluetooth","GPRS Class 10","EDGE"],"general_type":"Mobile","general_eusar":"","general_battery":["Li-Ion 1800 mAh"],"general_cpu":[],"design_formfactor":"Bar","design_dimensions":"11.8 x 1.7 x 5.6","design_weight":"","design_antenna":"Internal","design_keyboard":"Numeric","design_softkeys":"2","design_sidekeys":[],"display_type":"TFT","display_color":"Yes","display_colors":"65K","display_size":"","display_other":["Touch"],"memory_internal":[],"memory_slot":["microSD"],"media_camera":["1.5MP","1280x960"],"media_secondcamera":[],"media_videocapture":["Yes"],"media_videoplayback":["Yes"],"media_audio":["MP3"],"media_other":[],"features":["Call Barring","Call Divert","Call Wait","Caller Id","MMS","SMS","Integrated speakerphone","OS","T9","iTap predictive text input","Integrated handsfree","Dual SIM","Alarm","Calculator","Calender","Clock","Currency Convertor","E-Book Reader","Stopwatch","To-do-list","Voice Memo","Photo-video Editor","Picture Viewer","HandWriting Recognition","Photo Album","Voice Recorder","Games","Screen Savers","Themes","Wallpapers","Windows Media Player","Polyphonic","Organizer"],"connectors":["USB","2.5mm Audio"],"general_platform_version":"","general_browser":"","general_browser_version":"","general_language":"","general_platform_version_max":"","general_app":"","general_app_version":"","display_ppi":0,"display_pixel_ratio":"1.0","benchmark_min":0,"benchmark_max":0,"general_app_category":"","general_virtual":0,"display_css_screen_sizes":["240x320"]}}}