{"Device":{"_id":"1439","hd_ops":{"is_generic":0,"stop_on_detect":0,"overlay_result_specs":0},"hd_specs":{"general_vendor":"Samsung","general_model":"GT-S7070C","general_platform":"","general_image":"samsung^gts7070c.jpg","general_aliases":[],"general_eusar":"0.99 Head","general_battery":["Li-Ion 960 mAh"],"general_type":"Mobile","general_cpu":[],"design_formfactor":"Bar","design_dimensions":"101 x 54.8 x 13.4","design_weight":"94","design_antenna":"Internal","design_keyboard":"Screen","design_softkeys":"","design_sidekeys":["Volume","Camera","Lock"],"display_type":"TFT","display_color":"Yes","display_colors":"16M","display_size":"2.8\"","display_x":"240","display_y":"320","display_other":["Resistive","Touch","TouchWiz"],"memory_internal":["40MB"],"memory_slot":["microSD","microSDHC","8GB"],"network":["GSM900","GSM1800","GSM1900","Bluetooth 2.1","GPRS Class 12","EDGE Class 12"],"media_camera":["3.15MP","2048x1536"],"media_secondcamera":["None"],"media_videocapture":["QVGA"],"media_videoplayback":["MPEG4","H.263"],"media_audio":["MP3","AAC","AAC+","eAAC+","WMA","MIDI"],"media_other":["Auto focus"],"features":["Caller groups","Multiple numbers per contact","Picture ID","Ring ID","Calendar","Alarm","To-Do","Calculator","Converter","Currency converter","World clock","Stopwatch","Countdown timer","Memo","Computer sync","Music ringtones (MP3)","Polyphonic ringtones","Vibration","Flight mode","Silent mode","Speakerphone","Voice recording","SMS","MMS","Email","Stereo FM radio with RDS","FM recording","Social networking integration with live updates","Organizer","Photo editor","Voice memo","Predictive text input","Games"],"connectors":["USB 2.0","MicroUSB"],"general_platform_version":"","general_browser":"","general_browser_version":"","general_language":"","general_platform_version_max":"","general_app":"","general_app_version":"","display_ppi":143,"display_pixel_ratio":"1.0","benchmark_min":0,"benchmark_max":0,"general_app_category":"","general_virtual":0,"display_css_screen_sizes":["240x320"]}}}