{"Device":{"_id":"1034","hd_ops":{"is_generic":0,"stop_on_detect":0,"overlay_result_specs":0},"hd_specs":{"general_vendor":"SonyEricsson","general_model":"T270i","general_platform":"","general_platform_version":"","general_browser":"","general_browser_version":"","general_image":"sonyericssont270i-1359553433-0.jpg","general_aliases":[],"general_eusar":"","general_battery":["Li-Ion 780 mAh","BST-36"],"general_type":"Mobile","general_cpu":["None"],"design_formfactor":"Bar","design_dimensions":"100 x 45 x 13","design_weight":"82","design_antenna":"Internal","design_keyboard":"Numeric","design_softkeys":"","design_sidekeys":[],"display_type":"TFT","display_color":"Yes","display_colors":"65K","display_size":"1.7\"","display_x":"128","display_y":"160","display_other":[],"memory_internal":["10MB RAM"],"memory_slot":[],"network":["GSM900","GSM1800","GPRS: Class 10","Bluetooth"],"media_camera":[],"media_secondcamera":[],"media_videocapture":[],"media_videoplayback":[],"media_audio":[],"media_other":[],"features":["SMS","MMS","FM radio","Organizer","Stopwatch","Predictive text input"],"connectors":["USB"],"general_language":"","general_platform_version_max":"","general_app":"","general_app_version":"","display_ppi":121,"display_pixel_ratio":"1.0","benchmark_min":0,"benchmark_max":0,"general_app_category":"","general_virtual":0,"display_css_screen_sizes":["128x160"]}}}