{"Device":{"_id":"128","hd_ops":{"is_generic":0,"stop_on_detect":0,"overlay_result_specs":0},"hd_specs":{"general_aliases":[],"display_x":"176","display_y":"220","general_vendor":"Airness","general_model":"slide99","general_platform":"","general_image":"airness^slide99.jpg","network":["GSM900","GSM1800","GSM1900","GPRS Class 10"],"general_type":"Mobile","general_eusar":"","general_battery":["Li-Ion"],"general_cpu":[],"design_formfactor":"Slide","design_dimensions":"8.6 x 2.1 x 4.38","design_weight":"80","design_antenna":"Internal","design_keyboard":"Numeric","design_softkeys":"2","design_sidekeys":[],"display_type":"TFT","display_color":"Yes","display_colors":"262K","display_size":"","display_other":[],"memory_internal":["64MB RAM"],"memory_slot":[],"media_camera":["1.5MP","1280x960"],"media_secondcamera":[],"media_videocapture":["Yes"],"media_videoplayback":["Yes"],"media_audio":["MIDI"],"media_other":[],"features":["Call Barring","Call Divert","Call Wait","Caller Id","MMS","SMS","Integrated speakerphone","OS","T9","iTap predictive text input","Integrated handsfree","Alarm","Calculator","Calender","Clock","Currency Convertor","Stopwatch","To-do-list","Voice Memo","Photo-video Editor","Organiser","Picture Viewer","Photo Album","Voice Recorder","Fm Radio","Games","Screen Savers","Themes","Wallpapers","Polyphonic","Organizer","Phonebook"],"connectors":["USB"],"general_platform_version":"","general_browser":"","general_browser_version":"","general_language":"","general_platform_version_max":"","general_app":"","general_app_version":"","display_ppi":0,"display_pixel_ratio":"1.0","benchmark_min":0,"benchmark_max":0,"general_app_category":"","general_virtual":0,"display_css_screen_sizes":["176x220"]}}}