{"Device":{"_id":"1128","hd_ops":{"is_generic":0,"stop_on_detect":0,"overlay_result_specs":0},"hd_specs":{"general_aliases":[],"display_x":"128","display_y":"171","general_vendor":"Konka","general_model":"M526","general_platform":"","general_image":"","network":["GSM900","GSM1800","GPRS Class 10"],"general_type":"Mobile","general_battery":["Li-Ion 650 mAh"],"general_cpu":[],"design_sidekeys":[],"display_other":[],"memory_internal":["1MB RAM"],"memory_slot":["microSD"],"media_camera":["VGA","480x640"],"media_secondcamera":[],"media_videocapture":[],"media_videoplayback":["3GP","MP4"],"media_audio":["MP3"],"media_other":[],"features":["SMS","EMS","MMS","Instant Messaging","Speakerphone","Vibration","Games","FM Radio","Received Call","Missed Call","Dialed Call"],"connectors":[],"design_formfactor":"Bar","design_dimensions":"109 x 45 x 11.4","design_weight":"73","design_antenna":"Internal","design_keyboard":"Numeric","design_softkeys":"","display_type":"TFT","display_color":"Yes","display_colors":"262K","display_size":"1.8\"","general_eusar":"","general_platform_version":"","general_browser":"","general_browser_version":"","general_language":"","general_platform_version_max":"","general_app":"","general_app_version":"","display_ppi":119,"display_pixel_ratio":"1.0","benchmark_min":0,"benchmark_max":0,"general_app_category":"","general_virtual":0,"display_css_screen_sizes":["128x171"]}}}