{"Device":{"_id":"1417","hd_ops":{"is_generic":0,"stop_on_detect":0,"overlay_result_specs":0},"hd_specs":{"general_vendor":"LG","general_model":"C3600","general_platform":"","general_platform_version":"","general_browser":"","general_browser_version":"","general_image":"lg^c3600.jpg","general_aliases":[],"general_eusar":"","general_battery":["Li-Ion 1000 mAh"],"general_type":"Mobile","general_cpu":[],"design_formfactor":"Clamshell","design_dimensions":"87.5 x 44 x 23","design_weight":"88","design_antenna":"Internal","design_keyboard":"Numeric","design_softkeys":"2","design_sidekeys":[],"display_type":"CSTN","display_color":"Yes","display_colors":"65K","display_size":"","display_x":"128","display_y":"160","display_other":[],"memory_internal":["38MB RAM"],"memory_slot":[],"network":["GPRS Class 10","GSM1800","GSM900"],"media_camera":[],"media_secondcamera":[],"media_videocapture":[],"media_videoplayback":["MP4","AAC"],"media_audio":["MP3"],"media_other":[],"features":["Alarm Clock","Calculator","Task Planner","Melody Editor","Vibrating Alert","MMS","SMS","Cell Phone","Battery","Charger","Headset","CD software","Manual","Quite dialing","Auto dialing","Call retention","Caller ID","Voice dialing","Fast dialing","Voice Control","Volume Control","Adjustable profiles","Clock","Alarm","Calendar","Dictaphone","T9","Games","Java applications"],"connectors":[],"general_language":"","general_platform_version_max":"","general_app":"","general_app_version":"","display_ppi":0,"display_pixel_ratio":"1.0","benchmark_min":0,"benchmark_max":0,"general_app_category":"","general_virtual":0,"display_css_screen_sizes":["128x160"]}}}