{"Device":{"_id":"1176","hd_ops":{"is_generic":0,"stop_on_detect":0,"overlay_result_specs":0},"hd_specs":{"general_aliases":[],"display_x":"220","display_y":"176","general_vendor":"Zonda","general_model":"ZMCK870","general_platform":"","general_image":"","network":["GSM900","GSM1800","UMTS2100","GPRS Class 10"],"general_type":"Mobile","general_eusar":"","general_battery":[],"general_cpu":[],"design_formfactor":"","design_dimensions":"90 x 45 x 24","design_weight":"106","design_antenna":"Internal","design_keyboard":"Qwerty","design_softkeys":"2","design_sidekeys":[],"display_type":"TFT","display_color":"Yes","display_colors":"64K","display_size":"2\"","display_other":[],"memory_internal":["36MB"],"memory_slot":["None"],"media_camera":["1.3MP","1280x1024"],"media_secondcamera":["None"],"media_videocapture":["Yes"],"media_videoplayback":[],"media_audio":[],"media_other":["Digital zoom"],"features":["Stopwatch","Alarm","Calculator","Organizer","Calendar","Games","Vibration","Speakerphone","Record","EMS","SMS","MMS","T9","QWERTY keypad"],"connectors":["USB"],"general_platform_version":"","general_browser":"","general_browser_version":"","general_language":"","general_platform_version_max":"","general_app":"","general_app_version":"","display_ppi":141,"display_pixel_ratio":"1.0","benchmark_min":0,"benchmark_max":0,"general_app_category":"","general_virtual":0,"display_css_screen_sizes":["220x176"]}}}