{"Device":{"_id":"1299","hd_ops":{"is_generic":0,"stop_on_detect":0,"overlay_result_specs":0},"hd_specs":{"general_aliases":[],"display_x":"160","display_y":"160","general_vendor":"Voxtel","general_model":"UP200","general_platform":"","general_image":"","network":["GSM900","GSM1800","GPRS","Bluetooth"],"general_type":"Mobile","general_eusar":"","general_battery":["Li-Ion 780 mAh"],"general_cpu":[],"design_formfactor":"Clamshell","design_dimensions":"84.00x42.00x20.70","design_weight":"80","design_antenna":"Internal","design_keyboard":"Numeric","design_softkeys":"2","design_sidekeys":[],"display_type":"CSTN","display_color":"Yes","display_colors":"65K","display_size":"","display_other":[],"memory_internal":[],"memory_slot":[],"media_camera":[],"media_secondcamera":[],"media_videocapture":[],"media_videoplayback":[],"media_audio":[],"media_other":[],"features":["Internet Browser WAP 1.2.1","Games","200 Phonebook Capacity","30 Call Received","30 Missed Call","30 Call Dialled","SMS","MMS","Polyphonic Ringtones (40 voices)"],"connectors":[],"general_platform_version":"","general_browser":"","general_browser_version":"","general_language":"","general_platform_version_max":"","general_app":"","general_app_version":"","display_ppi":0,"display_pixel_ratio":"1.0","benchmark_min":0,"benchmark_max":0,"general_app_category":"","general_virtual":0,"display_css_screen_sizes":["160x160"]}}}