{"Device":{"_id":"1357","hd_ops":{"is_generic":0,"stop_on_detect":0,"overlay_result_specs":0},"hd_specs":{"general_vendor":"Huawei","general_model":"G6600","general_platform":"","general_image":"huawei^g6600.jpg","general_aliases":[],"general_eusar":"","general_battery":["Li-Ion 1000 mAh"],"general_type":"Mobile","general_cpu":[],"design_formfactor":"Bar","design_dimensions":"112.5 x 60.5 x 11.5","design_weight":"102","design_antenna":"Internal","design_keyboard":"Qwerty","design_softkeys":"2","design_sidekeys":[],"display_type":"TFT","display_color":"Yes","display_colors":"256K","display_size":"2.4\"","display_x":"320","display_y":"240","display_other":[],"memory_internal":["6MB"],"memory_slot":["microSD","microSDHC","16GB"],"network":["GSM850","GSM900","GSM1800","GSM1900","Bluetooth 2.1","GPRS Class 10","EDGE Class 10"],"media_camera":["2MP","1600x1200"],"media_secondcamera":["None"],"media_videocapture":["172x144@15fps"],"media_videoplayback":["MP4","H.263"],"media_audio":["MP3","WAV","AAC+"],"media_other":[],"features":["Calendar","Alarm","To-Do","Calculator","Currency converter","World clock","Stopwatch","Music ringtones (MP3)","Polyphonic ringtones","Voice recording","SMS","MMS","Email","IM","Social networking integration","MSN","Yahoo","Gtalk","Skype","AIM","Nimbuzz application","Google Maps","Organizer","Voice memo","Predictive text input","Games"],"connectors":["USB 2.0"],"general_platform_version":"","general_browser":"","general_browser_version":"","general_language":"","general_platform_version_max":"","general_app":"","general_app_version":"","display_ppi":167,"display_pixel_ratio":"1.0","benchmark_min":0,"benchmark_max":0,"general_app_category":"","general_virtual":0,"display_css_screen_sizes":["320x240"]}}}