{"Device":{"_id":"1422","hd_ops":{"is_generic":0,"stop_on_detect":0,"overlay_result_specs":0},"hd_specs":{"general_vendor":"LG","general_model":"C2100","general_platform":"","general_image":"lg^c2100.jpeg","general_aliases":["LG C300","LG C3320","LG L342i"],"general_eusar":"","general_battery":["Li-Ion 950 mAh"],"general_type":"Mobile","general_cpu":["None"],"design_formfactor":"Clamshell","design_dimensions":"88 x 47 x 24","design_weight":"90","design_antenna":"Internal","design_keyboard":"Numeric","design_softkeys":"2","design_sidekeys":["Volume"],"display_type":"CSTN","display_color":"Yes","display_colors":"65K","display_size":"","display_x":"128","display_y":"128","display_other":[],"memory_internal":["1MB"],"memory_slot":[],"network":["GSM900","GSM1800","GPRS Class 10"],"media_camera":[],"media_secondcamera":[],"media_videocapture":[],"media_videoplayback":[],"media_audio":[],"media_other":[],"features":["Predictive text input","Flashlight","Organizer","Voice memo","Photo editor","Java MIDP 2.0","Internet Browsing WAP 2.0\/xHTML","Instant Messaging","SMS","EMS","MMS","20 calendar events","10 dialed","10 received","10 missed calls","Vibration","Downloadable polyphonic ringtones","composer","Downloadable wallpapers"],"connectors":[],"general_platform_version":"","general_browser":"","general_browser_version":"","general_language":"","general_platform_version_max":"","general_app":"","general_app_version":"","display_ppi":0,"display_pixel_ratio":"1.0","benchmark_min":0,"benchmark_max":0,"general_app_category":"","general_virtual":0,"display_css_screen_sizes":["128x128"]}}}