{"Device":{"_id":"1232","hd_ops":{"is_generic":0,"stop_on_detect":0,"overlay_result_specs":0},"hd_specs":{"general_vendor":"Innostream","general_model":"INNO80","general_platform":"","general_platform_version":"","general_platform_version_max":"","general_browser":"","general_browser_version":"","general_image":"innostreaminno80-1428538359-0.jpg","general_aliases":[],"general_eusar":"","general_battery":["Li-Ion 720 mAh"],"general_type":"Mobile","general_cpu":["None"],"design_formfactor":"Clamshell","design_dimensions":"90 x 44 x 22","design_weight":"97","design_antenna":"External","design_keyboard":"Numeric","design_softkeys":"","design_sidekeys":[],"display_type":"TFT","display_color":"Yes","display_colors":"256K","display_size":"","display_x":"128","display_y":"160","display_ppi":0,"display_pixel_ratio":"1.0","display_other":["Second External"],"memory_internal":[],"memory_slot":[],"network":["GSM900","GSM1800","GSM1900","GPRS"],"media_camera":["CIF","352x288"],"media_secondcamera":[],"media_videocapture":[],"media_videoplayback":[],"media_audio":[],"media_other":[],"features":["SMS","MMS","Email","T9","Bio-rhythm","Stopwatch","Calculator","Voice memo"],"connectors":[],"benchmark_min":0,"benchmark_max":0,"general_app":"","general_app_version":"","general_language":"","general_app_category":"","general_virtual":0,"display_css_screen_sizes":["128x160"]}}}