{"Device":{"_id":"1444","hd_ops":{"is_generic":0,"stop_on_detect":0,"overlay_result_specs":0},"hd_specs":{"general_vendor":"LG","general_model":"G7020","general_platform":"","general_image":"lg^g7020.jpg","general_aliases":[],"general_eusar":"","general_battery":["Li-Po 820 mAh"],"general_type":"Mobile","general_cpu":[],"design_formfactor":"Clamshell","design_dimensions":"88 x 45 x 22","design_weight":"89","design_antenna":"External","design_keyboard":"Numeric","design_softkeys":"","design_sidekeys":["Volume"],"display_type":"STN","display_color":"Yes","display_colors":"65K","display_size":"","display_x":"128","display_y":"160","display_other":[],"memory_internal":[],"memory_slot":[],"network":["GSM900","GSM1800","GPRS: Class 10","Infrared"],"media_camera":[],"media_secondcamera":[],"media_videocapture":[],"media_videoplayback":[],"media_audio":[],"media_other":[],"features":["SMS","EMS","T9","Organizer","World clock","Voice dial","Voice memo","Received Call","Missed Call","Dialed Call"],"connectors":["USB 2.0","MiniUSB"],"general_platform_version":"","general_browser":"","general_browser_version":"","general_language":"","general_platform_version_max":"","general_app":"","general_app_version":"","display_ppi":0,"display_pixel_ratio":"1.0","benchmark_min":0,"benchmark_max":0,"general_app_category":"","general_virtual":0,"display_css_screen_sizes":["128x160"]}}}