{"Device":{"_id":"115","hd_ops":{"is_generic":0,"stop_on_detect":0,"overlay_result_specs":0},"hd_specs":{"general_vendor":"SonyEricsson","general_model":"Z700","general_platform":"","general_image":"sonyericsson^z700.jpg","general_aliases":[],"general_eusar":"","general_battery":["Li-Po"],"general_type":"Mobile","general_cpu":[],"design_formfactor":"Bar","design_dimensions":"91 x 50 x 24","design_weight":"95","design_antenna":"Internal","design_keyboard":"Numeric","design_softkeys":"","design_sidekeys":[],"display_type":"STN","display_color":"Yes","display_colors":"256K","display_size":"","display_x":"94","display_y":"65","display_other":[],"memory_internal":[],"memory_slot":[],"network":["GSM900","GSM1800","GPRS Class 8","Bluetooth"],"media_camera":[],"media_secondcamera":[],"media_videocapture":[],"media_videoplayback":[],"media_audio":[],"media_other":[],"features":["SMS","Email","T9","Organizer","Voice Memo","Voice Dia"],"connectors":[],"general_platform_version":"","general_browser":"","general_browser_version":"","general_language":"","general_platform_version_max":"","general_app":"","general_app_version":"","display_ppi":0,"display_pixel_ratio":"1.0","benchmark_min":0,"benchmark_max":0,"general_app_category":"","general_virtual":0,"display_css_screen_sizes":["94x65"]}}}