{"Device":{"_id":"14353","hd_ops":{"is_generic":0,"stop_on_detect":0,"overlay_result_specs":0},"hd_specs":{"general_vendor":"Samsung","general_model":"SCH-W259","general_platform":"","general_platform_version":"","general_browser":"","general_browser_version":"","general_image":"samsungsch-w259-1369097628-0.jpg","general_aliases":["Samsung Duos"],"general_eusar":"0.72 Head","general_battery":["Li-Ion 1140 mAh"],"general_type":"Mobile","general_cpu":[],"design_formfactor":"Bar","design_dimensions":"115.5 x 48 x 15.9","design_weight":"120","design_antenna":"Internal","design_keyboard":"Numeric","design_softkeys":"","design_sidekeys":[],"display_type":"TFT","display_color":"Yes","display_colors":"262K","display_size":"2.2\"","display_x":"176","display_y":"220","display_other":[],"memory_internal":["40MB"],"memory_slot":["microSD","microSDHC","8GB","1GB"],"network":["GSM900","GSM1800","CDMA800","Bluetooth 2.1","GPRS","EDGE"],"media_camera":["1.3MP","1280x1024"],"media_secondcamera":["None"],"media_videocapture":["Yes"],"media_videoplayback":["MP4","H.263"],"media_audio":["MP3","eAAC+"],"media_other":[],"features":["SMS","MMS","Email","FM radio","FM recording","Organizer","Voice memo","Predictive text input","Games"],"connectors":["USB 2.0"],"general_platform_version_max":"","general_app":"","general_app_version":"","general_language":"","display_ppi":128,"display_pixel_ratio":"1.0","benchmark_min":0,"benchmark_max":0,"general_app_category":"","general_virtual":0,"display_css_screen_sizes":["176x220"]}}}