{"Device":{"_id":"1030","hd_ops":{"is_generic":0,"stop_on_detect":0,"overlay_result_specs":0},"hd_specs":{"general_aliases":[],"display_x":"176","display_y":"220","general_vendor":"Lemon","general_model":"IQ 707","general_platform":"","general_image":"lemon^iq707.jpg","network":["GSM850","GSM900","GSM1800","GSM1900","EDGE","Bluetooth"],"general_type":"Mobile","general_eusar":"","general_battery":["Li-Ion 1100 mAh"],"general_cpu":[],"design_formfactor":"Bar","design_dimensions":"111.9 x 61.5 x 11.9","design_weight":"96","design_antenna":"Internal","design_keyboard":"Qwerty","design_softkeys":"","design_sidekeys":[],"display_type":"TFT","display_color":"Yes","display_colors":"","display_size":"2.2\"","display_other":[],"memory_internal":["20MB"],"memory_slot":["microSD","microSDHC","8GB"],"media_camera":["3.2MP","2048x1536"],"media_secondcamera":["None"],"media_videocapture":["Yes"],"media_videoplayback":["MPEG4","AVI","3GP"],"media_audio":["MP3"],"media_other":["Digital Zoom","LED Flash"],"features":["FM Radio","Alarm","Flashlight","Calculator","World clock","Stopwatch","SMS (500 messages)","MMS","Email","Instant Messaging","Computer sync","Music ringtones","Accelerometer sensor","Voice recording","Games"],"connectors":["USB"],"general_platform_version":"","general_browser":"","general_browser_version":"","general_language":"","general_platform_version_max":"","general_app":"","general_app_version":"","display_ppi":128,"display_pixel_ratio":"1.0","benchmark_min":0,"benchmark_max":0,"general_app_category":"","general_virtual":0,"display_css_screen_sizes":["176x220"]}}}