{"Device":{"_id":"1405","hd_ops":{"is_generic":0,"stop_on_detect":0,"overlay_result_specs":0},"hd_specs":{"general_vendor":"LG","general_model":"U8550","general_platform":"","general_image":"lg^u8550.jpeg","general_aliases":[],"general_eusar":"","general_battery":["Li-Ion 1440 mAh"],"general_type":"Mobile","general_cpu":[],"design_formfactor":"Clamshell","design_dimensions":"90 x 55 x 24.7","design_weight":"135","design_antenna":"External","design_keyboard":"Numeric","design_softkeys":"2","design_sidekeys":[],"display_type":"TFT","display_color":"Yes","display_colors":"256K","display_size":"2.2\"","display_x":"220","display_y":"220","display_other":["Second External TFT"],"memory_internal":["20MB"],"memory_slot":["microSD"],"network":["GSM900","GSM1800","GSM1900","UMTS2100","Bluetooth","GPRS Class 10"],"media_camera":["1.3MP","1280x960"],"media_secondcamera":["VGA"],"media_videocapture":["Yes"],"media_videoplayback":["MPEG4"],"media_audio":["MP3","AAC","WMA","WAV","AMR"],"media_other":["Digital zoom","Video calling"],"features":["Caller groups","Multiple numbers per contact","Picture ID","Ring ID","Calendar","Alarm","Calculator","Music ringtones (MP3)","Polyphonic ringtones (40 voices)","Vibration","Phone profiles","Speakerphone","Voice recording","Downloadable wallpapers","SMS","MMS","Email","Predictive text input","Organizer","Games"],"connectors":["USB"],"general_platform_version":"","general_browser":"","general_browser_version":"","general_language":"","general_platform_version_max":"","general_app":"","general_app_version":"","display_ppi":141,"display_pixel_ratio":"1.0","benchmark_min":0,"benchmark_max":0,"general_app_category":"","general_virtual":0,"display_css_screen_sizes":["220x220"]}}}