{"Device":{"_id":"1016","hd_ops":{"is_generic":0,"stop_on_detect":0,"overlay_result_specs":0},"hd_specs":{"general_vendor":"Asus","general_model":"V80","general_platform":"","general_platform_version":"","general_browser":"","general_browser_version":"","general_image":"asusv80-1359533821-0.gif","general_aliases":[],"general_eusar":"","general_battery":["Li-Ion 750 mAh"],"general_type":"Mobile","general_cpu":[],"design_formfactor":"Bar","design_dimensions":"101 x 44 x 16","design_weight":"80","design_antenna":"Internal","design_keyboard":"Numeric","design_softkeys":"","design_sidekeys":[],"display_type":"TFT","display_color":"Yes","display_colors":"262K","display_size":"2\"","display_x":"176","display_y":"220","display_other":[],"memory_internal":["55MB"],"memory_slot":["miniSD"],"network":["GSM900","GSM1800","GSM1900","Bluetooth 1.2","GPRS Class 10"],"media_camera":["2MP","1600x1200"],"media_secondcamera":["None"],"media_videocapture":["Yes"],"media_videoplayback":["MPEG4"],"media_audio":["AAC"],"media_other":["Auto focus","LED Flash"],"features":["Watch","Stopwatch","Alarm clock","Calculator","Organizer","Calendar","Flight mode","Data and fax","SMS","EMS","MMS","Email","FM radio","Games","QuickMark QR Code","Snooze","World time"],"connectors":["USB 1.1"],"general_language":"","general_platform_version_max":"","general_app":"","general_app_version":"","display_ppi":141,"display_pixel_ratio":"1.0","benchmark_min":0,"benchmark_max":0,"general_app_category":"","general_virtual":0,"display_css_screen_sizes":["176x220"]}}}