{"Device":{"_id":"1427","hd_ops":{"is_generic":0,"stop_on_detect":0,"overlay_result_specs":0},"hd_specs":{"general_vendor":"LG","general_model":"C2500","general_platform":"","general_image":"lg^c2500.jpeg","general_aliases":[],"general_eusar":"","general_battery":["Li-Ion 720 mAh"],"general_type":"Mobile","general_cpu":[],"design_formfactor":"Bar","design_dimensions":"101 x 46 x 18","design_weight":"80","design_antenna":"Internal","design_keyboard":"Numeric","design_softkeys":"2","design_sidekeys":[],"display_type":"CSTN","display_color":"Yes","display_colors":"65K","display_size":"1.5\"","display_x":"128","display_y":"128","display_other":[],"memory_internal":["60MB"],"memory_slot":[],"network":["GSM900","GSM1800","GSM1900","GPRS"],"media_camera":["VGA","640x480"],"media_secondcamera":[],"media_videocapture":[],"media_videoplayback":[],"media_audio":[],"media_other":[],"features":["FM Radio","Internet Browsing WAP 2.0","Phonebook","Organizer","Calendar","Alarm","Calculator","Instant Messaging","SMS","MMS","Predictive text input","Java Midp 2.0","Polyphonic ringtones (64 voices)","Vibration","Phone profiles","SpeakerphoneVoice recording"],"connectors":["USB"],"general_platform_version":"","general_browser":"","general_browser_version":"","general_language":"","general_platform_version_max":"","general_app":"","general_app_version":"","display_ppi":121,"display_pixel_ratio":"1.0","benchmark_min":0,"benchmark_max":0,"general_app_category":"","general_virtual":0,"display_css_screen_sizes":["128x128"]}}}