{"Device":{"_id":"1057","hd_ops":{"is_generic":0,"stop_on_detect":0,"overlay_result_specs":0},"hd_specs":{"general_vendor":"SonyEricsson","general_model":"T303","general_platform":"","general_platform_version":"","general_browser":"","general_browser_version":"","general_image":"sonyericssont303-1403689434-0.jpg","general_aliases":[],"general_eusar":"0.44 Head","general_battery":["Li-Po 930 mAh","BST-38"],"general_type":"Mobile","general_cpu":[],"design_formfactor":"Slide","design_dimensions":"83 x 47 x 15","design_weight":"93","design_antenna":"Internal","design_keyboard":"Numeric","design_softkeys":"","design_sidekeys":[],"display_type":"TFT","display_color":"Yes","display_colors":"65K","display_size":"1.8\"","display_x":"128","display_y":"160","display_other":[],"memory_internal":["8MB RAM"],"memory_slot":[],"network":["GSM850","GSM1800","GSM1900","Bluetooth 2.0","GPRS Class 10"],"media_camera":["1.3MP","1280x1024"],"media_secondcamera":[],"media_videocapture":[],"media_videoplayback":[],"media_audio":["MP3"],"media_other":["Digital zoom"],"features":["500 entries","Caller groups","Multiple numbers per contact","Picture ID","Ring ID","Calendar","Alarm","To-Do","Calculator","Timer","Stopwatch","Notes","Mass storage device","Music ringtones (MP3)","Polyphonic ringtones","Vibration","Phone profiles","Speakerphone","Voice recording","Stereo FM radio with RDSTrackID music recognition","Voice memo","Organizer","Predictive text input","Wallpapers","Screensavers","Games"],"connectors":["USB"],"general_platform_version_max":"","general_app":"","general_app_version":"","general_language":"","display_ppi":114,"display_pixel_ratio":"1.0","benchmark_min":0,"benchmark_max":0,"general_app_category":"","general_virtual":0,"display_css_screen_sizes":["128x160"]}}}