{"Device":{"_id":"1265","hd_ops":{"is_generic":0,"stop_on_detect":0,"overlay_result_specs":0},"hd_specs":{"general_vendor":"LG","general_model":"KF240","general_platform":"","general_image":"lg^kf240.jpeg","general_aliases":[],"general_eusar":"","general_battery":["Li-Ion 800 mAh"],"general_type":"Mobile","general_cpu":[],"design_formfactor":"Slide","design_dimensions":"94 x 47 x 16","design_weight":"91","design_antenna":"Internal","design_keyboard":"Numeric","design_softkeys":"","design_sidekeys":[],"display_type":"TFT","display_color":"Yes","display_colors":"262K","display_size":"2\"","display_x":"176","display_y":"220","display_other":[],"memory_internal":["20MB"],"memory_slot":["microSD","2GB"],"network":["GSM900","GSM1800","GSM1900","GPRS Class 10","Bluetooth 2.0"],"media_camera":["2MP","1600x1200"],"media_secondcamera":["None"],"media_videocapture":["Yes"],"media_videoplayback":["MPEG4","H.263"],"media_audio":["MP3","AAC","AAC+","eAAC+","WMA"],"media_other":[],"features":["Internet Browsing XHTML","WAP 2.0","Phonebook","Caller groups","Multiple numbers per contact","Picture ID","Ring ID","Organizer","Calendar","Alarm","Calculator","Instant Messaging","SMS","MMS","T9","Predictive text input","Email","Java Midp 2.0","CLDC 1.1","Games","Advanced Audio Distribution (A2DP)","Audio\/Visual Remote Control Profile (AVRCP)","Basic Printing (BPP)","File Transfer (FTP)","Generic Access (GAP)","Generic Audio\/Video Distribution (GAVDP)","Handsfree (HFP)","Headset (HSP)","Object Push (OPP)","Serial Port (SPP)","Service Discovery Application (SDAP)","Service Discovery Protocol (SDP)"],"connectors":["USB 2.0"],"general_platform_version":"","general_browser":"","general_browser_version":"","general_language":"","general_platform_version_max":"","general_app":"","general_app_version":"","display_ppi":141,"display_pixel_ratio":"1.0","benchmark_min":0,"benchmark_max":0,"general_app_category":"","general_virtual":0,"display_css_screen_sizes":["176x220"]}}}