{"Device":{"_id":"1393","hd_ops":{"is_generic":0,"stop_on_detect":0,"overlay_result_specs":0},"hd_specs":{"general_vendor":"LG","general_model":"U300","general_platform":"","general_platform_version":"","general_browser":"","general_browser_version":"","general_image":"lg^u300.jpeg","general_aliases":[],"general_eusar":"","general_battery":["Li-Ion"],"general_type":"Mobile","general_cpu":[],"design_formfactor":"Clamshell","design_dimensions":"96 x 50 x 22","design_weight":"93","design_antenna":"Internal","design_keyboard":"Numeric","design_softkeys":"2","design_sidekeys":[],"display_type":"TFT","display_color":"Yes","display_colors":"256K","display_size":"2\"","display_x":"176","display_y":"220","display_other":[],"memory_internal":["8MB RAM"],"memory_slot":["microSD"],"network":["GSM900","GSM1800","GSM1900","UMTS2100","GPRS","EDGE","Bluetooth 1.1"],"media_camera":["1.3MP","1280x1024"],"media_secondcamera":[],"media_videocapture":["Yes"],"media_videoplayback":["MPEG4"],"media_audio":["MP3","AAC","AAC+"],"media_other":["Digital zoom","Flash"],"features":["Calculator","Stopwatch","To-Do \/ Tasks","Alarm","Calendar","Caller groups","Multiple numbers per contact","Picture ID","Ring ID","SMS","EMS","MMS","Email","Instant Messaging","Games","Video telephony","Predictive text input","Organizer"],"connectors":["USB"],"general_platform_version_max":"","general_app":"","general_app_version":"","general_language":"","display_ppi":141,"display_pixel_ratio":"1.0","benchmark_min":0,"benchmark_max":0,"general_app_category":"","general_virtual":0,"display_css_screen_sizes":["176x220"]}}}