{"Device":{"_id":"1181","hd_ops":{"is_generic":0,"stop_on_detect":0,"overlay_result_specs":0},"hd_specs":{"general_vendor":"Nokia","general_model":"6708","general_platform":"","general_image":"nokia^6708.jpg","general_aliases":[],"general_eusar":"0.69 Head","general_battery":["Li-Ion BP-3001L"],"general_type":"Mobile","general_cpu":["144MHz","ARM925"],"design_formfactor":"Bar","design_dimensions":"118 x 52 x 18","design_weight":"150","design_antenna":"Internal","design_keyboard":"Numeric","design_softkeys":"2","design_sidekeys":["Volume","Camera"],"display_type":"TFT","display_color":"Yes","display_colors":"65K","display_size":"2.7\"","display_x":"208","display_y":"320","display_other":["Resistive","Touch"],"memory_internal":["18MB"],"memory_slot":["miniSD"],"network":["GSM900","GSM1800","GSM1900","Bluetooth 1.1","GPRS Class 10"],"media_camera":["1.3MP","1280x960"],"media_secondcamera":["None"],"media_videocapture":["Yes"],"media_videoplayback":["MPEG4","H.263"],"media_audio":["MP3","WAV","AMR"],"media_other":["White balance","Self-timer"],"features":["Unlimited entries","Multiple numbers per contact","Picture ID","Ring ID","Calendar","Alarm","To-Do","Calculator","Notes","Polyphonic ringtones","Vibration","Phone profiles","Speakerphone","Voice dialing","Voice commands","Voice recording","Wallpapers","Downloadable pictures","SMS","MMS","Email","Handwriting recognition","iTap","Voice memo","Games"],"connectors":["USB"],"general_platform_version":"","general_browser":"","general_browser_version":"","general_language":"","general_platform_version_max":"","general_app":"","general_app_version":"","display_ppi":141,"display_pixel_ratio":"1.0","benchmark_min":0,"benchmark_max":0,"general_app_category":"","general_virtual":0,"display_css_screen_sizes":["208x320"]}}}