{"Device":{"_id":"13","hd_ops":{"is_generic":0,"stop_on_detect":0,"overlay_result_specs":0},"hd_specs":{"general_vendor":"Samsung","general_model":"A940","general_platform":"","general_image":"samsung^a940.jpg","general_aliases":[],"general_eusar":"","general_battery":["Li-Ion 1000 mAh"],"general_type":"Mobile","general_cpu":[],"design_formfactor":"Clamshell","design_dimensions":"93 x 46 x 25.7","design_weight":"139","design_antenna":"Internal","design_keyboard":"Numeric","design_softkeys":"2","design_sidekeys":[],"display_type":"TFT","display_color":"Yes","display_colors":"262K","display_size":"","display_x":"176","display_y":"220","display_other":["Second External TFT"],"memory_internal":[],"memory_slot":["microSD","microSDHC","32GB"],"network":["CDMA800","CDMA1900","AMPS800","Bluetooth"],"media_camera":["2MP","1600x1200"],"media_secondcamera":[],"media_videocapture":["Yes"],"media_videoplayback":[],"media_audio":["MP3","AAC","AAC+"],"media_other":["Auto focus","Exposure control","Multi shot","LED Flash"],"features":["500 entries","Caller groups","Multiple numbers per contact","Picture ID","Ring ID","Calendar","Alarm","To-Do","Calculator","World clock","SMS","MMS","T9","Predictive text input","Computer sync","Service lights","Music ringtones (MP3)","Polyphonic ringtones (64 voices)","Vibration","Speakerphone","Voice dialing","Voice commands (Speaker independent)","Voice recording","TTY\/TDD","Games"],"connectors":["2.5mm Audio"],"general_platform_version":"","general_browser":"","general_browser_version":"","general_language":"","general_platform_version_max":"","general_app":"","general_app_version":"","display_ppi":0,"display_pixel_ratio":"1.0","benchmark_min":0,"benchmark_max":0,"general_app_category":"","general_virtual":0,"display_css_screen_sizes":["176x220"]}}}