{"Device":{"_id":"1381","hd_ops":{"is_generic":0,"stop_on_detect":0,"overlay_result_specs":0},"hd_specs":{"general_vendor":"Samsung","general_model":"SGH-B270","general_platform":"","general_image":"samsung^sghb270.jpg","general_aliases":[],"general_eusar":"0.95 Head","general_battery":["Li-Ion 750 mAh"],"general_type":"Mobile","general_cpu":[],"design_formfactor":"Clamshell","design_dimensions":"88.1 x 45.6 x 19.8","design_weight":"74","design_antenna":"Internal","design_keyboard":"Numeric","design_softkeys":"2","design_sidekeys":[],"display_type":"CSTN","display_color":"Yes","display_colors":"65K","display_size":"1.5\"","display_x":"128","display_y":"128","display_other":[],"memory_internal":["600KB RAM"],"memory_slot":[],"network":["GSM900","GSM1800","GPRS Class 10"],"media_camera":[],"media_secondcamera":[],"media_videocapture":[],"media_videoplayback":[],"media_audio":[],"media_other":[],"features":["Calculator","World Clock","Timer","Stopwatch","Unit Converter","Currency Converter","Calendar","Alarm clock","Caller groups","SMS","EMS","Voice memo","Predictive text input","Organizer","Wallpaper","Games"],"connectors":[],"general_platform_version":"","general_browser":"","general_browser_version":"","general_language":"","general_platform_version_max":"","general_app":"","general_app_version":"","display_ppi":121,"display_pixel_ratio":"1.0","benchmark_min":0,"benchmark_max":0,"general_app_category":"","general_virtual":0,"display_css_screen_sizes":["128x128"]}}}