{"Device":{"_id":"1079","hd_ops":{"is_generic":0,"stop_on_detect":0,"overlay_result_specs":0},"hd_specs":{"general_vendor":"Samsung","general_model":"SGH-D347","general_platform":"","general_image":"samsung^sghd347.jpg","general_aliases":[],"general_eusar":"","general_battery":["Li-Ion 1000 mAh"],"general_type":"Mobile","general_cpu":[],"design_formfactor":"Clamshell","design_dimensions":"87 x 45.5 x 24.4","design_weight":"92","design_antenna":"External","design_keyboard":"Numeric","design_softkeys":"2","design_sidekeys":["Volume"],"display_type":"LCD","display_color":"Yes","display_colors":"65K","display_size":"","display_x":"128","display_y":"160","display_other":["Second External"],"memory_internal":[],"memory_slot":[],"network":["GSM850","GSM900","GSM1800","GSM1900","Bluetooth 1.2"],"media_camera":[],"media_secondcamera":[],"media_videocapture":[],"media_videoplayback":[],"media_audio":[],"media_other":[],"features":["1000 entries","Caller groups","Multiple numbers per contact","Picture ID","Ring ID","Calendar","Alarm","To-Do","Calculator","Unit converter","World clock","Stopwatch","Countdown timer","Notepad","SMS","MMS","T9","Predictive text input","Music ringtones (MP3)","Vibration","Phone profiles","Speakerphone","Voice dialing","Voice commands","Voice recording","TTY\/TDD","Push-to-Talk","Games"],"connectors":["USB","2.5mm Audio"],"general_platform_version":"","general_browser":"","general_browser_version":"","general_language":"","general_platform_version_max":"","general_app":"","general_app_version":"","display_ppi":0,"display_pixel_ratio":"1.0","benchmark_min":0,"benchmark_max":0,"general_app_category":"","general_virtual":0,"display_css_screen_sizes":["128x160"]}}}