{"Device":{"_id":"1423","hd_ops":{"is_generic":0,"stop_on_detect":0,"overlay_result_specs":0},"hd_specs":{"general_vendor":"LG","general_model":"C2200","general_platform":"","general_platform_version":"","general_browser":"WAP","general_browser_version":"2.0","general_image":"lgc2200-1357759322-1.jpg","general_aliases":[],"general_eusar":"","general_battery":["Li-Ion 760 mAh"],"general_type":"Mobile","general_cpu":[],"design_formfactor":"Clamshell","design_dimensions":"84 x 46 x 23.5","design_weight":"99","design_antenna":"External","design_keyboard":"Numeric","design_softkeys":"2","design_sidekeys":[],"display_type":"TFT","display_color":"Yes","display_colors":"65K","display_size":"","display_x":"128","display_y":"160","display_other":[],"memory_internal":["1MB"],"memory_slot":[],"network":["GSM900","GSM1800","GPRS"],"media_camera":["0.3MP","640x480"],"media_secondcamera":[],"media_videocapture":[],"media_videoplayback":[],"media_audio":[],"media_other":[],"features":["Predictive text input","Organizer","Voice memo","Photo editor"],"connectors":[],"general_language":"","general_platform_version_max":"","general_app":"","general_app_version":"","display_ppi":0,"display_pixel_ratio":"1.0","benchmark_min":0,"benchmark_max":0,"general_app_category":"","general_virtual":0,"display_css_screen_sizes":["128x160"]}}}