{"Device":{"_id":"1188","hd_ops":{"is_generic":0,"stop_on_detect":0,"overlay_result_specs":0},"hd_specs":{"general_aliases":[],"display_x":"128","display_y":"128","general_vendor":"LG","general_model":"CU6160","general_platform":"","general_image":"","network":["CDMA2000"],"general_type":"Mobile","general_battery":["Li-Ion 540 mAh"],"general_cpu":[],"design_sidekeys":[],"display_other":[],"memory_internal":[],"memory_slot":[],"media_camera":[],"media_secondcamera":[],"media_videocapture":[],"media_videoplayback":[],"media_audio":[],"media_other":[],"features":["Alarm Clock","Polyphonic Ringer","SMS","Calendar","Calculator","Received Call","Missed Call","Dialed Call"],"connectors":[],"design_formfactor":"Clamshell","design_dimensions":"45.72 x 20.32 x 83.82","design_weight":"79","design_antenna":"External","design_keyboard":"Numeric","design_softkeys":"","display_type":"","display_color":"No","display_colors":"","display_size":"7\"","general_eusar":"","general_platform_version":"","general_browser":"","general_browser_version":"","general_language":"","general_platform_version_max":"","general_app":"","general_app_version":"","display_ppi":26,"display_pixel_ratio":"1.0","benchmark_min":0,"benchmark_max":0,"general_app_category":"","general_virtual":0,"display_css_screen_sizes":["128x128"]}}}