{"Device":{"_id":"10579","hd_ops":{"is_generic":0,"stop_on_detect":0,"overlay_result_specs":0},"hd_specs":{"general_vendor":"ZTE","general_model":"F106-ChinaUnicom","general_platform":"","general_platform_version":"","general_browser":"","general_browser_version":"","general_image":"ztef106-chinaunicom-1359667249-0.jpg","general_aliases":[],"general_eusar":"","general_battery":["Li-Ion 1000 mAh"],"general_type":"Mobile","general_cpu":[],"design_formfactor":"Bar","design_dimensions":"111.2 x 50 x 14.4","design_weight":"103","design_antenna":"Internal","design_keyboard":"Numeric","design_softkeys":"","design_sidekeys":[],"display_type":"TFT","display_color":"Yes","display_colors":"262K","display_size":"2.4\"","display_x":"240","display_y":"320","display_other":[],"memory_internal":[],"memory_slot":["microSD"],"network":["GSM900","GSM850","GSM1800","GSM1900","HSDPA2100","HSDPA900","Bluetooth","GPRS","EDGE"],"media_camera":["2MP","1600x1200"],"media_secondcamera":[],"media_videocapture":["Yes"],"media_videoplayback":["MPEG4"],"media_audio":["MP3"],"media_other":[],"features":["1000 entries","Alarm clock","Calendar","Calculator","Organizer","Speakerphone","Vibration","Stopwatch","Currency converter","Wallpaper","Voice memo","Voice dialing","Predictive text input","SMS","MMS","Email","FM radio","Games"],"connectors":["USB","MicroUSB"],"general_language":"","general_platform_version_max":"","general_app":"","general_app_version":"","display_ppi":167,"display_pixel_ratio":"1.0","benchmark_min":0,"benchmark_max":0,"general_app_category":"","general_virtual":0,"display_css_screen_sizes":["240x320"]}}}