{"Device":{"_id":"1107","hd_ops":{"is_generic":0,"stop_on_detect":0,"overlay_result_specs":0},"hd_specs":{"general_vendor":"Asus","general_model":"Z801","general_platform":"","general_image":"asus^z801.jpg","general_aliases":[],"general_eusar":"","general_battery":["Li-Ion 750 mAh"],"general_type":"Mobile","general_cpu":[],"design_formfactor":"Clamshell","design_dimensions":"92 x 46 x 23.5","design_weight":"110","design_antenna":"Internal","design_keyboard":"Numeric","design_softkeys":"","design_sidekeys":[],"display_type":"TFT","display_color":"Yes","display_colors":"262K","display_size":"2\"","display_x":"240","display_y":"320","display_other":[],"memory_internal":["64MB RAM"],"memory_slot":["microSD"],"network":["GSM900","GSM1800","GSM1900","GPRS Class 10","Bluetooth 1.2"],"media_camera":["2MP","1600x1200"],"media_secondcamera":[],"media_videocapture":["Yes"],"media_videoplayback":["MPEG4"],"media_audio":["AAC","WAV"],"media_other":["LED Flash"],"features":["Predictive text input","Organizer","Stopwatch","SMS","EMS","MMS","Email","FM Radio","Games","Watch","Calculator","voice dial","recorder","Calendar","T9","Call Waiting","Call Forwarding"],"connectors":["USB 1.1"],"general_platform_version":"","general_browser":"","general_browser_version":"","general_language":"","general_platform_version_max":"","general_app":"","general_app_version":"","display_ppi":200,"display_pixel_ratio":"1.0","benchmark_min":0,"benchmark_max":0,"general_app_category":"","general_virtual":0,"display_css_screen_sizes":["240x320"]}}}