{"Device":{"_id":"1209","hd_ops":{"is_generic":0,"stop_on_detect":0,"overlay_result_specs":0},"hd_specs":{"general_aliases":[],"display_x":"176","display_y":"220","general_vendor":"Huawei","general_model":"V715","general_platform":"","general_image":"huawei^v715.jpg","network":["UMTS2100","GSM900","GSM1800","GSM1900","Bluetooth","GPRS Class 10"],"general_type":"Mobile","general_eusar":"","general_battery":["Li-Ion"],"general_cpu":[],"design_formfactor":"Bar","design_dimensions":"105 x 45.5 x 15.5","design_weight":"90","design_antenna":"Internal","design_keyboard":"Numeric","design_softkeys":"2","design_sidekeys":[],"display_type":"TFT","display_color":"Yes","display_colors":"262K","display_size":"1.8\"","display_other":[],"memory_internal":["10MB"],"memory_slot":["microSD"],"media_camera":["1.3MP"],"media_secondcamera":[],"media_videocapture":["Yes"],"media_videoplayback":["MP4","3GP","3G2"],"media_audio":["MP3","eAAC","AAC","AAC+"],"media_other":[],"features":["Games","Calculator","Calendar","Alarm clock","Video Streaming","Supports background music playing","eBook","Text viewer","Download ringtones","Polyphonic","Organizer","Voice memo","Voice recorder"],"connectors":["3.5mm Audio","USB 2.0"],"general_platform_version":"","general_browser":"","general_browser_version":"","general_language":"","general_platform_version_max":"","general_app":"","general_app_version":"","display_ppi":157,"display_pixel_ratio":"1.0","benchmark_min":0,"benchmark_max":0,"general_app_category":"","general_virtual":0,"display_css_screen_sizes":["176x220"]}}}