{"Device":{"_id":"1418","hd_ops":{"is_generic":0,"stop_on_detect":0,"overlay_result_specs":0},"hd_specs":{"general_vendor":"LG","general_model":"CE110","general_platform":"","general_image":"lg^ce110.jpeg","general_aliases":[],"general_eusar":"","general_battery":["Li-Ion 900 mAh"],"general_type":"Mobile","general_cpu":[],"design_formfactor":"Clamshell","design_dimensions":"89.4 x 47 x 21","design_weight":"81","design_antenna":"Internal","design_keyboard":"Numeric","design_softkeys":"2","design_sidekeys":[],"display_type":"TFT","display_color":"Yes","display_colors":"65K","display_size":"1.56\"","display_x":"128","display_y":"128","display_other":[],"memory_internal":[],"memory_slot":[],"network":["GSM850","GSM1900","EDGE Class 10","Bluetooth 2.0"],"media_camera":["VGA","640x480"],"media_secondcamera":["No"],"media_videocapture":[],"media_videoplayback":[],"media_audio":[],"media_other":[],"features":["Organizer","Tip calculator","World clock","Java MIDP 2.0","Games downloadable","Internet Browsing WAP 2.0\/xHTML","SMS","EMS","MMS","Email","10 dialed","10 received","10 missed calls","1000 entries phone book","Vibration","Downloadable polyphonic ringtones","Downloadable wallpapers"],"connectors":["USB"],"general_platform_version":"","general_browser":"","general_browser_version":"","general_language":"","general_platform_version_max":"","general_app":"","general_app_version":"","display_ppi":116,"display_pixel_ratio":"1.0","benchmark_min":0,"benchmark_max":0,"general_app_category":"","general_virtual":0,"display_css_screen_sizes":["128x128"]}}}