{"Device":{"_id":"107","hd_ops":{"is_generic":0,"stop_on_detect":0,"overlay_result_specs":0},"hd_specs":{"general_vendor":"Toshiba","general_model":"TS 921","general_platform":"","general_platform_version":"","general_browser":"WAP","general_browser_version":"2.0","general_image":"","general_aliases":[],"general_eusar":"","general_battery":["Li-Ion 1000 mAh"],"general_type":"Mobile","general_cpu":[],"design_formfactor":"Clamshell","design_dimensions":"111 x 50 x 25","design_weight":"148","design_antenna":"Internal","design_keyboard":"Numeric","design_softkeys":"2","design_sidekeys":[],"display_type":"TFT","display_color":"Yes","display_colors":"256K","display_size":"2.4\"","display_x":"240","display_y":"320","display_other":[],"memory_internal":[],"memory_slot":["SD"],"network":["GSM900","GSM1800","GSM1900","UMTS2100","Bluetooth"],"media_camera":["2MP","1600x1200"],"media_secondcamera":[],"media_videocapture":[],"media_videoplayback":[],"media_audio":["MP3"],"media_other":["Auto focus","White balance presets","Night mode","Self-timer"],"features":["Predictive text input","Photo editor","Organizer"],"connectors":["USB"],"general_language":"","general_platform_version_max":"","general_app":"","general_app_version":"","display_ppi":167,"display_pixel_ratio":"1.0","benchmark_min":0,"benchmark_max":0,"general_app_category":"","general_virtual":0,"display_css_screen_sizes":["240x320"]}}}