{"Device":{"_id":"1443","hd_ops":{"is_generic":0,"stop_on_detect":0,"overlay_result_specs":0},"hd_specs":{"general_vendor":"LG","general_model":"CU515","general_platform":"","general_image":"lg^cu515.jpeg","general_aliases":[],"general_eusar":"","general_battery":["Li-Ion 1000 mAh"],"general_type":"Mobile","general_cpu":[],"design_formfactor":"Clamshell","design_dimensions":"96 x 49.5 x 18","design_weight":"95","design_antenna":"Internal","design_keyboard":"Numeric","design_softkeys":"2","design_sidekeys":["Volume"],"display_type":"TFT","display_color":"Yes","display_colors":"65K","display_size":"2\"","display_x":"176","display_y":"220","display_other":[],"memory_internal":["55MB"],"memory_slot":["microSD","4GB"],"network":["GSM850","GSM900","GSM1800","GSM1900","Bluetooth 1.2","HSDPA850","HSDPA1900","GPRS Class 10","EDGE Class 10"],"media_camera":["1.3MP","1280x960"],"media_secondcamera":[],"media_videocapture":["QCIF"],"media_videoplayback":["MP3","AAC"],"media_audio":["MP4"],"media_other":["Digital zoom"],"features":["Downloadable wallpapers","SMS","EMS","MMS","Email","Games","500 entries","Caller groups","Multiple numbers per contact","Picture ID","Ring ID","Calendar","Alarm","To-Do","Calculator","Tip calculator","Unit converter","World clock","Notepad","E-mail","Music ringtones (MP3)","Vibration","Phone profiles","Speakerphone","Hearing Aid Compatibility (T3 & M3)","Voice recording","TTY\/TDD","Push-to-Talk"],"connectors":["USB"],"general_platform_version":"","general_browser":"","general_browser_version":"","general_language":"","general_platform_version_max":"","general_app":"","general_app_version":"","display_ppi":141,"display_pixel_ratio":"1.0","benchmark_min":0,"benchmark_max":0,"general_app_category":"","general_virtual":0,"display_css_screen_sizes":["176x220"]}}}