{"Device":{"_id":"1446","hd_ops":{"is_generic":0,"stop_on_detect":0,"overlay_result_specs":0},"hd_specs":{"general_vendor":"LG","general_model":"CU500","general_platform":"","general_image":"lg^cu500.jpeg","general_aliases":[],"general_eusar":"","general_battery":["Li-Po 1100 mAh"],"general_type":"Mobile","general_cpu":[],"design_formfactor":"Clamshell","design_dimensions":"96.5 x 49.5 x 19","design_weight":"105","design_antenna":"Internal","design_keyboard":"Numeric","design_softkeys":"","design_sidekeys":["Volume"],"display_type":"TFT","display_color":"Yes","display_colors":"65K","display_size":"","display_x":"176","display_y":"220","display_other":[],"memory_internal":[],"memory_slot":["microSD","1GB"],"network":["GSM850","GSM900","GSM1800","GSM1900","UMTS850","UMTS1900","EDGE","Bluetooth 1.1"],"media_camera":["1.3MP","1280x960"],"media_secondcamera":[],"media_videocapture":["QVGA"],"media_videoplayback":[],"media_audio":["MP3","AAC","AAC+","WMA"],"media_other":["Digital zoom","Multi shot","Effects","Self-timer","Flash"],"features":["500 entries","Caller groups","Multiple numbers per contact","Picture ID","Ring ID","Calendar","Alarm","To-Do","Calculator","Tip calculator","Converter","World clock","Stopwatch","Notepad","SMS","MMS","T9","Predictive text input","Email","IMAP","POP3","SMTP","Instant Messaging","AOL","Yahoo!","ICQ","Games","Computer sync","Polyphonic ringtones (72 voices)","Vibration","Phone profiles","Speakerphone","Voice recording","TTY\/TDD"],"connectors":["USB","2.5mm Audio"],"general_platform_version":"","general_browser":"","general_browser_version":"","general_language":"","general_platform_version_max":"","general_app":"","general_app_version":"","display_ppi":0,"display_pixel_ratio":"1.0","benchmark_min":0,"benchmark_max":0,"general_app_category":"","general_virtual":0,"display_css_screen_sizes":["176x220"]}}}