{"Device":{"_id":"106","hd_ops":{"is_generic":0,"stop_on_detect":0,"overlay_result_specs":0},"hd_specs":{"general_vendor":"Philips","general_model":"F511","general_platform":"","general_image":"philips^f511.jpg","general_aliases":[],"general_eusar":"","general_battery":["Li-Ion 1000 mAh"],"general_type":"Mobile","general_cpu":[],"design_formfactor":"Bar","design_dimensions":"112.9 x 49.2 x 12.8","design_weight":"98","design_antenna":"Internal","design_keyboard":"Numeric","design_softkeys":"2","design_sidekeys":[],"display_type":"TFT","display_color":"Yes","display_colors":"256K","display_size":"2.4\"","display_x":"240","display_y":"320","display_other":[],"memory_internal":["70MB"],"memory_slot":["microSD","16GB"],"network":["GSM900","GSM1800","GSM1900","Bluetooth 2.1","GPRS Class 12","EDGE"],"media_camera":["3.15MP","2048x1536"],"media_secondcamera":[],"media_videocapture":["QCIF@15fps"],"media_videoplayback":["MPEG4","H.263"],"media_audio":["AAC","AAC+","WAV","WMA"],"media_other":["LED Flash"],"features":["SMS","MMS","Email","FM Radio","Dual SIM","Organizer","Chinese\/English dictionary","Voice memo","Predictive text input","Games"],"connectors":["USB 2.0","MiniUSB","3.5mm Audio"],"general_platform_version":"","general_browser":"","general_browser_version":"","general_language":"","general_platform_version_max":"","general_app":"","general_app_version":"","display_ppi":167,"display_pixel_ratio":"1.0","benchmark_min":0,"benchmark_max":0,"general_app_category":"","general_virtual":0,"display_css_screen_sizes":["240x320"]}}}