{"Device":{"_id":"1238","hd_ops":{"is_generic":0,"stop_on_detect":0,"overlay_result_specs":0},"hd_specs":{"general_vendor":"Haier","general_model":"HG-A7","general_platform":"","general_image":"","general_aliases":[],"general_eusar":"","general_battery":["Li-Ion 560 mAh"],"general_type":"Mobile","general_cpu":[],"design_formfactor":"Clamshell","design_dimensions":"80 x 42 x 19.8","design_weight":"77","design_antenna":"Internal","design_keyboard":"Numeric","design_softkeys":"2","design_sidekeys":[],"display_type":"TFT","display_color":"Yes","display_colors":"65K","display_size":"1.7\"","display_x":"128","display_y":"160","display_other":[],"memory_internal":["128MB RAM"],"memory_slot":[],"network":["GSM900","GSM1800","GSM1900","Infrared","GPRS Class 10"],"media_camera":["1.3MP","1280x1024"],"media_secondcamera":[],"media_videocapture":["Yes"],"media_videoplayback":["MPEG4"],"media_audio":["MP3"],"media_other":[],"features":["500 entries","Calendar","Alarm","Calculator","World clock","Stopwatch","Memo","Lunar calendar","SMS","MMS","T9","Predictive text input","Polyphonic ringtones (64 voices)","Vibration","Speakerphone","Voice recording","Games"],"connectors":[],"general_platform_version":"","general_browser":"","general_browser_version":"","general_language":"","general_platform_version_max":"","general_app":"","general_app_version":"","display_ppi":121,"display_pixel_ratio":"1.0","benchmark_min":0,"benchmark_max":0,"general_app_category":"","general_virtual":0,"display_css_screen_sizes":["128x160"]}}}