{"Device":{"_id":"1163","hd_ops":{"is_generic":0,"stop_on_detect":0,"overlay_result_specs":0},"hd_specs":{"general_aliases":[],"display_x":"220","display_y":"176","general_vendor":"Nexian","general_model":"NX-G730","general_platform":"","general_image":"","network":["GSM900","GSM1800","Bluetooth"],"general_type":"Mobile","general_battery":["Li-Ion 1000 mAh"],"general_cpu":[],"design_sidekeys":[],"display_other":[],"memory_internal":["378KB"],"memory_slot":["microSD"],"media_camera":["VGA","640x480"],"media_secondcamera":[],"media_videocapture":["Yes"],"media_videoplayback":[],"media_audio":[],"media_other":[],"features":["FM radio","Radio recorder","Nexian Messenger","Nexian Zone","Yahoo Messenger","Facebook (Shortcut)","Twitter (Shortcut)","Windows Live","Yahoo Mobile","Wallpaper","SMS","MMS","EMS","Email","Predictive text input","Games"],"connectors":["USB","MiniUSB"],"design_formfactor":"Bar","design_dimensions":"114 x 62 x 15","design_weight":"","design_antenna":"Internal","design_keyboard":"Qwerty","design_softkeys":"","display_type":"TFT","display_color":"Yes","display_colors":"","display_size":"2\"","general_eusar":"","general_platform_version":"","general_browser":"","general_browser_version":"","general_language":"","general_platform_version_max":"","general_app":"","general_app_version":"","display_ppi":141,"display_pixel_ratio":"1.0","benchmark_min":0,"benchmark_max":0,"general_app_category":"","general_virtual":0,"display_css_screen_sizes":["220x176"]}}}