{"Device":{"_id":"126","hd_ops":{"is_generic":0,"stop_on_detect":0,"overlay_result_specs":0},"hd_specs":{"general_aliases":[],"display_x":"240","display_y":"320","general_vendor":"Tianyu","general_model":"A660","general_platform":"","general_image":"pending.png","network":["GSM900","GSM1800","Bluetooth 1.2"],"general_type":"Mobile","general_eusar":"","general_battery":["Li-ion 1000 mAh"],"general_cpu":[],"design_formfactor":"Bar","design_dimensions":"115 x 52.5 x 13","design_weight":"100","design_antenna":"Internal","design_keyboard":"Numeric","design_softkeys":"2","design_sidekeys":[],"display_type":"LCD","display_color":"Yes","display_colors":"262K","display_size":"2.6\"","display_other":[],"memory_internal":["60MB RAM"],"memory_slot":["microSD","2GB"],"media_camera":["3MP","1280x1024"],"media_secondcamera":[],"media_videocapture":["Yes"],"media_videoplayback":["MPEG4","3GP"],"media_audio":["MP3","WAV","AMR","AAC"],"media_other":[],"features":["FM Radio","Internet Browsing WAP 2.0","MMS","SMS","Caller group","Caller picture","Caller video","MP3 ringtone","Java MIDP 2.0","Games","1000 Entries phonebook Capacity","Anti Steal","Alarm","Calculator","Unit converter","Calendar","To do list","Health","Caller black list","Self Help","Private Protect","Support .txt format"],"connectors":["USB"],"general_platform_version":"","general_browser":"","general_browser_version":"","general_language":"","general_platform_version_max":"","general_app":"","general_app_version":"","display_ppi":154,"display_pixel_ratio":"1.0","benchmark_min":0,"benchmark_max":0,"general_app_category":"","general_virtual":0,"display_css_screen_sizes":["240x320"]}}}