{"Device":{"_id":"1132","hd_ops":{"is_generic":0,"stop_on_detect":0,"overlay_result_specs":0},"hd_specs":{"general_aliases":["Nexian Dynamic"],"display_x":"176","display_y":"220","general_vendor":"Nexian","general_model":"NX-G353","general_platform":"","general_image":"","network":["GSM900","GSM1800","GPRS","Bluetooth"],"general_type":"Mobile","general_battery":["Li-ion 1000 mAh"],"general_cpu":[],"design_sidekeys":[],"display_other":[],"memory_internal":[],"memory_slot":[],"media_camera":["Yes"],"media_secondcamera":[],"media_videocapture":[],"media_videoplayback":[],"media_audio":["MP3"],"media_other":[],"features":["Social Media (facebook","twitter)","Internet Browser","NMC Player","Yahoo! Messenger","MSN","Skype","Yahoo! Mobile","FM Radio","SMS","MMS"],"connectors":["USB"],"design_formfactor":"Bar","design_dimensions":"110 x 59 x 12","design_weight":"","design_antenna":"Internal","design_keyboard":"Qwerty","design_softkeys":"","display_type":"","display_color":"Yes","display_colors":"","display_size":"2\"","general_eusar":"","general_platform_version":"","general_browser":"","general_browser_version":"","general_language":"","general_platform_version_max":"","general_app":"","general_app_version":"","display_ppi":141,"display_pixel_ratio":"1.0","benchmark_min":0,"benchmark_max":0,"general_app_category":"","general_virtual":0,"display_css_screen_sizes":["176x220"]}}}