{"Device":{"_id":"1383","hd_ops":{"is_generic":0,"stop_on_detect":0,"overlay_result_specs":0},"hd_specs":{"general_vendor":"Panasonic","general_model":"X200P","general_platform":"","general_image":"panasonic^x200p.jpeg","general_aliases":[],"general_eusar":"","general_battery":["Li-Ion 600 mAh"],"general_type":"Mobile","general_cpu":[],"design_formfactor":"Bar","design_dimensions":"104 x 45 x 13","design_weight":"79","design_antenna":"Internal","design_keyboard":"Numeric","design_softkeys":"","design_sidekeys":[],"display_type":"TFT","display_color":"Yes","display_colors":"65K","display_size":"","display_x":"128","display_y":"128","display_other":[],"memory_internal":[],"memory_slot":[],"network":["GSM900","GSM1800","GPRS Class 8"],"media_camera":["VGA","640x480"],"media_secondcamera":[],"media_videocapture":[],"media_videoplayback":[],"media_audio":[],"media_other":[],"features":["Wallpapers","themes","Downloadable logos","Predictive text input","Organizer","Voice memo","SMS","MMS","Alarm","Calendar","Calculator"],"connectors":[],"general_platform_version":"","general_browser":"","general_browser_version":"","general_language":"","general_platform_version_max":"","general_app":"","general_app_version":"","display_ppi":0,"display_pixel_ratio":"1.0","benchmark_min":0,"benchmark_max":0,"general_app_category":"","general_virtual":0,"display_css_screen_sizes":["128x128"]}}}