{"Device":{"_id":"12","hd_ops":{"is_generic":0,"stop_on_detect":0,"overlay_result_specs":0},"hd_specs":{"general_vendor":"Samsung","general_model":"SPH-A740","general_platform":"","general_image":"samsung^spha740.jpg","general_aliases":["Samsung PM-740"],"general_eusar":"","general_battery":["Li-Ion"],"general_type":"Mobile","general_cpu":[],"design_formfactor":"Clamshell","design_dimensions":"89 x 46 x 25.4","design_weight":"99","design_antenna":"External","design_keyboard":"Numeric","design_softkeys":"","design_sidekeys":[],"display_type":"STN","display_color":"Yes","display_colors":"65K","display_size":"","display_x":"128","display_y":"160","display_other":[],"memory_internal":["2MB"],"memory_slot":[],"network":["CDMA800","CDMA1900","AMPS800"],"media_camera":["VGA","640x480"],"media_secondcamera":[],"media_videocapture":[],"media_videoplayback":[],"media_audio":[],"media_other":["Exposure control","Multi shot","Digital zoom","Self-timer","LED Flash"],"features":["299 entries","Caller groups","Multiple numbers per contact","Picture ID","Ring ID","Calendar","Alarm","To-Do","Calculator","SMS","MMS","T9","Predictive text input","Polyphonic ringtones (32 voices)","Vibration","Phone profiles","Voice dialing (Speaker independent)","Voice commands","Voice recording","TTY\/TDD","Games"],"connectors":[],"general_platform_version":"","general_browser":"","general_browser_version":"","general_language":"","general_platform_version_max":"","general_app":"","general_app_version":"","display_ppi":0,"display_pixel_ratio":"1.0","benchmark_min":0,"benchmark_max":0,"general_app_category":"","general_virtual":0,"display_css_screen_sizes":["128x160"]}}}