{"Device":{"_id":"1407","hd_ops":{"is_generic":0,"stop_on_detect":0,"overlay_result_specs":0},"hd_specs":{"general_vendor":"LG","general_model":"C3400","general_platform":"","general_image":"lg^c3400.jpg","general_aliases":[],"general_eusar":"","general_battery":["Li-Ion 1000 mAh"],"general_type":"Mobile","general_cpu":[],"design_formfactor":"Clamshell","design_dimensions":"91 x 47 x 24","design_weight":"93","design_antenna":"Internal","design_keyboard":"Numeric","design_softkeys":"","design_sidekeys":[],"display_type":"CSTN","display_color":"Yes","display_colors":"65K","display_size":"","display_x":"128","display_y":"160","display_other":[],"memory_internal":["16MB"],"memory_slot":[],"network":["GSM900","GSM1800","GPRS Class 10"],"media_camera":["VGA","640x480"],"media_secondcamera":[],"media_videocapture":[],"media_videoplayback":[],"media_audio":["MP3"],"media_other":["LED flash"],"features":["Downloadable wallpapers","SMS","EMS","MMS","Predictive text input","Organizer","Voice memo","Games","Predictive Text Input","Instant Messaging","Internet Browsing Wap 2.0","Voice Memo","Voice Dialing","Voice Recording"],"connectors":["USB"],"general_platform_version":"","general_browser":"","general_browser_version":"","general_language":"","general_platform_version_max":"","general_app":"","general_app_version":"","display_ppi":0,"display_pixel_ratio":"1.0","benchmark_min":0,"benchmark_max":0,"general_app_category":"","general_virtual":0,"display_css_screen_sizes":["128x160"]}}}