{"Device":{"_id":"1208","hd_ops":{"is_generic":0,"stop_on_detect":0,"overlay_result_specs":0},"hd_specs":{"general_vendor":"Huawei","general_model":"V716","general_platform":"","general_platform_version":"","general_browser":"","general_browser_version":"","general_image":"huaweiv716-1369796101-0.jpg","general_aliases":[],"general_eusar":"","general_battery":["Li-Ion"],"general_type":"Mobile","general_cpu":["None"],"design_formfactor":"Bar","design_dimensions":"104 x 45 x 14.5","design_weight":"90","design_antenna":"Internal","design_keyboard":"Numeric","design_softkeys":"","design_sidekeys":[],"display_type":"TFT","display_color":"Yes","display_colors":"65K","display_size":"2.1\"","display_x":"176","display_y":"220","display_other":[],"memory_internal":[],"memory_slot":["microSD"],"network":["GSM900","GSM1800","GSM1900","GPRS","Bluetooth"],"media_camera":["1.3MP","1280x1024"],"media_secondcamera":[],"media_videocapture":[],"media_videoplayback":[],"media_audio":["MP3"],"media_other":[],"features":["SMS","MMS","Organizer","Voice memo","Predictive text input","Received Call","Missed Call","Dialed Call","Calendar","Clock","Alarms","Instant Messaging"],"connectors":["USB"],"general_language":"","general_platform_version_max":"","general_app":"","general_app_version":"","display_ppi":134,"display_pixel_ratio":"1.0","benchmark_min":0,"benchmark_max":0,"general_app_category":"","general_virtual":0,"display_css_screen_sizes":["176x220"]}}}