{"Device":{"_id":"1026","hd_ops":{"is_generic":0,"stop_on_detect":0,"overlay_result_specs":0},"hd_specs":{"general_vendor":"Spice","general_model":"M5252","general_platform":"","general_platform_version":"","general_browser":"","general_browser_version":"","general_image":"spicem5252-1358690573-0.jpg","general_aliases":[],"general_eusar":"","general_battery":["Li-Ion 1300 mAh"],"general_type":"Mobile","general_cpu":[],"design_formfactor":"Bar","design_dimensions":"110.6 x 47 x 15.3","design_weight":"93","design_antenna":"Internal","design_keyboard":"Numeric","design_softkeys":"1","design_sidekeys":[],"display_type":"TFT","display_color":"Yes","display_colors":"256K","display_size":"","display_x":"176","display_y":"220","display_other":[],"memory_internal":[],"memory_slot":["microSD","8GB"],"network":["GSM900","GSM1800","GPRS","Bluetooth 1.2","BIP","DUN","HFP","HSP","OPP","SPP"],"media_camera":["CIF","352x288"],"media_secondcamera":[],"media_videocapture":[],"media_videoplayback":["MP4","H.263","AVI","3GP"],"media_audio":["MP3","WAV","AAC+"],"media_other":[],"features":["FM Radio"],"connectors":[],"general_language":"","general_platform_version_max":"","general_app":"","general_app_version":"","display_ppi":0,"display_pixel_ratio":"1.0","benchmark_min":0,"benchmark_max":0,"general_app_category":"","general_virtual":0,"display_css_screen_sizes":["176x220"]}}}