{"Device":{"_id":"1182","hd_ops":{"is_generic":0,"stop_on_detect":0,"overlay_result_specs":0},"hd_specs":{"general_vendor":"Fly","general_model":"B600","general_platform":"","general_image":"fly^b600.jpg","general_aliases":[],"general_eusar":"","general_battery":["Li-Ion 940 mAh"],"general_type":"Mobile","general_cpu":["None"],"design_formfactor":"Bar","design_dimensions":"110 x 49 x 14.30","design_weight":"110","design_antenna":"Internal","design_keyboard":"Numeric","design_softkeys":"2","design_sidekeys":[],"display_type":"TFT","display_color":"Yes","display_colors":"256K","display_size":"2.4\"","display_x":"240","display_y":"320","display_other":[],"memory_internal":["87MB RAM"],"memory_slot":["microSD","2GB"],"network":["GSM900","GSM1800","GSM1900","GPRS Class 10","Bluetooth 1.2"],"media_camera":["3.2MP","2048x1536"],"media_secondcamera":[],"media_videocapture":["@352x288"],"media_videoplayback":["H.263"],"media_audio":["AAC","AAC+","WAV","AMR"],"media_other":[],"features":["Internet Browsing WAP 2.0","FM Radio","Games","Java","Ring composer","Call Waiting","Call Forwarded","Conferency","SMS","MMS","EMS","e-mail client","Organizer","Clock","Alarm","Calendar","Stopwatch","Currency converter","Recorder","Vibration"],"connectors":["TV Out","2.5mm Audio"],"general_platform_version":"","general_browser":"","general_browser_version":"","general_language":"","general_platform_version_max":"","general_app":"","general_app_version":"","display_ppi":167,"display_pixel_ratio":"1.0","benchmark_min":0,"benchmark_max":0,"general_app_category":"","general_virtual":0,"display_css_screen_sizes":["240x320"]}}}