{"Device":{"_id":"1277","hd_ops":{"is_generic":0,"stop_on_detect":0,"overlay_result_specs":0},"hd_specs":{"general_vendor":"EZIO","general_model":"MP500","general_platform":"","general_platform_version":"","general_browser":"","general_browser_version":"","general_image":"eziomp500-1369282699-0.jpg","general_aliases":[],"general_eusar":"","general_battery":["Li-Ion 720 mAh"],"general_type":"Mobile","general_cpu":["None"],"design_formfactor":"Clamshell","design_dimensions":"88.70 x 41.30 x 26.30","design_weight":"","design_antenna":"Internal","design_keyboard":"Numeric","design_softkeys":"","design_sidekeys":[],"display_type":"TFT","display_color":"Yes","display_colors":"256K","display_size":"1.8\"","display_x":"128","display_y":"160","display_other":[],"memory_internal":["5MB"],"memory_slot":["miniSD"],"network":["GSM900","GSM1800","GPRS"],"media_camera":["1.3MP","1280x1024"],"media_secondcamera":[],"media_videocapture":[],"media_videoplayback":["MPEG4"],"media_audio":[],"media_other":[],"features":["SMS","EMS","MMS","Predictive Text Input","Organizer","Calendar","Alarms Clock","Calculator","Received Call","Dialed Call","Missed Call"],"connectors":["2.5mm Audio"],"general_language":"","general_platform_version_max":"","general_app":"","general_app_version":"","display_ppi":114,"display_pixel_ratio":"1.0","benchmark_min":0,"benchmark_max":0,"general_app_category":"","general_virtual":0,"display_css_screen_sizes":["128x160"]}}}