{"Device":{"_id":"132","hd_ops":{"is_generic":0,"stop_on_detect":0,"overlay_result_specs":0},"hd_specs":{"general_aliases":[],"display_x":"90","display_y":"40","general_vendor":"Aiko","general_model":"S1160","general_platform":"","general_image":"","network":["GSM800","GSM1900","GPRS"],"general_type":"Mobile","general_battery":["Li-Ion"],"general_cpu":[],"design_sidekeys":[],"display_other":[],"memory_internal":[],"memory_slot":[],"media_camera":[],"media_secondcamera":[],"media_videocapture":[],"media_videoplayback":[],"media_audio":[],"media_other":[],"features":["Alarm","Calculator","Calendar","Stopwatch","Speakerphone","SMS","Predictive text input","Games"],"connectors":[],"design_formfactor":"Clamshell","design_dimensions":"85 x 44 x 16","design_weight":"85","design_antenna":"External","design_keyboard":"Numeric","design_softkeys":"","display_type":"Monochrome","display_color":"No","display_colors":"","display_size":"","general_eusar":"","general_platform_version":"","general_browser":"","general_browser_version":"","general_language":"","general_platform_version_max":"","general_app":"","general_app_version":"","display_ppi":0,"display_pixel_ratio":"1.0","benchmark_min":0,"benchmark_max":0,"general_app_category":"","general_virtual":0,"display_css_screen_sizes":["90x40"]}}}