{"Device":{"_id":"1080","hd_ops":{"is_generic":0,"stop_on_detect":0,"overlay_result_specs":0},"hd_specs":{"general_aliases":["Nexian Princess"],"display_x":"240","display_y":"320","general_vendor":"Nexian","general_model":"NX-G889","general_platform":"","general_image":"","network":["GSM900","GSM1800","Bluetooth 2.0","GPRS","EDGE","802.11b","802.11g"],"general_type":"Mobile","general_battery":["Li-Ion 900 mAh"],"general_cpu":[],"design_sidekeys":[],"display_other":["Resistive","Touch"],"memory_internal":[],"memory_slot":["microSD","microSDHC"],"media_camera":["2MP","1600x1200"],"media_secondcamera":[],"media_videocapture":["Yes"],"media_videoplayback":["MPEG4","3GP"],"media_audio":["MP3"],"media_other":["Digital zoom","Auto focus"],"features":["Alarm","Calendar","Calculator","Organizer","Speakerphone","Stopwatch","Vibration","Currency converter","T9","SMS","MMS","Email","Instant messaging","Games"],"connectors":["USB 2.0","MicroUSB","3.5mm Audio"],"design_formfactor":"Bar","design_dimensions":"102 x 55.5 x 13","design_weight":"","design_antenna":"Internal","design_keyboard":"Screen","design_softkeys":"","display_type":"","display_color":"Yes","display_colors":"","display_size":"","general_eusar":"","general_platform_version":"","general_browser":"","general_browser_version":"","general_language":"","general_platform_version_max":"","general_app":"","general_app_version":"","display_ppi":0,"display_pixel_ratio":"1.0","benchmark_min":0,"benchmark_max":0,"general_app_category":"","general_virtual":0,"display_css_screen_sizes":["240x320"]}}}