{"Device":{"_id":"1095","hd_ops":{"is_generic":0,"stop_on_detect":0,"overlay_result_specs":0},"hd_specs":{"general_aliases":[],"display_x":"176","display_y":"220","general_vendor":"Bird","general_model":"D730","general_platform":"","general_image":"bird^d730.jpg","network":["GSM900","GSM1800","GPRS"],"general_type":"Mobile","general_eusar":"","general_battery":["Li-Ion 600 mAh"],"general_cpu":[],"design_formfactor":"Slide","design_dimensions":"0.95 x 0.182 x 0.47","design_weight":"96","design_antenna":"Internal","design_keyboard":"Numeric","design_softkeys":"2","design_sidekeys":[],"display_type":"TFT","display_color":"Yes","display_colors":"262K","display_size":"","display_other":[],"memory_internal":["60MB"],"memory_slot":["microSD"],"media_camera":["Yes"],"media_secondcamera":["None"],"media_videocapture":["Yes"],"media_videoplayback":[],"media_audio":["MP3","MIDI"],"media_other":[],"features":["Call Barring","Call Divert","Call Wait","Caller Id","Java MIDP 2.0","WAP 2.0","EMS","MMS","SMS","Integrated speakerphone","T9","Voice dialing","Alarm","Calculator","Calender","Clock","Voice Memo","Call received","Missed Call","Call Dialed","Fm Radio","Games","Screen Savers","Themes","Wallpapers","Polyphonic","Vibration","User Manual"],"connectors":["USB"],"general_platform_version":"","general_browser":"","general_browser_version":"","general_language":"","general_platform_version_max":"","general_app":"","general_app_version":"","display_ppi":0,"display_pixel_ratio":"1.0","benchmark_min":0,"benchmark_max":0,"general_app_category":"","general_virtual":0,"display_css_screen_sizes":["176x220"]}}}