{"Device":{"_id":"1129","hd_ops":{"is_generic":0,"stop_on_detect":0,"overlay_result_specs":0},"hd_specs":{"general_aliases":[],"display_x":"90","display_y":"40","general_vendor":"Kyocera","general_model":"KX444c","general_platform":"","general_image":"kyocera^kx444c.jpg","network":["CDMA800","CDMA1900","AMPS800"],"general_type":"Mobile","general_eusar":"","general_battery":["Li-Ion 1300 mAh"],"general_cpu":[],"design_formfactor":"Bar","design_dimensions":"114 x 49 x 28","design_weight":"122","design_antenna":"External","design_keyboard":"Numeric","design_softkeys":"","design_sidekeys":["Volume"],"display_type":"LCD","display_color":"Yes","display_colors":"4096","display_size":"","display_other":[],"memory_internal":[],"memory_slot":[],"media_camera":[],"media_secondcamera":[],"media_videocapture":[],"media_videoplayback":[],"media_audio":[],"media_other":[],"features":["200 entries","Caller groups","Multiple numbers per contact","Picture ID","Ring ID","Calendar","Alarm","To-Do","Calculator","Tip calculator","Stopwatch","SMS","Predictive text input","eZiText","Vibration","Phone profiles","Speakerphone","Voice dialing","Voice commands","TTY\/TDD","Push-to-Talk","Games"],"connectors":["2.5mm Audio"],"general_platform_version":"","general_browser":"","general_browser_version":"","general_language":"","general_platform_version_max":"","general_app":"","general_app_version":"","display_ppi":0,"display_pixel_ratio":"1.0","benchmark_min":0,"benchmark_max":0,"general_app_category":"","general_virtual":0,"display_css_screen_sizes":["90x40"]}}}