{"Device":{"_id":"1035","hd_ops":{"is_generic":0,"stop_on_detect":0,"overlay_result_specs":0},"hd_specs":{"general_aliases":[],"display_x":"240","display_y":"320","general_vendor":"ZTE","general_model":"8988","general_platform":"","general_image":"","network":["CDMA","Bluetooth"],"general_type":"Mobile","general_battery":["Li-Ion"],"general_cpu":[],"design_sidekeys":[],"display_other":[],"memory_internal":["1MB"],"memory_slot":["microSD","2GB"],"media_camera":["VGA","640x480"],"media_secondcamera":["None"],"media_videocapture":["Yes"],"media_videoplayback":["None"],"media_audio":[],"media_other":[],"features":["Alarm","Calendar","Calculator","Organizer","Voice memo","Speakerphone","Vibration","SMS","MMS","T9","Games"],"connectors":["USB"],"design_formfactor":"Bar","design_dimensions":"114 x 52 x 16","design_weight":"86","design_antenna":"Internal","design_keyboard":"Numeric","design_softkeys":"","display_type":"TFT","display_color":"Yes","display_colors":"16M","display_size":"2.4\"","general_eusar":"","general_platform_version":"","general_browser":"","general_browser_version":"","general_language":"","general_platform_version_max":"","general_app":"","general_app_version":"","display_ppi":167,"display_pixel_ratio":"1.0","benchmark_min":0,"benchmark_max":0,"general_app_category":"","general_virtual":0,"display_css_screen_sizes":["240x320"]}}}