{"Device":{"_id":"1366","hd_ops":{"is_generic":0,"stop_on_detect":0,"overlay_result_specs":0},"hd_specs":{"general_aliases":[],"display_x":"176","display_y":"220","general_vendor":"Motorola","general_model":"i670","general_platform":"","general_image":"motorola^i670.jpg","network":["iDEN800"],"general_type":"Mobile","general_eusar":"","general_battery":["Li-Ion 750 mAh"],"general_cpu":[],"design_formfactor":"Clamshell","design_dimensions":"88 x 51 x 26","design_weight":"115","design_antenna":"External","design_keyboard":"Numeric","design_softkeys":"2","design_sidekeys":["Volume"],"display_type":"TFT","display_color":"Yes","display_colors":"65K","display_size":"","display_other":[],"memory_internal":[],"memory_slot":[],"media_camera":[],"media_secondcamera":[],"media_videocapture":[],"media_videoplayback":[],"media_audio":[],"media_other":[],"features":["600 entries","Caller groups","Multiple numbers per contact","Ring ID","Calendar","Memo","SMS","MMS","T9","Predictive text input","Polyphonic ringtones (16 voices)","Vibration","Phone profiles","Speakerphone","Voice dialing","Voice recording","TTY\/TDD","Push-to-Talk","Games"],"connectors":["2.5mm Audio","USB"],"general_platform_version":"","general_browser":"","general_browser_version":"","general_language":"","general_platform_version_max":"","general_app":"","general_app_version":"","display_ppi":0,"display_pixel_ratio":"1.0","benchmark_min":0,"benchmark_max":0,"general_app_category":"","general_virtual":0,"display_css_screen_sizes":["176x220"]}}}