{"Device":{"_id":"1164","hd_ops":{"is_generic":0,"stop_on_detect":0,"overlay_result_specs":0},"hd_specs":{"general_aliases":["ZTE Essenze"],"display_x":"176","display_y":"220","general_vendor":"ZTE","general_model":"C70","general_platform":"","general_image":"zte^c70.jpg","network":["CDMA800","CDMA1700","CDMA2100","CDMA1900","Bluetooth 2.0"],"general_type":"Mobile","general_eusar":"","general_battery":["Li-Ion 900 mAh"],"general_cpu":[],"design_formfactor":"Slide","design_dimensions":"99 x 46 x 18","design_weight":"117","design_antenna":"Internal","design_keyboard":"Screen","design_softkeys":"2","design_sidekeys":["Volume","Camera"],"display_type":"TFT","display_color":"Yes","display_colors":"65K","display_size":"2\"","display_other":[],"memory_internal":["60MB"],"memory_slot":[],"media_camera":["VGA","640x480"],"media_secondcamera":[],"media_videocapture":[],"media_videoplayback":[],"media_audio":[],"media_other":[],"features":["500 entries","Calendar","Alarm","Calculator","Stopwatch","Memo","SMS","MMS","Predictive text input","E-mail","Instant Messaging","Games","File Transfer (FTP)","Handsfree (HFP)","Headset (HSP)","Object Push (OPP)","Charging connector","Music ringtones (MP3)","Polyphonic ringtones","Vibration","Speakerphone","Hearing aid compatibility M4","T3","Voice recording","TTY\/TDD","Push-to-Talk"],"connectors":["MiniUSB","2.5mm Audio"],"general_platform_version":"","general_browser":"","general_browser_version":"","general_language":"","general_platform_version_max":"","general_app":"","general_app_version":"","display_ppi":141,"display_pixel_ratio":"1.0","benchmark_min":0,"benchmark_max":0,"general_app_category":"","general_virtual":0,"display_css_screen_sizes":["176x220"]}}}