{"Device":{"_id":"1291","hd_ops":{"is_generic":0,"stop_on_detect":0,"overlay_result_specs":0},"hd_specs":{"general_vendor":"SonyEricsson","general_model":"T250","general_platform":"","general_image":"","general_aliases":["SonyEricsson T250a","SonyEricsson T250i","SonyEricsson T250c"],"general_eusar":"0.83 Head","general_battery":["Li-Ion"],"general_type":"Mobile","general_cpu":[],"design_formfactor":"Bar","design_dimensions":"100 x 45 x 13","design_weight":"82","design_antenna":"Internal","design_keyboard":"Numeric","design_softkeys":"","design_sidekeys":[],"display_type":"TFT","display_color":"Yes","display_colors":"65K","display_size":"1.7\"","display_x":"128","display_y":"160","display_other":[],"memory_internal":["2MB"],"memory_slot":[],"network":["GSM850","GSM1900","GPRS Class 10","Infrared"],"media_camera":["VGA","640x480"],"media_secondcamera":[],"media_videocapture":[],"media_videoplayback":[],"media_audio":[],"media_other":[],"features":["SMS","MMS","Stereo FM radio with RDS","Slide show","Full screen viewer","Predictive text input","Stopwatch","Timer","Received Call","Missed Call","Dialed Call","Instant Messaging","Internet Browsing WAP 2.0","Voice Recording","Voice Memo","rganizer","Calendar","Calculator","Clock","Alarms"],"connectors":["2.5mm Audio"],"general_platform_version":"","general_browser":"","general_browser_version":"","general_language":"","general_platform_version_max":"","general_app":"","general_app_version":"","display_ppi":121,"display_pixel_ratio":"1.0","benchmark_min":0,"benchmark_max":0,"general_app_category":"","general_virtual":0,"display_css_screen_sizes":["128x160"]}}}