{"Device":{"_id":"1270","hd_ops":{"is_generic":0,"stop_on_detect":0,"overlay_result_specs":0},"hd_specs":{"general_aliases":[],"display_x":"176","display_y":"220","general_vendor":"Fly","general_model":"SX390","general_platform":"","general_image":"fly^sx390.jpg","network":["GSM900","GSM1800","GSM1900","Bluetooth","GPRS"],"general_type":"Mobile","general_eusar":"","general_battery":["Li-Ion 540 mAh"],"general_cpu":[],"design_formfactor":"Clamshell","design_dimensions":"85 x 43 x 14.80","design_weight":"68","design_antenna":"Internal","design_keyboard":"Numeric","design_softkeys":"","design_sidekeys":["Volume"],"display_type":"TFT","display_color":"Yes","display_colors":"262K","display_size":"","display_other":[],"memory_internal":["1MB"],"memory_slot":["microSD"],"media_camera":["VGA","640x480"],"media_secondcamera":[],"media_videocapture":["Yes"],"media_videoplayback":["MP4"],"media_audio":["MP3"],"media_other":[],"features":["Fm Radio","SMS","MMS","Email","Polyphonic","Phonebook 300","Alarm","Calculator","Calendar","Organizer","Voice memo","Voice recorder","Voice dialing"],"connectors":["USB"],"general_platform_version":"","general_browser":"","general_browser_version":"","general_language":"","general_platform_version_max":"","general_app":"","general_app_version":"","display_ppi":0,"display_pixel_ratio":"1.0","benchmark_min":0,"benchmark_max":0,"general_app_category":"","general_virtual":0,"display_css_screen_sizes":["176x220"]}}}