{"Device":{"_id":"1063","hd_ops":{"is_generic":0,"stop_on_detect":0,"overlay_result_specs":0},"hd_specs":{"general_vendor":"Micromax","general_model":"X265","general_platform":"","general_image":"micromax^x265.jpg","general_aliases":[],"general_eusar":"","general_battery":["Li-Ion 1200 mAh"],"general_type":"Mobile","general_cpu":[],"design_formfactor":"Bar","design_dimensions":"113.7 x 50 x 14.7","design_weight":"95","design_antenna":"Internal","design_keyboard":"Numeric","design_softkeys":"","design_sidekeys":[],"display_type":"TFT","display_color":"Yes","display_colors":"56K","display_size":"2.2\"","display_x":"176","display_y":"220","display_other":[],"memory_internal":[],"memory_slot":["microSD","2GB"],"network":["GSM900","GSM1800","Bluetooth","GPRS"],"media_camera":["Yes"],"media_secondcamera":[],"media_videocapture":["Yes"],"media_videoplayback":["Yes"],"media_audio":["MP3"],"media_other":[],"features":["SMS","MMS","Stereo FM radio","Games","Dual SIM","Flashlight","Organizer","stereo speakers","Predictive text input"],"connectors":["3.5mm Audio"],"general_platform_version":"","general_browser":"","general_browser_version":"","general_language":"","general_platform_version_max":"","general_app":"","general_app_version":"","display_ppi":128,"display_pixel_ratio":"1.0","benchmark_min":0,"benchmark_max":0,"general_app_category":"","general_virtual":0,"display_css_screen_sizes":["176x220"]}}}