{"Device":{"_id":"111","hd_ops":{"is_generic":0,"stop_on_detect":0,"overlay_result_specs":0},"hd_specs":{"general_vendor":"Tel.Me.","general_model":"T919","general_platform":"","general_image":"tel.me.^t919.jpg","general_aliases":[],"general_eusar":"","general_battery":["Li-Ion 900 mAh"],"general_type":"Mobile","general_cpu":[],"design_formfactor":"Bar","design_dimensions":"126 x 56 x 24","design_weight":"115","design_antenna":"Internal","design_keyboard":"Screen","design_softkeys":"2","design_sidekeys":[],"display_type":"CSTN","display_color":"Yes","display_colors":"65K","display_size":"","display_x":"128","display_y":"256","display_other":["Resistive","Touch"],"memory_internal":[],"memory_slot":["MMC"],"network":["GSM900","GSM1800","GPRS","Infrared"],"media_camera":["CIF","352x288"],"media_secondcamera":[],"media_videocapture":[],"media_videoplayback":[],"media_audio":["MP3"],"media_other":[],"features":["SMS","EMS","MMS","Email","Attachment Viewer","txt viewer","doc viewer","bmp viewer","jpg viewer","gif viewer","T9","Organizer","Calendar","Calculator","Alarms","1000 entries","Photo call","10 dialed","10 received","10 missed calls","Internet Browsing WAP 2.0\/xHTML","Vibration","Polyphonic(16) ringtones","Composer"],"connectors":["2.5mm Audio"],"general_platform_version":"","general_browser":"","general_browser_version":"","general_language":"","general_platform_version_max":"","general_app":"","general_app_version":"","display_ppi":0,"display_pixel_ratio":"1.0","benchmark_min":0,"benchmark_max":0,"general_app_category":"","general_virtual":0,"display_css_screen_sizes":["128x256"]}}}