{"Device":{"_id":"1058","hd_ops":{"is_generic":0,"stop_on_detect":0,"overlay_result_specs":0},"hd_specs":{"general_vendor":"Sanyo","general_model":"SPC-3200","general_platform":"","general_platform_version":"","general_browser":"","general_browser_version":"","general_image":"","general_aliases":[],"general_eusar":"","general_battery":["Li-Ion 920 mAh"],"general_type":"Mobile","general_cpu":[],"design_formfactor":"Clamshell","design_dimensions":"89 x 46 x 20.3","design_weight":"96","design_antenna":"Internal","design_keyboard":"Numeric","design_softkeys":"","design_sidekeys":[],"display_type":"TFT","display_color":"Yes","display_colors":"65K","display_size":"","display_x":"128","display_y":"160","display_other":["Second External Mono"],"memory_internal":["4MB"],"memory_slot":[],"network":["AMPS850","CDMA850","CDMA1900","Bluetooth"],"media_camera":["VGA","640x480"],"media_secondcamera":[],"media_videocapture":["Yes"],"media_videoplayback":[],"media_audio":[],"media_other":[],"features":["TTY\/TDD","Multiple Languages","Vibration","Picture ID","Ringer ID","Voice dialing","Flight Mode","T9","SMS","Alarm","Calculator","Calendar","Speakerphone","Push-To-Talk","Games"],"connectors":["USB","2.5mm Audio"],"general_platform_version_max":"","general_app":"","general_app_version":"","general_language":"","display_ppi":0,"display_pixel_ratio":"1.0","benchmark_min":0,"benchmark_max":0,"general_app_category":"","general_virtual":0,"display_css_screen_sizes":["128x160"]}}}