{"Device":{"_id":"1205","hd_ops":{"is_generic":0,"stop_on_detect":0,"overlay_result_specs":0},"hd_specs":{"general_vendor":"Voxtel","general_model":"RX800","general_platform":"","general_platform_version":"","general_browser":"WAP","general_browser_version":"2.0","general_image":"voxtelrx800-1357684090-3.jpg","general_aliases":[],"general_eusar":"","general_battery":["Li-Pol 750mAh"],"general_type":"Mobile","general_cpu":[],"design_formfactor":"Bar","design_dimensions":"101 X 44 X 16","design_weight":"90","design_antenna":"Internal","design_keyboard":"Numeric","design_softkeys":"2","design_sidekeys":[],"display_type":"TFT","display_color":"Yes","display_colors":"262K","display_size":"2.4\"","display_x":"176","display_y":"220","display_other":[],"memory_internal":["55MB"],"memory_slot":["MiniSD"],"network":["GSM1800","GSM1900","GSM900","Bluetooth 1.2"],"media_camera":["2MP","1600x1200"],"media_secondcamera":[],"media_videocapture":[],"media_videoplayback":[],"media_audio":["MP3"],"media_other":[],"features":["FM Radio"],"connectors":["USB"],"general_language":"","general_platform_version_max":"","general_app":"","general_app_version":"","display_ppi":117,"display_pixel_ratio":"1.0","benchmark_min":0,"benchmark_max":0,"general_app_category":"","general_virtual":0,"display_css_screen_sizes":["176x220"]}}}