{"Device":{"_id":"1370","hd_ops":{"is_generic":0,"stop_on_detect":0,"overlay_result_specs":0},"hd_specs":{"general_vendor":"LG","general_model":"KT615","general_platform":"","general_platform_version":"","general_browser":"","general_browser_version":"","general_image":"lgkt615-1369858167-0.gif","general_aliases":[],"general_eusar":"","general_battery":["Li-Ion 950 mAh"],"general_type":"Mobile","general_cpu":[],"design_formfactor":"Clamshell","design_dimensions":"108.9 x 53.9 x 17.2","design_weight":"125","design_antenna":"Internal","design_keyboard":"Numeric","design_softkeys":"2","design_sidekeys":["Volume"],"display_type":"TFT","display_color":"Yes","display_colors":"65K","display_size":"2.4\"","display_x":"320","display_y":"240","display_other":[],"memory_internal":["60MB"],"memory_slot":["microSD","microSDHC"],"network":["GSM900","GSM1800","GSM1900","UMTS2100","Bluetooth 2.0"],"media_camera":["2MP","1600x1200"],"media_secondcamera":[],"media_videocapture":["Yes","3GP"],"media_videoplayback":["H.263","3GP"],"media_audio":["MP3","AAC","AAC+","AAC++","eAAC+","WMA","WAV","RealAudio","AMR"],"media_other":["Digital zoom"],"features":["Unlimited entries","Multiple numbers per contact","Picture ID","Ring ID","Calendar","Alarm","To-Do","Calculator","Notes","SMS","MMS","Predictive text input","E-mail","Music ringtones (MP3)","Vibration","Phone profiles","Speakerphone","Voice recording","Games","Received Call","Missed Call","Dialed Call","Instant Messaging","Internet Browsing","Waiting Call","Voice Command","Voice Memo","Voice Recording"],"connectors":["2.5mm Audio"],"general_language":"","general_platform_version_max":"","general_app":"","general_app_version":"","display_ppi":167,"display_pixel_ratio":"1.0","benchmark_min":0,"benchmark_max":0,"general_app_category":"","general_virtual":0,"display_css_screen_sizes":["320x240"]}}}