{"Device":{"_id":"1260","hd_ops":{"is_generic":0,"stop_on_detect":0,"overlay_result_specs":0},"hd_specs":{"general_aliases":[],"display_x":"128","display_y":"160","general_vendor":"Bird","general_model":"S305","general_platform":"","general_image":"bird^s305.jpg","network":["GSM900","GSM1800","GSM1900","GPRS"],"general_type":"Mobile","general_eusar":"","general_battery":["Li-lon"],"general_cpu":[],"design_formfactor":"Slide","design_dimensions":"94 X 46.4 X 15.5","design_weight":"70","design_antenna":"Internal","design_keyboard":"Numeric","design_softkeys":"2","design_sidekeys":[],"display_type":"CSTN","display_color":"Yes","display_colors":"65K","display_size":"1.8\"","display_other":[],"memory_internal":[],"memory_slot":["T-flash Card"],"media_camera":["VGA","640x480"],"media_secondcamera":[],"media_videocapture":[],"media_videoplayback":["MPEG4"],"media_audio":["MP3"],"media_other":[],"features":["Games","Internet Browsing WAP 1.2","Phonebook","Call Received","Call Dialled","missed Call","SMS","MMS","FM Radio"],"connectors":[],"general_platform_version":"","general_browser":"","general_browser_version":"","general_language":"","general_platform_version_max":"","general_app":"","general_app_version":"","display_ppi":114,"display_pixel_ratio":"1.0","benchmark_min":0,"benchmark_max":0,"general_app_category":"","general_virtual":0,"display_css_screen_sizes":["128x160"]}}}