{"Device":{"_id":"1399","hd_ops":{"is_generic":0,"stop_on_detect":0,"overlay_result_specs":0},"hd_specs":{"general_vendor":"LG","general_model":"G510","general_platform":"","general_image":"lg^g510.asp?type=3&id=7275","general_aliases":[],"general_eusar":"","general_battery":["Li-Po 630 mAh"],"general_type":"Mobile","general_cpu":["None"],"design_formfactor":"Clamshell","design_dimensions":"82.5 x 45 x 19.7","design_weight":"79","design_antenna":"External","design_keyboard":"Numeric","design_softkeys":"","design_sidekeys":[],"display_type":"STN","display_color":"No","display_colors":"","display_size":"","display_x":"128","display_y":"92","display_other":[],"memory_internal":[],"memory_slot":[],"network":["GSM900","GSM1800","GPRS"],"media_camera":[],"media_secondcamera":[],"media_videocapture":[],"media_videoplayback":[],"media_audio":[],"media_other":[],"features":["SMS","eZi","EMS","Organizer"],"connectors":[],"general_platform_version":"","general_browser":"","general_browser_version":"","general_language":"","general_platform_version_max":"","general_app":"","general_app_version":"","display_ppi":0,"display_pixel_ratio":"1.0","benchmark_min":0,"benchmark_max":0,"general_app_category":"","general_virtual":0,"display_css_screen_sizes":["128x92"]}}}