{"Device":{"_id":"1316","hd_ops":{"is_generic":0,"stop_on_detect":0,"overlay_result_specs":0},"hd_specs":{"general_vendor":"Fly","general_model":"SX205","general_platform":"","general_image":"fly^sx205.jpg","general_aliases":[],"general_eusar":"","general_battery":["Li-Ion"],"general_type":"Mobile","general_cpu":["None"],"design_formfactor":"Slide","design_dimensions":"90 x 43 x 15","design_weight":"","design_antenna":"Internal","design_keyboard":"Numeric","design_softkeys":"","design_sidekeys":[],"display_type":"TFT","display_color":"Yes","display_colors":"256K","display_size":"1.79\"","display_x":"176","display_y":"220","display_other":[],"memory_internal":["60MB RAM"],"memory_slot":["microSD"],"network":["GSM900","GSM1800","GSM1900","Bluetooth 1.2"],"media_camera":["1.3MP","1280x1024"],"media_secondcamera":[],"media_videocapture":[],"media_videoplayback":["3GP","MPEG4"],"media_audio":["AMR","WAV"],"media_other":[],"features":["SMS","EMS","MMS","Organizer"],"connectors":["USB"],"general_platform_version":"","general_browser":"","general_browser_version":"","general_language":"","general_platform_version_max":"","general_app":"","general_app_version":"","display_ppi":157,"display_pixel_ratio":"1.0","benchmark_min":0,"benchmark_max":0,"general_app_category":"","general_virtual":0,"display_css_screen_sizes":["176x220"]}}}