{"Device":{"_id":"1046","hd_ops":{"is_generic":0,"stop_on_detect":0,"overlay_result_specs":0},"hd_specs":{"general_vendor":"Motorola","general_model":"ZN5","general_platform":"Linux","general_platform_version":"","general_browser":"","general_browser_version":"","general_image":"motorolazn5-1372671836-0.jpg","general_aliases":[],"general_eusar":"0.86","general_battery":["Li-Ion 950 mAh"],"general_type":"Mobile","general_cpu":["500MHz"],"design_formfactor":"Bar","design_dimensions":"118 x 50.5 x 16","design_weight":"114","design_antenna":"Internal","design_keyboard":"Numeric","design_softkeys":"2","design_sidekeys":["Volume","Camera"],"display_type":"TFT","display_color":"Yes","display_colors":"262K","display_size":"2.4\"","display_x":"240","display_y":"320","display_other":[],"memory_internal":["64MB RAM","128MB ROM","146MB","350MB"],"memory_slot":["microSD","4GB"],"network":["GSM850","GSM900","GSM1800","GSM1900","Bluetooth 2.0","802.11b","802.11g","GPRS Class 12","EDGE Class 12"],"media_camera":["5MP","2560x1920"],"media_secondcamera":[],"media_videocapture":["Yes"],"media_videoplayback":["MPEG4","H.263"],"media_audio":["MP3","WMA"],"media_other":["Auto focus","Xenon Flash"],"features":["1000 entries","Caller groups","Multiple numbers per contact","Picture ID","Ring ID","Calendar","Alarm","To-Do","Calculator","World clock","Music ringtones (MP3)","Polyphonic ringtones","Vibration","Phone profiles","Silent mode","Speakerphone","Voice dialing","Voice recording","ModeShift morphing keypad","SMS","MMS","Email","Instant Messaging","FM radio","CrystalTalk Technology","Organizer","Voice memo","Games"],"connectors":["USB 2.0","MicroUSB","3.5mm Audio","TV Out"],"general_language":"","general_platform_version_max":"","general_app":"","general_app_version":"","display_ppi":167,"display_pixel_ratio":"1.0","benchmark_min":0,"benchmark_max":0,"general_app_category":"","general_virtual":0,"display_css_screen_sizes":["240x320"]}}}