{"Device":{"_id":"1029","hd_ops":{"is_generic":0,"stop_on_detect":0,"overlay_result_specs":0},"hd_specs":{"general_vendor":"Tianyu","general_model":"B892","general_platform":"","general_platform_version":"","general_browser":"","general_browser_version":"","general_image":"tianyub892-1360552740-0.jpg","general_aliases":[],"general_eusar":"","general_battery":["Li-Ion"],"general_type":"Mobile","general_cpu":[],"design_formfactor":"Bar","design_dimensions":"11 x 1.4 x 5.1","design_weight":"","design_antenna":"Internal","design_keyboard":"Numeric","design_softkeys":"2","design_sidekeys":[],"display_type":"TFT","display_color":"Yes","display_colors":"262K","display_size":"","display_x":"240","display_y":"320","display_other":[],"memory_internal":[],"memory_slot":["microSD"],"network":["GSM900","GSM1800","Bluetooth","GPRS"],"media_camera":["3MP","2048x1536"],"media_secondcamera":[],"media_videocapture":["Yes"],"media_videoplayback":["Yes"],"media_audio":["MP3","MIDI","M4A"],"media_other":[],"features":["Caller Id","MMS","SMS","T9","iTap predictive text input","Alarm","Calculator","Calender","Clock","Photo-video Editor","Photo Album","Voice Recorder","Games","Wallpapers","Polyphonic","Phonebook 1000","Organizer"],"connectors":["USB"],"general_language":"","general_platform_version_max":"","general_app":"","general_app_version":"","display_ppi":0,"display_pixel_ratio":"1.0","benchmark_min":0,"benchmark_max":0,"general_app_category":"","general_virtual":0,"display_css_screen_sizes":["240x320"]}}}