{"Device":{"_id":"1166","hd_ops":{"is_generic":0,"stop_on_detect":0,"overlay_result_specs":0},"hd_specs":{"general_vendor":"LG","general_model":"GB270","general_platform":"","general_image":"lg^gb270.jpg","general_aliases":[],"general_eusar":"","general_battery":["Li-Ion 1000 mAh"],"general_type":"Mobile","general_cpu":[],"design_formfactor":"Bar","design_dimensions":"108 x 47 x 12.7","design_weight":"88.3","design_antenna":"Internal","design_keyboard":"Numeric","design_softkeys":"","design_sidekeys":[],"display_type":"TFT","display_color":"Yes","display_colors":"65K","display_size":"2\"","display_x":"128","display_y":"160","display_other":[],"memory_internal":["12MB RAM"],"memory_slot":["microSD","2GB"],"network":["GSM900","GSM1800","GSM1900","Bluetooth 2.1","GPRS"],"media_camera":["VGA","640x480"],"media_secondcamera":[],"media_videocapture":["Yes"],"media_videoplayback":["MPEG4","H.263"],"media_audio":["MP3","AAC"],"media_other":[],"features":["SMS","EMS","MMS","Stereo FM radio with RDS","Scheduled FM recording","Games","Interchangeable covers","Auto theme detector","Predictive text input","500 entries","Caller groups","Multiple numbers per contact","Picture ID","Ring ID","Calendar","Alarm","Calculator","Computer sync","Voice recording","Polyphonic ringtones (64 voices)","Vibration","Silent mode","Speakerphone"],"connectors":["USB 1.1"],"general_platform_version":"","general_browser":"","general_browser_version":"","general_language":"","general_platform_version_max":"","general_app":"","general_app_version":"","display_ppi":102,"display_pixel_ratio":"1.0","benchmark_min":0,"benchmark_max":0,"general_app_category":"","general_virtual":0,"display_css_screen_sizes":["128x160"]}}}