{"Device":{"_id":"1156","hd_ops":{"is_generic":0,"stop_on_detect":0,"overlay_result_specs":0},"hd_specs":{"general_vendor":"Ericsson","general_model":"R320","general_platform":"","general_platform_version":"","general_platform_version_max":"","general_browser":"","general_browser_version":"","general_image":"","general_aliases":[],"general_eusar":"","general_battery":[],"general_type":"Mobile","general_cpu":[],"design_formfactor":"Bar","design_dimensions":"130 x 51 x 15","design_weight":"99","design_antenna":"External","design_keyboard":"Numeric","design_softkeys":"","design_sidekeys":[],"display_type":"Monochrome","display_color":"No","display_colors":"","display_size":"","display_x":"101","display_y":"65","display_ppi":0,"display_pixel_ratio":"1.0","display_other":[],"memory_internal":[],"memory_slot":[],"network":["GSM900","GSM1800","Infrared"],"media_camera":[],"media_secondcamera":[],"media_videocapture":[],"media_videoplayback":[],"media_audio":[],"media_other":[],"features":["SMS","Voice dial","Voice answer","Voice memo","Calculator"],"connectors":[],"benchmark_min":0,"benchmark_max":0,"general_app":"","general_app_version":"","general_language":"","general_app_category":"","general_virtual":0,"display_css_screen_sizes":["101x65"]}}}