{"Device":{"_id":"1224","hd_ops":{"is_generic":0,"stop_on_detect":0,"overlay_result_specs":0},"hd_specs":{"general_aliases":[],"display_x":"176","display_y":"220","general_vendor":"Telit","general_model":"TP100","general_platform":"","general_image":"","network":["GSM900","GSM1800","GSM1900","Bluetooth","GPRS"],"general_type":"Mobile","general_battery":["Li-Ion"],"general_cpu":[],"design_sidekeys":[],"display_other":["Second External OLED"],"memory_internal":[],"memory_slot":["microSD"],"media_camera":["1.5MP","1280x960"],"media_secondcamera":["None"],"media_videocapture":["Yes"],"media_videoplayback":["None"],"media_audio":["AAC","AAC+","MP3","MIDI","M4A"],"media_other":[],"features":["Caller Id","EMS","MMS","SMS","T9","iTap Predictive text input","Calculator","Calender","Clock","Photo-video Editor","Photo Album","Voice Recorder","Alarm clock","Games","Screensavers","Wallpapers"],"connectors":["USB"],"design_formfactor":"Clamshell","design_dimensions":"90.7 x 46 x 21.5","design_weight":"109","design_antenna":"Internal","design_keyboard":"Numeric","design_softkeys":"","display_type":"TFT","display_color":"Yes","display_colors":"65K","display_size":"","general_eusar":"","general_platform_version":"","general_browser":"","general_browser_version":"","general_language":"","general_platform_version_max":"","general_app":"","general_app_version":"","display_ppi":0,"display_pixel_ratio":"1.0","benchmark_min":0,"benchmark_max":0,"general_app_category":"","general_virtual":0,"display_css_screen_sizes":["176x220"]}}}