{"Device":{"_id":"1413","hd_ops":{"is_generic":0,"stop_on_detect":0,"overlay_result_specs":0},"hd_specs":{"general_vendor":"LG","general_model":"KE970","general_platform":"","general_platform_version":"","general_browser":"","general_browser_version":"","general_image":"lgke970-1369805307-0.gif","general_aliases":["LG Shine"],"general_eusar":"","general_battery":["Li-Ion 750 mAh"],"general_type":"Mobile","general_cpu":[],"design_formfactor":"Slide","design_dimensions":"99.8 x 50.6 x 13.8","design_weight":"119","design_antenna":"Internal","design_keyboard":"Numeric","design_softkeys":"","design_sidekeys":[],"display_type":"TFT","display_color":"Yes","display_colors":"256K","display_size":"2.2\"","display_x":"240","display_y":"320","display_other":[],"memory_internal":["50MB RAM"],"memory_slot":["microSD","2GB"],"network":["GSM900","GSM1800","GSM1900"],"media_camera":["2MP","1600x1200"],"media_secondcamera":[],"media_videocapture":["Yes","QCIF"],"media_videoplayback":[],"media_audio":[],"media_other":["Autofocus","LED flash"],"features":["SMS","EMS","MMS","Email","Document viewer (Word","Excel","PowerPoint","PDF)Internet Browsing","500 phonebook Capacity","Received Call","Missed Call","Dialed Call","Voice Dialing","Voice Recording","Voice Memo"],"connectors":["USB"],"general_language":"","general_platform_version_max":"","general_app":"","general_app_version":"","display_ppi":182,"display_pixel_ratio":"1.0","benchmark_min":0,"benchmark_max":0,"general_app_category":"","general_virtual":0,"display_css_screen_sizes":["240x320"]}}}