{"Device":{"_id":"1105","hd_ops":{"is_generic":0,"stop_on_detect":0,"overlay_result_specs":0},"hd_specs":{"general_vendor":"LG","general_model":"B2250","general_platform":"","general_image":"lg^b2250.jpg","general_aliases":[],"general_eusar":"","general_battery":["Li-Ion 780 mAh"],"general_type":"Mobile","general_cpu":[],"design_formfactor":"Bar","design_dimensions":"107 x 45 x 17","design_weight":"85","design_antenna":"Internal","design_keyboard":"Numeric","design_softkeys":"","design_sidekeys":["Volume"],"display_type":"TFT","display_color":"Yes","display_colors":"256K","display_size":"1.8\"","display_x":"128","display_y":"160","display_other":[],"memory_internal":[],"memory_slot":[],"network":["GSM900","GSM1800","GSM1900","GPRS Class 10"],"media_camera":["VGA","640x480"],"media_secondcamera":[],"media_videocapture":[],"media_videoplayback":[],"media_audio":[],"media_other":[],"features":["SMS","EMS","MMS","Predictive text input","Organizer","Received Call","Missed Call","Dialed Call","Instant Messaging","Internet Browsing","Voice Recording","Voice Dialing","Voice Memo","Calculator","Calendar","Clock","Alarms","World Clock"],"connectors":["2.5mm Audio"],"general_platform_version":"","general_browser":"","general_browser_version":"","general_language":"","general_platform_version_max":"","general_app":"","general_app_version":"","display_ppi":114,"display_pixel_ratio":"1.0","benchmark_min":0,"benchmark_max":0,"general_app_category":"","general_virtual":0,"display_css_screen_sizes":["128x160"]}}}