{"Device":{"_id":"10555","hd_ops":{"is_generic":0,"stop_on_detect":0,"overlay_result_specs":0},"hd_specs":{"general_vendor":"Alcatel","general_model":"OT-280a","general_platform":"","general_platform_version":"","general_browser":"","general_browser_version":"","general_image":"","general_aliases":["Alcatel One Touch 280a"],"general_eusar":"","general_battery":["Li-Ion 650 mAh"],"general_type":"Mobile","general_cpu":["None"],"design_formfactor":"Slide","design_dimensions":"91 x 45 x 19","design_weight":"88","design_antenna":"Internal","design_keyboard":"Numeric","design_softkeys":"","design_sidekeys":[],"display_type":"CSTN","display_color":"Yes","display_colors":"65K","display_size":"1.8\"","display_x":"128","display_y":"160","display_other":[],"memory_internal":["500KB RAM"],"memory_slot":[],"network":["GSM900","GSM1800","GPRS"],"media_camera":[],"media_secondcamera":[],"media_videocapture":[],"media_videoplayback":[],"media_audio":[],"media_other":[],"features":["SMS","MMS","Predictive text input","Organizer","Received Call","Missed Call","Dialed Call","Calculator","Calendar","Clock","Voice Memo","Voice Recording","Voice Dialing","Instant Messaging","Internet Browsing"],"connectors":["MiniUSB"],"general_language":"","general_platform_version_max":"","general_app":"","general_app_version":"","display_ppi":114,"display_pixel_ratio":"1.0","benchmark_min":0,"benchmark_max":0,"general_app_category":"","general_virtual":0,"display_css_screen_sizes":["128x160"]}}}