{"Device":{"_id":"1131","hd_ops":{"is_generic":0,"stop_on_detect":0,"overlay_result_specs":0},"hd_specs":{"general_aliases":[],"display_x":"320","display_y":"240","general_vendor":"Nexian","general_model":"NX-G236","general_platform":"","general_image":"","network":["GSM900","GSM1900","Bluetooth","GPRS","EDGE"],"general_type":"Mobile","general_battery":["Li-Ion"],"general_cpu":[],"design_sidekeys":[],"display_other":[],"memory_internal":[],"memory_slot":["microSD"],"media_camera":["VGA","640x480"],"media_secondcamera":["None"],"media_videocapture":["Yes"],"media_videoplayback":["MPEG4"],"media_audio":["MP3"],"media_other":[],"features":["Alarm","Calendar","Calculator","Organizer","Speakerphone","Vibration","Unit Converter","Stopwatch","Voice memo","Predictive text input","SMS","MMS","Dual SIM","FM radio","Games"],"connectors":["USB","MicroUSB"],"design_formfactor":"Bar","design_dimensions":"","design_weight":"","design_antenna":"Internal","design_keyboard":"Numeric","design_softkeys":"","display_type":"","display_color":"Yes","display_colors":"65K","display_size":"1.8\"","general_eusar":"","general_platform_version":"","general_browser":"","general_browser_version":"","general_language":"","general_platform_version_max":"","general_app":"","general_app_version":"","display_ppi":222,"display_pixel_ratio":"1.0","benchmark_min":0,"benchmark_max":0,"general_app_category":"","general_virtual":0,"display_css_screen_sizes":["320x240"]}}}