{"Device":{"_id":"1330","hd_ops":{"is_generic":0,"stop_on_detect":0,"overlay_result_specs":0},"hd_specs":{"general_aliases":[],"display_x":"128","display_y":"128","general_vendor":"Huawei","general_model":"T209","general_platform":"","general_image":"huawei^t209.jpg","network":["GSM900","GSM1800","GPRS"],"general_type":"Mobile","general_eusar":"","general_battery":["Li-Ion 400 mAh"],"general_cpu":[],"design_formfactor":"Bar","design_dimensions":"10.67 x 1.36 x 4.71","design_weight":"80","design_antenna":"Internal","design_keyboard":"Numeric","design_softkeys":"2","design_sidekeys":[],"display_type":"CSTN","display_color":"Yes","display_colors":"65K","display_size":"1.4\"","display_other":[],"memory_internal":[],"memory_slot":[],"media_camera":[],"media_secondcamera":[],"media_videocapture":[],"media_videoplayback":[],"media_audio":[],"media_other":[],"features":["MMS","SMS","Picture Messaging","Integrated speakerphone","Multiple languages","T9","iTap predictive text input","Integrated handsfree","Alarm","Calculator","Calender","Clock","E-Book Reader","Stopwatch","SyncML","To-do-list","Voice Memo","Download pictures and animations","Supports STK(Sim Tool Kit) function","Download ringtones","Voice recording","Sync","Organizer"],"connectors":["USB"],"general_platform_version":"","general_browser":"","general_browser_version":"","general_language":"","general_platform_version_max":"","general_app":"","general_app_version":"","display_ppi":129,"display_pixel_ratio":"1.0","benchmark_min":0,"benchmark_max":0,"general_app_category":"","general_virtual":0,"display_css_screen_sizes":["128x128"]}}}