{"Device":{"_id":"1041","hd_ops":{"is_generic":0,"stop_on_detect":0,"overlay_result_specs":0},"hd_specs":{"general_vendor":"Asus","general_model":"J206","general_platform":"","general_platform_version":"","general_browser":"","general_browser_version":"","general_image":"asusj206-1359554188-0.jpg","general_aliases":[],"general_eusar":"","general_battery":["Li-Ion 750 mAh"],"general_type":"Mobile","general_cpu":[],"design_formfactor":"Slide","design_dimensions":"90.70 x 45.50 x 20.80","design_weight":"96.5","design_antenna":"Internal","design_keyboard":"Numeric","design_softkeys":"","design_sidekeys":[],"display_type":"TFT","display_color":"Yes","display_colors":"262K","display_size":"1.8\"","display_x":"176","display_y":"220","display_other":[],"memory_internal":["60MB"],"memory_slot":["microSD"],"network":["GSM900","GSM1800","GSM1900","GPRS","Bluetooth 1.2"],"media_camera":["1.3MP","1280x1024"],"media_secondcamera":[],"media_videocapture":[],"media_videoplayback":["H.263"],"media_audio":["AAC","WAV"],"media_other":[],"features":["Organizer","EMS","SMS","MMS","T9","Email","Alarm clock","Voice memo","Predictive text input","Calendar","Calculator","Games"],"connectors":["USB"],"general_language":"","general_platform_version_max":"","general_app":"","general_app_version":"","display_ppi":157,"display_pixel_ratio":"1.0","benchmark_min":0,"benchmark_max":0,"general_app_category":"","general_virtual":0,"display_css_screen_sizes":["176x220"]}}}