{"Device":{"_id":"1400","hd_ops":{"is_generic":0,"stop_on_detect":0,"overlay_result_specs":0},"hd_specs":{"general_vendor":"LG","general_model":"G210","general_platform":"","general_platform_version":"","general_browser":"WAP","general_browser_version":"2.0","general_image":"","general_aliases":[],"general_eusar":"","general_battery":["Li-Ion 830 mAh"],"general_type":"Mobile","general_cpu":[],"design_formfactor":"Clamshell","design_dimensions":"84.5 x 45.5 x 21.7","design_weight":"85","design_antenna":"Internal","design_keyboard":"Numeric","design_softkeys":"2","design_sidekeys":[],"display_type":"CSTN","display_color":"Yes","display_colors":"65K","display_size":"","display_x":"128","display_y":"160","display_other":[],"memory_internal":["2MB"],"memory_slot":[],"network":["GSM900","GSM1800","GSM1900","GPRS"],"media_camera":[],"media_secondcamera":[],"media_videocapture":[],"media_videoplayback":[],"media_audio":[],"media_other":[],"features":["Caller groups","Multiple numbers per contact","Picture ID","Ring ID","Calculator","World Clock","Converter","Calendar","Alarm","SMS","EMS","MMS","Sudoku","Games","Predictive text input","World time","Unit converter"],"connectors":["2.5mm Audio"],"general_language":"","general_platform_version_max":"","general_app":"","general_app_version":"","display_ppi":0,"display_pixel_ratio":"1.0","benchmark_min":0,"benchmark_max":0,"general_app_category":"","general_virtual":0,"display_css_screen_sizes":["128x160"]}}}