{"Device":{"_id":"1248","hd_ops":{"is_generic":0,"stop_on_detect":0,"overlay_result_specs":0},"hd_specs":{"general_vendor":"EZIO","general_model":"ESL808","general_platform":"","general_platform_version":"","general_browser":"WAP","general_browser_version":"2.0","general_image":"ezioesl808-1357684730-0.jpg","general_aliases":[],"general_eusar":"","general_battery":["Li-Ion 720 mAh"],"general_type":"Mobile","general_cpu":[],"design_formfactor":"Slide","design_dimensions":"86 x 43 x 21","design_weight":"","design_antenna":"Internal","design_keyboard":"Numeric","design_softkeys":"","design_sidekeys":[],"display_type":"TFT","display_color":"Yes","display_colors":"256K","display_size":"1.8\"","display_x":"176","display_y":"220","display_other":[],"memory_internal":["0.5MB RAM"],"memory_slot":["microSD"],"network":["GSM900","GSM1800","GSM1900"],"media_camera":["1.3MP","1280x1024"],"media_secondcamera":[],"media_videocapture":[],"media_videoplayback":["MPEG4"],"media_audio":["MP3"],"media_other":[],"features":["SMS","EMS","MMS","T9","Organizer","Calendar","Clock","Calculator","Predictive Call Input","Received Call","Missed Cali","Dialed Call","Games"],"connectors":["USB","2.5mm Audio"],"general_language":"","general_platform_version_max":"","general_app":"","general_app_version":"","display_ppi":157,"display_pixel_ratio":"1.0","benchmark_min":0,"benchmark_max":0,"general_app_category":"","general_virtual":0,"display_css_screen_sizes":["176x220"]}}}