{"Device":{"_id":"1101","hd_ops":{"is_generic":0,"stop_on_detect":0,"overlay_result_specs":0},"hd_specs":{"general_vendor":"Asus","general_model":"J501","general_platform":"","general_image":"asus^j501.jpg","general_aliases":[],"general_eusar":"","general_battery":["Li-Ion 750 mAh"],"general_type":"Mobile","general_cpu":[],"design_formfactor":"Slide","design_dimensions":"103 x 48 x 16.6","design_weight":"100","design_antenna":"Internal","design_keyboard":"Numeric","design_softkeys":"2","design_sidekeys":[],"display_type":"TFT","display_color":"Yes","display_colors":"262K","display_size":"2.2\"","display_x":"240","display_y":"320","display_other":[],"memory_internal":["5MB"],"memory_slot":["microSD"],"network":["GSM900","GSM1800","GSM1900","Bluetooth 1.2","GPRS Class 12"],"media_camera":["2MP","1600x1200"],"media_secondcamera":["None"],"media_videocapture":["Yes"],"media_videoplayback":["Yes"],"media_audio":["AAC","AAC+","MP4"],"media_other":["Auto focus"],"features":["Watch","Data and fax","Alarm clock","Calculator","Currency converter","Organizer","Calendar","Flight mode","SMS","EMS","MMS","Email","Instant messaging","FM radio","3 Java games & 8 games","Bluetooth Skype application","World clock","Health management"],"connectors":["USB 1.1"],"general_platform_version":"","general_browser":"","general_browser_version":"","general_language":"","general_platform_version_max":"","general_app":"","general_app_version":"","display_ppi":182,"display_pixel_ratio":"1.0","benchmark_min":0,"benchmark_max":0,"general_app_category":"","general_virtual":0,"display_css_screen_sizes":["240x320"]}}}