{"Device":{"_id":"1438","hd_ops":{"is_generic":0,"stop_on_detect":0,"overlay_result_specs":0},"hd_specs":{"general_aliases":[],"display_x":"160","display_y":"120","general_vendor":"LG","general_model":"CU8188","general_platform":"","general_image":"","network":["CDMA800"],"general_type":"Mobile","general_battery":["Li-Ion 540 mAh"],"general_cpu":[],"design_sidekeys":[],"display_other":["Second External"],"memory_internal":[],"memory_slot":[],"media_camera":[],"media_secondcamera":[],"media_videocapture":[],"media_videoplayback":[],"media_audio":[],"media_other":[],"features":["Caller Id","EMS","SMS","T9","Alarm clock","Calculator","Calendar","Organizer","Games"],"connectors":[],"design_formfactor":"Clamshell","design_dimensions":"87 x 46 x 21","design_weight":"83","design_antenna":"External","design_keyboard":"Numeric","design_softkeys":"","display_type":"","display_color":"Yes","display_colors":"65K","display_size":"","general_eusar":"","general_platform_version":"","general_browser":"","general_browser_version":"","general_language":"","general_platform_version_max":"","general_app":"","general_app_version":"","display_ppi":0,"display_pixel_ratio":"1.0","benchmark_min":0,"benchmark_max":0,"general_app_category":"","general_virtual":0,"display_css_screen_sizes":["160x120"]}}}