{"Device":{"_id":"1003","hd_ops":{"is_generic":0,"stop_on_detect":0,"overlay_result_specs":0},"hd_specs":{"general_aliases":[],"display_x":"128","display_y":"128","general_vendor":"LG","general_model":"CU6060","general_platform":"","general_image":"lg^cu6060.jpg","network":["CDMA800"],"general_type":"Mobile","general_eusar":"","general_battery":["Li-Ion 850 mAh"],"general_cpu":[],"design_formfactor":"Clamshell","design_dimensions":"8.35 x 2.05 x 4.5","design_weight":"80","design_antenna":"External","design_keyboard":"Numeric","design_softkeys":"2","design_sidekeys":[],"display_type":"CSTN","display_color":"Yes","display_colors":"65K","display_size":"","display_other":[],"memory_internal":[],"memory_slot":[],"media_camera":["VGA","640x480"],"media_secondcamera":[],"media_videocapture":[],"media_videoplayback":[],"media_audio":[],"media_other":[],"features":["Call Wait","Caller Id","Directional Pad","T9","SMS","EMS","Alarm","Calendar","Clock","Organizer","Call Received","Call Dialled","Missed Call","Games","200 Phonebook Capacity","Vibration","Included Accessories","Lithium Ion Battery","User Manual"],"connectors":["2.5mm Audio"],"general_platform_version":"","general_browser":"","general_browser_version":"","general_language":"","general_platform_version_max":"","general_app":"","general_app_version":"","display_ppi":0,"display_pixel_ratio":"1.0","benchmark_min":0,"benchmark_max":0,"general_app_category":"","general_virtual":0,"display_css_screen_sizes":["128x128"]}}}