{"Device":{"_id":"1340","hd_ops":{"is_generic":0,"stop_on_detect":0,"overlay_result_specs":0},"hd_specs":{"general_aliases":[],"display_x":"128","display_y":"128","general_vendor":"Fly","general_model":"V71","general_platform":"","general_image":"fly^v71.jpg","network":["GSM900","GSM1800","GPRS"],"general_type":"Mobile","general_eusar":"","general_battery":["Li-Ion 700 mAh"],"general_cpu":[],"design_formfactor":"Bar","design_dimensions":"107 x 48 x 13","design_weight":"85","design_antenna":"Internal","design_keyboard":"Numeric","design_softkeys":"2","design_sidekeys":[],"display_type":"TFT","display_color":"Yes","display_colors":"64K","display_size":"","display_other":[],"memory_internal":[],"memory_slot":["microSD","4MB"],"media_camera":["VGA","640x480"],"media_secondcamera":["None"],"media_videocapture":["Yes"],"media_videoplayback":["MPEG4"],"media_audio":["MP3"],"media_other":[],"features":["SMS","MMS","FM Radio","Games","Email","Organizer","Alarm","Calculator","Calendar","Voice memo","Phonebook","Voice dialing","Voice recorder"],"connectors":["USB"],"general_platform_version":"","general_browser":"","general_browser_version":"","general_language":"","general_platform_version_max":"","general_app":"","general_app_version":"","display_ppi":0,"display_pixel_ratio":"1.0","benchmark_min":0,"benchmark_max":0,"general_app_category":"","general_virtual":0,"display_css_screen_sizes":["128x128"]}}}