{"Device":{"_id":"1112","hd_ops":{"is_generic":0,"stop_on_detect":0,"overlay_result_specs":0},"hd_specs":{"general_aliases":[],"display_x":"240","display_y":"320","general_vendor":"Gionee","general_model":"I9","general_platform":"","general_image":"","network":["GSM900","GSM1800","Bluetooth","GPRS Class 10"],"general_type":"Mobile","general_eusar":"","general_battery":["Li-Ion 900 mAh"],"general_cpu":[],"design_formfactor":"Bar","design_dimensions":"11.25 x 1.44 x 5.23","design_weight":"","design_antenna":"Internal","design_keyboard":"Numeric","design_softkeys":"2","design_sidekeys":[],"display_type":"TFT","display_color":"Yes","display_colors":"262K","display_size":"","display_other":["Touch"],"memory_internal":[],"memory_slot":["MicroSD"],"media_camera":["1.5MP","1280x960"],"media_secondcamera":[],"media_videocapture":["Yes"],"media_videoplayback":["H.263","MPEG4"],"media_audio":["AAC","MP3","MIDI"],"media_other":["LED Flash"],"features":["Call Divert","Call Wait","Caller Id","Conference Call","EMS","MMS","SMS","Integrated speakerphone","OS","T9","iTap predictive text input","Integrated handsfree","Dual SIM","Alarm","Calculator","Calender","Clock","Currency Convertor","E-Book Reader","Stopwatch","To-do-list","Voice Memo","Photo-video Editor","Organiser","Picture Viewer","HandWriting Recognition","Photo Album","Voice Recorder","Fm Radio","Games","Screen Savers","Themes","Wallpapers","Windows Media Player","Polyphonic","Organizer"],"connectors":["USB 2.0","3.5mm Audio"],"general_platform_version":"","general_browser":"","general_browser_version":"","general_language":"","general_platform_version_max":"","general_app":"","general_app_version":"","display_ppi":0,"display_pixel_ratio":"1.0","benchmark_min":0,"benchmark_max":0,"general_app_category":"","general_virtual":0,"display_css_screen_sizes":["240x320"]}}}