{"Device":{"_id":"1373","hd_ops":{"is_generic":0,"stop_on_detect":0,"overlay_result_specs":0},"hd_specs":{"general_vendor":"Haier","general_model":"A62","general_platform":"","general_image":"haier^a62.jpg","general_aliases":[],"general_eusar":"","general_battery":["Li-Ion 650 mAh"],"general_type":"Mobile","general_cpu":[],"design_formfactor":"Clamshell","design_dimensions":"93 x 46 x 24","design_weight":"100","design_antenna":"Internal","design_keyboard":"Numeric","design_softkeys":"","design_sidekeys":[],"display_type":"TFT","display_color":"Yes","display_colors":"262K","display_size":"2\"","display_x":"176","display_y":"220","display_other":["Second External"],"memory_internal":["8MB RAM"],"memory_slot":["microSD"],"network":["GSM900","GSM1800","GPRS","Bluetooth 1.1"],"media_camera":["2MP","1600x1200"],"media_secondcamera":[],"media_videocapture":["Yes"],"media_videoplayback":["MPEG4","H.263"],"media_audio":["WAV","MP4"],"media_other":[],"features":["SMS","MMS","Organizer","Alarm clock","Calendar","Calculator","Vibration","Speakerphone","Games"],"connectors":["USB"],"general_platform_version":"","general_browser":"","general_browser_version":"","general_language":"","general_platform_version_max":"","general_app":"","general_app_version":"","display_ppi":141,"display_pixel_ratio":"1.0","benchmark_min":0,"benchmark_max":0,"general_app_category":"","general_virtual":0,"display_css_screen_sizes":["176x220"]}}}