{"Device":{"_id":"1199","hd_ops":{"is_generic":0,"stop_on_detect":0,"overlay_result_specs":0},"hd_specs":{"general_vendor":"Samsung","general_model":"Z400","general_platform":"","general_platform_version":"","general_browser":"","general_browser_version":"","general_image":"samsungz400-1403618706-0.jpg","general_aliases":[],"general_eusar":"","general_battery":["Li-Ion"],"general_type":"Mobile","general_cpu":[],"design_formfactor":"Slide","design_dimensions":"96.7 x 47.8 x 19.2","design_weight":"107","design_antenna":"Internal","design_keyboard":"Numeric","design_softkeys":"3","design_sidekeys":["Camera","Volume"],"display_type":"TFT","display_color":"Yes","display_colors":"256K","display_size":"2\"","display_x":"176","display_y":"220","display_other":[],"memory_internal":["30MB RAM"],"memory_slot":["microSD"],"network":["GSM900","GSM1800","GSM1900","Bluetooth 2.0","UMTS2100"],"media_camera":["2MP"],"media_secondcamera":["VGA"],"media_videocapture":[],"media_videoplayback":[],"media_audio":["MP3","AAC","ACC+"],"media_other":["Video telephony & Streaming"],"features":["WAP 2.0","xHTML","SMS","EMS","MMS","Email","Document viewer Word viewer","Excel viewer","PowerPoint viewer","PDF viewer"],"connectors":["USB"],"general_platform_version_max":"","general_app":"","general_app_version":"","general_language":"","display_ppi":141,"display_pixel_ratio":"1.0","benchmark_min":0,"benchmark_max":0,"general_app_category":"","general_virtual":0,"display_css_screen_sizes":["176x220"]}}}