{"Device":{"_id":"1213","hd_ops":{"is_generic":0,"stop_on_detect":0,"overlay_result_specs":0},"hd_specs":{"general_aliases":[],"display_x":"240","display_y":"320","general_vendor":"Spice","general_model":"S920","general_platform":"","general_image":"spice^s920.jpg","network":["GSM900","GSM1800","GSM1900","Bluetooth 1.2","GPRS Class 12"],"general_type":"Mobile","general_eusar":"","general_battery":["Li-Ion 1000 mAh"],"general_cpu":[],"design_formfactor":"Bar","design_dimensions":"113 x 50 x 13.5","design_weight":"90","design_antenna":"Internal","design_keyboard":"Numeric","design_softkeys":"2","design_sidekeys":[],"display_type":"TFT","display_color":"Yes","display_colors":"262K","display_size":"","display_other":[],"memory_internal":["80MB"],"memory_slot":["microSD","2GB"],"media_camera":["2MP","1600x1200"],"media_secondcamera":[],"media_videocapture":["Yes"],"media_videoplayback":["H.263","MPEG4"],"media_audio":["MP3","AAC"],"media_other":["Digital Zoom","LED Flash"],"features":["Alarm","Calculator","Currency converter","Organizer","Calendar","Games","SMS","EMS","MMS","T9","To-Do List","Speakerphone","Recorder","Vibration","Email"],"connectors":["2.5mm Audio","TV Out","USB"],"general_platform_version":"","general_browser":"","general_browser_version":"","general_language":"","general_platform_version_max":"","general_app":"","general_app_version":"","display_ppi":0,"display_pixel_ratio":"1.0","benchmark_min":0,"benchmark_max":0,"general_app_category":"","general_virtual":0,"display_css_screen_sizes":["240x320"]}}}