{"Device":{"_id":"1325","hd_ops":{"is_generic":0,"stop_on_detect":0,"overlay_result_specs":0},"hd_specs":{"general_aliases":[],"display_x":"240","display_y":"400","general_vendor":"MyPhone","general_model":"TV21","general_platform":"","general_image":"myphone^tv21.jpg","network":["GSM900","GSM1800","GSM1900","Bluetooth 1.2","GPRS Class 12"],"general_type":"Mobile","general_battery":["Li-Ion 850 mAh"],"general_cpu":[],"design_sidekeys":[],"display_other":["Touch"],"memory_internal":["2MB"],"memory_slot":["microSD","2GB"],"media_camera":["2MP","1600x1200"],"media_secondcamera":[],"media_videocapture":["Yes"],"media_videoplayback":["MPEG4"],"media_audio":["MP3"],"media_other":["Digital zoom"],"features":["Alarm clock","Calendar","Calculator","Organizer","Speakerphone","Vibration","Voice memo","Voice dialing","Voice command","Predictive text input","Instant messaging","SMS","MMS","Email","FM radio","Games"],"connectors":["USB 2.0","MicroUSB","3.5mm Audio","TV Out"],"design_formfactor":"Bar","design_dimensions":"118.5 x 57 x 13.5","design_weight":"120","design_antenna":"Internal","design_keyboard":"Screen","design_softkeys":"","display_type":"TFT","display_color":"Yes","display_colors":"65K","display_size":"3\"","general_eusar":"","general_platform_version":"","general_browser":"","general_browser_version":"","general_language":"","general_platform_version_max":"","general_app":"","general_app_version":"","display_ppi":155,"display_pixel_ratio":"1.0","benchmark_min":0,"benchmark_max":0,"general_app_category":"","general_virtual":0,"display_css_screen_sizes":["240x400"]}}}