{"Device":{"_id":"1367","hd_ops":{"is_generic":0,"stop_on_detect":0,"overlay_result_specs":0},"hd_specs":{"general_vendor":"Motorola","general_model":"WX265 US","general_platform":"","general_image":"motorola^wx265.jpg","general_aliases":[],"general_eusar":"","general_battery":["Li-Ion 750 mAh"],"general_type":"Mobile","general_cpu":[],"design_formfactor":"Clamshell","design_dimensions":"96 x 46.5 x 16.65","design_weight":"83","design_antenna":"Internal","design_keyboard":"Numeric","design_softkeys":"2","design_sidekeys":[],"display_type":"TFT","display_color":"Yes","display_colors":"65K","display_size":"1.8\"","display_x":"128","display_y":"160","display_other":["Second External Mono"],"memory_internal":[],"memory_slot":["microSD","2GB"],"network":["GSM850","GSM1900","Bluetooth 2.0","GPRS Class 10"],"media_camera":[],"media_secondcamera":[],"media_videocapture":[],"media_videoplayback":[],"media_audio":["MP3"],"media_other":[],"features":["800 entries","Alarm","Flashlight","Calculator","Currency converter (Standalone unit)","Music ringtones (MP3)","Polyphonic ringtones","Vibration","Silent mode","Speakerphone","SMS","MMS","FM radio with RDS","Currency converter","Predictive text input","Games"],"connectors":["USB","MiniUSB"],"general_platform_version":"","general_browser":"","general_browser_version":"","general_language":"","general_platform_version_max":"","general_app":"","general_app_version":"","display_ppi":114,"display_pixel_ratio":"1.0","benchmark_min":0,"benchmark_max":0,"general_app_category":"","general_virtual":0,"display_css_screen_sizes":["128x160"]}}}