{"Device":{"_id":"134","hd_ops":{"is_generic":0,"stop_on_detect":0,"overlay_result_specs":0},"hd_specs":{"general_vendor":"Siemens","general_model":"U35","general_platform":"","general_platform_version":"","general_browser":"","general_browser_version":"","general_image":"siemensu35-1358703559-0.gif","general_aliases":[],"general_eusar":"","general_battery":["Ni-Mh 500 mAh"],"general_type":"Mobile","general_cpu":[],"design_formfactor":"Bar","design_dimensions":"118 x 46 x 21","design_weight":"110","design_antenna":"External","design_keyboard":"Numeric","design_softkeys":"","design_sidekeys":[],"display_type":"Monochrome","display_color":"No","display_colors":"","display_size":"","display_x":"90","display_y":"40","display_other":[],"memory_internal":["32MB"],"memory_slot":[],"network":["GSM900","GSM1800","Infrared"],"media_camera":[],"media_secondcamera":[],"media_videocapture":[],"media_videoplayback":[],"media_audio":["MP3"],"media_other":[],"features":[],"connectors":[],"general_language":"","general_platform_version_max":"","general_app":"","general_app_version":"","display_ppi":0,"display_pixel_ratio":"1.0","benchmark_min":0,"benchmark_max":0,"general_app_category":"","general_virtual":0,"display_css_screen_sizes":["90x40"]}}}