{"Device":{"_id":"1412","hd_ops":{"is_generic":0,"stop_on_detect":0,"overlay_result_specs":0},"hd_specs":{"general_vendor":"LG","general_model":"G7070","general_platform":"","general_image":"lg^g7070.jpg","general_aliases":[],"general_eusar":"","general_battery":["Li-Ion 720 mAh"],"general_type":"Mobile","general_cpu":[],"design_formfactor":"Swivel","design_dimensions":"99 x 46 x 22","design_weight":"95","design_antenna":"Internal","design_keyboard":"Numeric","design_softkeys":"","design_sidekeys":["Volume"],"display_type":"UFB","display_color":"Yes","display_colors":"65K","display_size":"","display_x":"128","display_y":"92","display_other":[],"memory_internal":["1.3MB"],"memory_slot":[],"network":["GSM900","GSM1800","GPRS Class 10","Infrared"],"media_camera":["VGA","640x480"],"media_secondcamera":[],"media_videocapture":[],"media_videoplayback":[],"media_audio":[],"media_other":[],"features":["SMS","EMS","MMS","T9","Organizer","World clock","Voice dial","Received Call","Missed Call","Dialed Call","Voice Memo","Calculator","Calendar"],"connectors":["USB","2.5mm Audio"],"general_platform_version":"","general_browser":"","general_browser_version":"","general_language":"","general_platform_version_max":"","general_app":"","general_app_version":"","display_ppi":0,"display_pixel_ratio":"1.0","benchmark_min":0,"benchmark_max":0,"general_app_category":"","general_virtual":0,"display_css_screen_sizes":["128x92"]}}}