{"Device":{"_id":"1416","hd_ops":{"is_generic":0,"stop_on_detect":0,"overlay_result_specs":0},"hd_specs":{"general_vendor":"LG","general_model":"CE500","general_platform":"","general_image":"lg^ce500.jpeg","general_aliases":[],"general_eusar":"","general_battery":["Li-Ion 1000 mAh"],"general_type":"Mobile","general_cpu":[],"design_formfactor":"Clamshell","design_dimensions":"94 x 48 x 24","design_weight":"105","design_antenna":"External","design_keyboard":"Numeric","design_softkeys":"2","design_sidekeys":["Camera"],"display_type":"TFT","display_color":"Yes","display_colors":"262K","display_size":"","display_x":"128","display_y":"160","display_other":["Second External"],"memory_internal":["32MB"],"memory_slot":["microSD"],"network":["GSM850","GSM1800","GSM1900","EDGE","Infrared"],"media_camera":["VGA"],"media_secondcamera":["None"],"media_videocapture":["Yes"],"media_videoplayback":["None"],"media_audio":["MP3","AAC","AAC+"],"media_other":["Digital zoom","LED Flash"],"features":["250 entries","Caller groups","Multiple numbers per contact","Picture ID","Calendar","Alarm","Calculator","Converter","World clock","Music ringtones (MP3)","Polyphonic ringtones (64 voices)","Vibration","Games"],"connectors":["USB"],"general_platform_version":"","general_browser":"","general_browser_version":"","general_language":"","general_platform_version_max":"","general_app":"","general_app_version":"","display_ppi":0,"display_pixel_ratio":"1.0","benchmark_min":0,"benchmark_max":0,"general_app_category":"","general_virtual":0,"display_css_screen_sizes":["128x160"]}}}