{"Device":{"_id":"1410","hd_ops":{"is_generic":0,"stop_on_detect":0,"overlay_result_specs":0},"hd_specs":{"general_aliases":[],"display_x":"96","display_y":"64","general_vendor":"Motorola","general_model":"T192m","general_platform":"","general_image":"motorola^t192m.png","network":["GSM900","GSM1800","GPRS Class 4"],"general_type":"Mobile","general_eusar":"","general_battery":["Ni-Mh"],"general_cpu":[],"design_formfactor":"Bar","design_dimensions":"120 x 46 x 23","design_weight":"117","design_antenna":"Internal","design_keyboard":"Numeric","design_softkeys":"","design_sidekeys":[],"display_type":"Monochrome","display_color":"No","display_colors":"","display_size":"","display_other":[],"memory_internal":[],"memory_slot":[],"media_camera":[],"media_secondcamera":[],"media_videocapture":[],"media_videoplayback":[],"media_audio":[],"media_other":[],"features":["100 entries","Calendar","Alarm","To-Do","Calculator","Vibration","Voice dialing","Screen savers","SMS","EMS","Predictive text input","Voice note","Voice activation","Interchangeable Bezel\/Lens","Games"],"connectors":[],"general_platform_version":"","general_browser":"","general_browser_version":"","general_language":"","general_platform_version_max":"","general_app":"","general_app_version":"","display_ppi":0,"display_pixel_ratio":"1.0","benchmark_min":0,"benchmark_max":0,"general_app_category":"","general_virtual":0,"display_css_screen_sizes":["96x64"]}}}