{"Device":{"_id":"1380","hd_ops":{"is_generic":0,"stop_on_detect":0,"overlay_result_specs":0},"hd_specs":{"general_vendor":"Micromax","general_model":"X550","general_platform":"","general_platform_version":"","general_browser":"","general_browser_version":"","general_image":"","general_aliases":["Micromax X550 QUBE"],"general_eusar":"","general_battery":["Li-Ion 1200 mAh"],"general_type":"Mobile","general_cpu":[],"design_formfactor":"Bar","design_dimensions":"112.5 x 55.9 x 14.1","design_weight":"85","design_antenna":"Internal","design_keyboard":"Screen","design_softkeys":"","design_sidekeys":["Volume"],"display_type":"TFT","display_color":"Yes","display_colors":"256K","display_size":"3.2\"","display_x":"240","display_y":"400","display_other":["Resistive","Touch"],"memory_internal":[],"memory_slot":["microSD","16GB"],"network":["GSM900","GSM1800","Bluetooth 2.0","GPRS Class 10"],"media_camera":["2MP","1600x1200"],"media_secondcamera":["None"],"media_videocapture":[],"media_videoplayback":["MPEG4","AVI","3GP"],"media_audio":["MP3","AAC+"],"media_other":[],"features":["3D Cube UI","SMS","MMS","Email","Stereo FM radio","Games","Nimbuzz","Facebook application","Organizer","Predictive text input","Instant Messaging"],"connectors":["TV Out","3.5mm Audio","USB 2.0"],"general_language":"","general_platform_version_max":"","general_app":"","general_app_version":"","display_ppi":146,"display_pixel_ratio":"1.0","benchmark_min":0,"benchmark_max":0,"general_app_category":"","general_virtual":0,"display_css_screen_sizes":["240x400"]}}}