{"Device":{"_id":"1368","hd_ops":{"is_generic":0,"stop_on_detect":0,"overlay_result_specs":0},"hd_specs":{"general_vendor":"Samsung","general_model":"SPH-A640","general_platform":"","general_image":"samsung^spha640.jpg","general_aliases":[],"general_eusar":"","general_battery":["Li-Ion 1000 mAh"],"general_type":"Mobile","general_cpu":[],"design_formfactor":"Clamshell","design_dimensions":"91.5 x 46 x 23","design_weight":"91","design_antenna":"Internal","design_keyboard":"Numeric","design_softkeys":"","design_sidekeys":["Volume","Camera"],"display_type":"TFT","display_color":"Yes","display_colors":"65K","display_size":"","display_x":"128","display_y":"160","display_other":[],"memory_internal":[],"memory_slot":[],"network":["GSM800","GSM1900","Bluetooth"],"media_camera":["VGA","640x480"],"media_secondcamera":[],"media_videocapture":[],"media_videoplayback":[],"media_audio":[],"media_other":["Digital zoom","Self-timer"],"features":["299 entries","Caller groups","Multiple numbers per contact","Picture ID","Ring ID","Calendar","Alarm","To-Do","Calculator","World clock","Countdown timer","Notes","SMS","T9","Instant Messaging: AOL","Yahoo!","Games","Headset (HSP)","Handsfree (HFP)","Dial-up networking (DUN)","Object Push (OPP)","Generic Access (GAP)","Computer Synchronization","Polyphonic ringtones (32 voices)","Vibration","Speakerphone","Voice dialing","Voice commands","Voice recording","TTY\/TDD"],"connectors":["USB"],"general_platform_version":"","general_browser":"","general_browser_version":"","general_language":"","general_platform_version_max":"","general_app":"","general_app_version":"","display_ppi":0,"display_pixel_ratio":"1.0","benchmark_min":0,"benchmark_max":0,"general_app_category":"","general_virtual":0,"display_css_screen_sizes":["128x160"]}}}