{"Device":{"_id":"1398","hd_ops":{"is_generic":0,"stop_on_detect":0,"overlay_result_specs":0},"hd_specs":{"general_aliases":[],"display_x":"128","display_y":"160","general_vendor":"LG","general_model":"G8100","general_platform":"","general_image":"","network":["GSM900","GSM1800","Bluetooth","GPRS Class 10"],"general_type":"Mobile","general_battery":["Li-Po 1050 mAh"],"general_cpu":[],"design_sidekeys":[],"display_other":["Second External"],"memory_internal":["64MB RAM"],"memory_slot":["None"],"media_camera":["1.3MP","1280x1024"],"media_secondcamera":["None"],"media_videocapture":["Yes"],"media_videoplayback":["MPEG4"],"media_audio":["MP3"],"media_other":["Digital zoom"],"features":["Alarm clock","Calendar","Calculator","Organizer","Speakerphone","Vibration","Stopwatch","Unit converter","To-Do List","Voice memo","Voice dialing","Predictive text input","SMS","MMS","Email","Games"],"connectors":[],"design_formfactor":"Clamshell","design_dimensions":"96 x 50 x 22","design_weight":"120","design_antenna":"External","design_keyboard":"Numeric","design_softkeys":"","display_type":"TFT","display_color":"Yes","display_colors":"65K","display_size":"","general_eusar":"","general_platform_version":"","general_browser":"","general_browser_version":"","general_language":"","general_platform_version_max":"","general_app":"","general_app_version":"","display_ppi":0,"display_pixel_ratio":"1.0","benchmark_min":0,"benchmark_max":0,"general_app_category":"","general_virtual":0,"display_css_screen_sizes":["128x160"]}}}