{"Device":{"_id":"1214","hd_ops":{"is_generic":0,"stop_on_detect":0,"overlay_result_specs":0},"hd_specs":{"general_vendor":"Hisense","general_model":"C1110","general_platform":"","general_platform_version":"","general_browser":"","general_browser_version":"","general_image":"hisensec1110-1405949894-0.jpg","general_aliases":[],"general_eusar":"","general_battery":["Li-Ion"],"general_type":"Mobile","general_cpu":[],"design_formfactor":"Bar","design_dimensions":"","design_weight":"","design_antenna":"Internal","design_keyboard":"Qwerty","design_softkeys":"2","design_sidekeys":[],"display_type":"TFT","display_color":"Yes","display_colors":"","display_size":"2.4\"","display_x":"128","display_y":"92","display_other":[],"memory_internal":[],"memory_slot":[],"network":["CDMA2000","CDMA450","CDMA800","CDMA1900","Bluetooth","GPRS"],"media_camera":["1.3MP","1280x1024"],"media_secondcamera":[],"media_videocapture":["Yes"],"media_videoplayback":["MPEG4"],"media_audio":["MP3"],"media_other":[],"features":["FM Radio","Polyphonic","Speakerphone","SMS","MMS","Email","Phonebook","Alarm","Calculator","Calendar","Organizer","Games","Voice memo","Voice dialing"],"connectors":["USB"],"general_platform_version_max":"","general_app":"","general_app_version":"","general_language":"","display_ppi":66,"display_pixel_ratio":"1.0","benchmark_min":0,"benchmark_max":0,"general_app_category":"","general_virtual":0,"display_css_screen_sizes":["128x92"]}}}