{"Device":{"_id":"1389","hd_ops":{"is_generic":0,"stop_on_detect":0,"overlay_result_specs":0},"hd_specs":{"general_vendor":"LG","general_model":"GD880","general_platform":"","general_image":"lg^gd880.jpeg","general_aliases":["LG Mini"],"general_eusar":"","general_battery":["Li-Ion 1000 mAh"],"general_type":"Mobile","general_cpu":[],"design_formfactor":"Bar","design_dimensions":"102 x 47.6 x 10.6","design_weight":"99","design_antenna":"Internal","design_keyboard":"Screen","design_softkeys":"","design_sidekeys":["Volume","Camera"],"display_type":"TFT","display_color":"Yes","display_colors":"262K","display_size":"3.2\"","display_x":"480","display_y":"854","display_other":["Gorilla Glass","Multitouch","Capacitive","Touch"],"memory_internal":["330MB"],"memory_slot":["microSD","microSDHC","32GB"],"network":["GSM850","GSM900","GSM1800","GSM1900","HSDPA900","HSDPA2100","UMTS900","UMTS2100","802.11b","802.11g","Bluetooth 2.1","GPRS Class 10","EDGE Class 10"],"media_camera":["5MP","2560x1920"],"media_secondcamera":["Yes"],"media_videocapture":["VGA@30fps"],"media_videoplayback":["MP4","DivX","XviD","H.264","H.263"],"media_audio":["MP3","WMA","eAAC+"],"media_other":["Auto focus","Geo-tagging","Face and smile detection","Image stabilization","Digital zoom"],"features":["Accelerometer","Calculator","World Clock","Stopwatch","Unit Converter","To-Do \/ Tasks","Alarm","Calendar","Caller groups","Multiple numbers per contact","Picture ID","Ring ID","Accelerometer sensor for UI auto-rotate","Proximity sensor for auto turn-off","SMS","MMS","Email","Push Email","Stereo FM radio with RDS","Games","Social networking integration with live updates","Organizer","Document viewer","Word viewer","Excel viewer","PowerPoint viewer","PDF viewer","Voice memo","Predictive text input"],"connectors":["MicroUSB","USB 2.0","3.5mm Audio"],"general_platform_version":"","general_browser":"","general_browser_version":"","general_language":"","general_platform_version_max":"","general_app":"","general_app_version":"","display_ppi":306,"display_pixel_ratio":"1.0","benchmark_min":0,"benchmark_max":0,"general_app_category":"","general_virtual":0,"display_css_screen_sizes":["480x854"]}}}