{"Device":{"_id":"1142","hd_ops":{"is_generic":0,"stop_on_detect":0,"overlay_result_specs":0},"hd_specs":{"general_vendor":"Alcatel","general_model":"Mandarina Duck","general_platform":"","general_image":"alcatel^mandarinaduck.jpg","general_aliases":[],"general_eusar":"1.00 head","general_battery":["Li-Ion 750 mAh"],"general_type":"Mobile","general_cpu":[],"design_formfactor":"Clamshell","design_dimensions":"89 x 45.7 x 22","design_weight":"83","design_antenna":"Internal","design_keyboard":"Numeric","design_softkeys":"2","design_sidekeys":[],"display_type":"TFT","display_color":"Yes","display_colors":"65K","display_size":"","display_x":"128","display_y":"160","display_other":[],"memory_internal":["10MB"],"memory_slot":["microSD","1GB"],"network":["GSM900","GSM1800","GPRS Class 10","Bluetooth 2.0"],"media_camera":["VGA","640x480"],"media_secondcamera":["None"],"media_videocapture":["Yes"],"media_videoplayback":["MPEG4","H.263"],"media_audio":["MP3","AAC","M4A"],"media_other":[],"features":["Alarm","Calculator","Currency converter","SMS","MMS","T9","Predictive text input","Instant Messaging","Advanced Audio Distribution (A2DP)","Audio\/Visual Remote Control Profile (AVRCP)","Dial-up networking (DUN)","Generic Access (GAP)","Handsfree (HFP)","Headset (HSP)","Object Push (OPP)","Serial-DevA","Serial-DevB","Polyphonic ringtones (64 voices)","Vibration","Speakerphone","Voice Recording"],"connectors":["USB 2.0"],"general_platform_version":"","general_browser":"","general_browser_version":"","general_language":"","general_platform_version_max":"","general_app":"","general_app_version":"","display_ppi":0,"display_pixel_ratio":"1.0","benchmark_min":0,"benchmark_max":0,"general_app_category":"","general_virtual":0,"display_css_screen_sizes":["128x160"]}}}