{"Device":{"_id":"1169","hd_ops":{"is_generic":0,"stop_on_detect":0,"overlay_result_specs":0},"hd_specs":{"general_vendor":"Motorola","general_model":"WX390","general_platform":"","general_image":"motorola^wx390.jpg","general_aliases":["Motorola Rokr WX390"],"general_eusar":"","general_battery":["Li-Ion 650 mAh"],"general_type":"Mobile","general_cpu":[],"design_formfactor":"Bar","design_dimensions":"105 x 44.9 x 12","design_weight":"83","design_antenna":"Internal","design_keyboard":"Numeric","design_softkeys":"","design_sidekeys":[],"display_type":"CSTN","display_color":"Yes","display_colors":"65K","display_size":"1.8\"","display_x":"128","display_y":"160","display_other":[],"memory_internal":[],"memory_slot":["microSD","2GB"],"network":["GSM900","GSM1800","Bluetooth 2.0","GPRS Class 10"],"media_camera":["VGA","640x480"],"media_secondcamera":[],"media_videocapture":[],"media_videoplayback":[],"media_audio":["MP3","WAV","AAC+"],"media_other":[],"features":["SMS","MMS","Organizer","Voice memo","Predictive text input","Alarm","Calendar","Calculator","Games"],"connectors":["USB 2.0","MicroUSB"],"general_platform_version":"","general_browser":"","general_browser_version":"","general_language":"","general_platform_version_max":"","general_app":"","general_app_version":"","display_ppi":114,"display_pixel_ratio":"1.0","benchmark_min":0,"benchmark_max":0,"general_app_category":"","general_virtual":0,"display_css_screen_sizes":["128x160"]}}}