{"Device":{"_id":"1421","hd_ops":{"is_generic":0,"stop_on_detect":0,"overlay_result_specs":0},"hd_specs":{"general_vendor":"LG","general_model":"KG225","general_platform":"","general_image":"lg^kg225.jpg","general_aliases":[],"general_eusar":"","general_battery":["Li-Ion"],"general_type":"Mobile","general_cpu":[],"design_formfactor":"Clamshell","design_dimensions":"84.5 x 45 x 22.2","design_weight":"70","design_antenna":"Internal","design_keyboard":"Numeric","design_softkeys":"2","design_sidekeys":[],"display_type":"CSTN","display_color":"Yes","display_colors":"65K","display_size":"","display_x":"128","display_y":"160","display_other":[],"memory_internal":[],"memory_slot":[],"network":["GSM900","GSM1800","GSM1900","GPRS"],"media_camera":["VGA","640x480"],"media_secondcamera":["none"],"media_videocapture":[],"media_videoplayback":["none"],"media_audio":["none"],"media_other":[],"features":["Vibration","Downloadable polyphonic ringtones","500 entries","Photocall","Phonebook","20 dialed","10 received","10 missed calls","SMS","EMS","MMS","Instant Messaging","Internet Browsing WAP 2.0\/xHTML","Predictive text input","Calculator","Voice memo (10 x 20 sec.)","World time","Unit converter"],"connectors":[],"general_platform_version":"","general_browser":"","general_browser_version":"","general_language":"","general_platform_version_max":"","general_app":"","general_app_version":"","display_ppi":0,"display_pixel_ratio":"1.0","benchmark_min":0,"benchmark_max":0,"general_app_category":"","general_virtual":0,"display_css_screen_sizes":["128x160"]}}}