{"Device":{"_id":"1168","hd_ops":{"is_generic":0,"stop_on_detect":0,"overlay_result_specs":0},"hd_specs":{"general_vendor":"Ericsson","general_model":"R520","general_platform":"","general_image":"ericsson^r520.jpg","general_aliases":[],"general_eusar":"","general_battery":["Li-Ion 750 mAh"],"general_type":"Mobile","general_cpu":[],"design_formfactor":"Bar","design_dimensions":"130 x 50 x 16","design_weight":"105","design_antenna":"External","design_keyboard":"Numeric","design_softkeys":"","design_sidekeys":[],"display_type":"Monochrome","display_color":"No","display_colors":"","display_size":"","display_x":"101","display_y":"67","display_other":[],"memory_internal":[],"memory_slot":[],"network":["GSM900","GSM1800","GSM1900","Infrared","Bluetooth 1.0","GPRS"],"media_camera":[],"media_secondcamera":[],"media_videocapture":[],"media_videoplayback":[],"media_audio":[],"media_other":[],"features":["500 entries","Multiple numbers per contact","Calendar","Alarm","Calculator","Currency converter","Stopwatch","Vibration","Phone profiles","Speakerphone","Voice dialing","Voice recording","SMS","Email","Predictive text input","Code memo","Voice dial","Voice answer","Voice memo","Speaker with proximity switch","Games"],"connectors":[],"general_platform_version":"","general_browser":"","general_browser_version":"","general_language":"","general_platform_version_max":"","general_app":"","general_app_version":"","display_ppi":0,"display_pixel_ratio":"1.0","benchmark_min":0,"benchmark_max":0,"general_app_category":"","general_virtual":0,"display_css_screen_sizes":["101x67"]}}}