{"Device":{"_id":"1098","hd_ops":{"is_generic":0,"stop_on_detect":0,"overlay_result_specs":0},"hd_specs":{"general_vendor":"Yulong","general_model":"Coolpad 288","general_platform":"","general_platform_version":"","general_browser":"","general_browser_version":"","general_image":"yulongcoolpad288-1403264195-0.jpg","general_aliases":[],"general_eusar":"","general_battery":["Li-Ion"],"general_type":"Mobile","general_cpu":[],"design_formfactor":"Bar","design_dimensions":"11.4 x 1.95 x 5","design_weight":"","design_antenna":"Internal","design_keyboard":"Numeric","design_softkeys":"2","design_sidekeys":[],"display_type":"TFT","display_color":"Yes","display_colors":"65K","display_size":"","display_x":"176","display_y":"220","display_other":[],"memory_internal":[],"memory_slot":["microSD"],"network":["GSM900","GSM1800","GSM1900","GPRS"],"media_camera":["2MP","1600x1200"],"media_secondcamera":[],"media_videocapture":["Yes"],"media_videoplayback":["Yes"],"media_audio":["MP3","MIDI","M4A"],"media_other":[],"features":["Caller Id","Email","MMS","SMS","Instant Messaging","Integrated speakerphone","Multiple languages","T9","iTap predictive text input","Alarm","Calculator","Calender","Clock","Photo-video Editor","Photo Album","Voice Recorder","Fm Radio","Games","Wallpapers","Polyphonic","Phonebook 1000","Organizer"],"connectors":["USB"],"general_platform_version_max":"","general_app":"","general_app_version":"","general_language":"","display_ppi":0,"display_pixel_ratio":"1.0","benchmark_min":0,"benchmark_max":0,"general_app_category":"","general_virtual":0,"display_css_screen_sizes":["176x220"]}}}