{"Device":{"_id":"1043","hd_ops":{"is_generic":0,"stop_on_detect":0,"overlay_result_specs":0},"hd_specs":{"general_vendor":"Gionee","general_model":"L7","general_platform":"","general_platform_version":"","general_browser":"","general_browser_version":"","general_image":"gioneel7-1360554133-0.jpg","general_aliases":[],"general_eusar":"","general_battery":["Li-Ion"],"general_type":"Mobile","general_cpu":[],"design_formfactor":"Bar","design_dimensions":"11.6 x 1.5 x 5.6","design_weight":"","design_antenna":"Internal","design_keyboard":"Numeric","design_softkeys":"2","design_sidekeys":[],"display_type":"TFT","display_color":"Yes","display_colors":"262K","display_size":"","display_x":"240","display_y":"320","display_other":["Touch"],"memory_internal":[],"memory_slot":["MicroSD"],"network":["GSM900","GSM1800","GPRS Class 10"],"media_camera":["1.5MP","1280x960"],"media_secondcamera":[],"media_videocapture":["Yes"],"media_videoplayback":["MP4"],"media_audio":["MP3","M4A"],"media_other":[],"features":["Caller Id","MMS","SMS","T9","iTap predictive text input","Alarm","Calculator","Calender","Clock","Photo-video Editor","HandWriting Recognition","Photo Album","Voice Recorder","Games","Wallpapers","Polyphonic","Organizer"],"connectors":["USB"],"general_language":"","general_platform_version_max":"","general_app":"","general_app_version":"","display_ppi":0,"display_pixel_ratio":"1.0","benchmark_min":0,"benchmark_max":0,"general_app_category":"","general_virtual":0,"display_css_screen_sizes":["240x320"]}}}