{"Device":{"_id":"1203","hd_ops":{"is_generic":0,"stop_on_detect":0,"overlay_result_specs":0},"hd_specs":{"general_vendor":"Fly","general_model":"MX300","general_platform":"","general_image":"fly^mx300.jpg","general_aliases":[],"general_eusar":"","general_battery":["Li-Ion 550 mAh"],"general_type":"Mobile","general_cpu":[],"design_formfactor":"Clamshell","design_dimensions":"92 x 50 x 14.90","design_weight":"72","design_antenna":"Internal","design_keyboard":"Numeric","design_softkeys":"","design_sidekeys":[],"display_type":"TFT","display_color":"Yes","display_colors":"256K","display_size":"","display_x":"176","display_y":"220","display_other":[],"memory_internal":["60MB"],"memory_slot":["microSD"],"network":["GSM900","GSM1800","GSM1900","GPRS Class 8","Bluetooth 1.2"],"media_camera":["1.3MP","1280x1024"],"media_secondcamera":["None"],"media_videocapture":["Yes"],"media_videoplayback":["None"],"media_audio":["AAC","WAV"],"media_other":[],"features":["SMS","EMS","MMS","T9","Stopwatch","Alarm","Calculator","Currency converter","Organizer","Calendar","Flight mode","Speakerphone","Recorder","Vibration","Games"],"connectors":["USB 1.1"],"general_platform_version":"","general_browser":"","general_browser_version":"","general_language":"","general_platform_version_max":"","general_app":"","general_app_version":"","display_ppi":0,"display_pixel_ratio":"1.0","benchmark_min":0,"benchmark_max":0,"general_app_category":"","general_virtual":0,"display_css_screen_sizes":["176x220"]}}}