{"Device":{"_id":"1391","hd_ops":{"is_generic":0,"stop_on_detect":0,"overlay_result_specs":0},"hd_specs":{"general_vendor":"LG","general_model":"KM710","general_platform":"","general_image":"lg^km710.jpg","general_aliases":[],"general_eusar":"","general_battery":["Li-Ion 800 mAh"],"general_type":"Mobile","general_cpu":[],"design_formfactor":"Slide","design_dimensions":"103 x 48 x 15.4","design_weight":"118","design_antenna":"Internal","design_keyboard":"Numeric","design_softkeys":"2","design_sidekeys":["Camera","Multimedia"],"display_type":"TFT","display_color":"Yes","display_colors":"262K","display_size":"2\"","display_x":"240","display_y":"320","display_other":[],"memory_internal":["15MB"],"memory_slot":["microSD","2GB"],"network":["GSM900","GSM1800","GSM1900","EDGE","Bluetooth 2.0"],"media_camera":["3.15MP","2048x1536"],"media_secondcamera":["none"],"media_videocapture":[],"media_videoplayback":["none"],"media_audio":["MP3","AAC"],"media_other":["Auto focus","Digital zoom"],"features":["Internet Browsing WAP 2.0","1000 entries","Caller groups","Multiple numbers per contact","Picture ID","Ring ID","Calendar","Alarm","Calculator","World clock","SMS","MMS","T9","Predictive text input","Email","Java Midp 2.0","Games","Advanced Audio Distribution (A2DP)","Audio\/Visual Remote Control Profile (AVRCP)","Basic Printing (BPP)","File Transfer (FTP)","Generic Access (GAP)","Generic Audio\/Video Distribution (GAVDP)","Handsfree (HFP)","Headset (HSP)","Object Push (OPP)","Serial Port (SPP)","Service Discovery Application (SDAP)Advanced Audio Distribution (A2DP)","Service Discovery Application (SDAP)","Computer sync","Music ringtones (MP3)","Vibration","Phone profiles","SpeakerphonebMusic ringtones (MP3)","Speakerphone","Voice recording"],"connectors":["USB"],"general_platform_version":"","general_browser":"","general_browser_version":"","general_language":"","general_platform_version_max":"","general_app":"","general_app_version":"","display_ppi":200,"display_pixel_ratio":"1.0","benchmark_min":0,"benchmark_max":0,"general_app_category":"","general_virtual":0,"display_css_screen_sizes":["240x320"]}}}