{"Device":{"_id":"1094","hd_ops":{"is_generic":0,"stop_on_detect":0,"overlay_result_specs":0},"hd_specs":{"general_vendor":"ZTE","general_model":"Vodafone547","general_platform":"","general_image":"zte^vodafone547.jpg","general_aliases":["ZTE Vodafone Cute 547"],"general_eusar":"0.65 Head","general_battery":["Li-Ion"],"general_type":"Mobile","general_cpu":[],"design_formfactor":"Bar","design_dimensions":"103 x 51 x 2.8","design_weight":"83","design_antenna":"Internal","design_keyboard":"Screen","design_softkeys":"","design_sidekeys":[],"display_type":"TFT","display_color":"Yes","display_colors":"256K","display_size":"2.8\"","display_x":"240","display_y":"400","display_other":["Resistive","Touch"],"memory_internal":[],"memory_slot":["microSD"],"network":["GSM850","GSM900","GSM1800","GSM1900","Bluetooth 2.0","EDGE","GPRS"],"media_camera":["2 MP","1600x1200"],"media_secondcamera":["None"],"media_videocapture":[],"media_videoplayback":["MP4","H.264"],"media_audio":["MP3","AAC"],"media_other":[],"features":["SMS","MMS","Email","Organizer","Voice memo","Predictive text input","Stereo FM radio with RDS"],"connectors":["USB"],"general_platform_version":"","general_browser":"","general_browser_version":"","general_language":"","general_platform_version_max":"","general_app":"","general_app_version":"","display_ppi":167,"display_pixel_ratio":"1.0","benchmark_min":0,"benchmark_max":0,"general_app_category":"","general_virtual":0,"display_css_screen_sizes":["240x400"]}}}