{"Device":{"_id":"1000","hd_ops":{"is_generic":0,"stop_on_detect":0,"overlay_result_specs":0},"hd_specs":{"general_aliases":[],"display_x":"128","display_y":"128","general_vendor":"Zonda","general_model":"ZMEM 1095","general_platform":"","general_image":"","network":["GSM850","GSM1900","Bluetooth"],"general_type":"Mobile","general_battery":[],"general_cpu":[],"design_sidekeys":[],"display_other":[],"memory_internal":["2.8MB"],"memory_slot":["microSD","2GB"],"media_camera":["VGA"],"media_secondcamera":[],"media_videocapture":["Yes"],"media_videoplayback":[],"media_audio":["AAC","MP3","WAV","MIDI"],"media_other":[],"features":["SMS","EMS","MMS","Predictive Text","Phonebook"],"connectors":[],"design_formfactor":"Clamshell","design_dimensions":"176 x 220 1.76","design_weight":"39","design_antenna":"Internal","design_keyboard":"Numeric","design_softkeys":"","display_type":"","display_color":"Yes","display_colors":"","display_size":"","general_eusar":"","general_platform_version":"","general_browser":"","general_browser_version":"","general_language":"","general_platform_version_max":"","general_app":"","general_app_version":"","display_ppi":0,"display_pixel_ratio":"1.0","benchmark_min":0,"benchmark_max":0,"general_app_category":"","general_virtual":0,"display_css_screen_sizes":["128x128"]}}}