{"Device":{"_id":"1108","hd_ops":{"is_generic":0,"stop_on_detect":0,"overlay_result_specs":0},"hd_specs":{"general_vendor":"Alcatel","general_model":"OT-S218","general_platform":"","general_image":"alcatel^ots218.jpg","general_aliases":[],"general_eusar":"","general_battery":["Li-Ion 670 mAh"],"general_type":"Mobile","general_cpu":[],"design_formfactor":"Bar","design_dimensions":"98 x 43.6 x 13.8","design_weight":"70","design_antenna":"Internal","design_keyboard":"Numeric","design_softkeys":"2","design_sidekeys":[],"display_type":"STN","display_color":"Yes","display_colors":"65K","display_size":"1.8\"","display_x":"128","display_y":"160","display_other":[],"memory_internal":["2MB RAM"],"memory_slot":[],"network":["GSM900","GSM1800","Bluetooth 2.0","GPRS Class 10"],"media_camera":[],"media_secondcamera":[],"media_videocapture":[],"media_videoplayback":[],"media_audio":[],"media_other":[],"features":["SMS","MMS","Predictive text input","Organizer","Alarms","Headset (HSP)","Handsfree (HFP)","Object Push (OPP)","Generic Access (GAP)","Service Discovery Application (SDAP)","Phonebook 800 entries","Games"],"connectors":[],"general_platform_version":"","general_browser":"","general_browser_version":"","general_language":"","general_platform_version_max":"","general_app":"","general_app_version":"","display_ppi":114,"display_pixel_ratio":"1.0","benchmark_min":0,"benchmark_max":0,"general_app_category":"","general_virtual":0,"display_css_screen_sizes":["128x160"]}}}