{"Device":{"_id":"1100","hd_ops":{"is_generic":0,"stop_on_detect":0,"overlay_result_specs":0},"hd_specs":{"general_aliases":[],"display_x":"90","display_y":"40","general_vendor":"Sanyo","general_model":"SCP580 CN","general_platform":"","general_image":"","network":["GSM800","GSM850","GSM900","GSM1900","Infrared"],"general_type":"Mobile","general_battery":["LI-lon 600 mAh"],"general_cpu":[],"design_sidekeys":["Camera"],"display_other":[],"memory_internal":[],"memory_slot":[],"media_camera":["2MP","1600x1200"],"media_secondcamera":[],"media_videocapture":[],"media_videoplayback":[],"media_audio":[],"media_other":["Auto Focus","LED Flash"],"features":["SMS","MMS","Instant Messaging","T9","Organizer","Received Call","Missed Call","dialed Call","Phone book Capacity","Embedded images and animations","Games","Java","Calendar","calculator","Alarms","Voice Memo"],"connectors":["2.5mm Audio"],"design_formfactor":"Slide","design_dimensions":"103 x 55 x 20","design_weight":"100","design_antenna":"Internal","design_keyboard":"Numeric","design_softkeys":"2","display_type":"TFT","display_color":"Yes","display_colors":"262K","display_size":"2.4\"","general_eusar":"","general_platform_version":"","general_browser":"","general_browser_version":"","general_language":"","general_platform_version_max":"","general_app":"","general_app_version":"","display_ppi":41,"display_pixel_ratio":"1.0","benchmark_min":0,"benchmark_max":0,"general_app_category":"","general_virtual":0,"display_css_screen_sizes":["90x40"]}}}