{"Device":{"_id":"1358","hd_ops":{"is_generic":0,"stop_on_detect":0,"overlay_result_specs":0},"hd_specs":{"general_vendor":"Samsung","general_model":"SCH-S379","general_platform":"","general_platform_version":"","general_browser":"","general_browser_version":"","general_image":"samsungsch-s379-1369097346-0.jpg","general_aliases":[],"general_eusar":"","general_battery":["Li-Ion"],"general_type":"Mobile","general_cpu":["416MHz"],"design_formfactor":"Bar","design_dimensions":"111.9 x 48.5 x 19.8","design_weight":"120","design_antenna":"Internal","design_keyboard":"Numeric","design_softkeys":"2","design_sidekeys":[],"display_type":"TFT","display_color":"Yes","display_colors":"65K","display_size":"","display_x":"176","display_y":"220","display_other":[],"memory_internal":["8GB","64MB RAM"],"memory_slot":["microSD"],"network":["GSM900","GSM1800","GSM1900","GPRS","EDGE","Bluetooth"],"media_camera":["2MP","1600x1200"],"media_secondcamera":[],"media_videocapture":["Yes"],"media_videoplayback":["MP4"],"media_audio":["MP3","WMA","WAV","AAC"],"media_other":["LED Flash"],"features":["SMS","EMS","MMS","Email","Instant Messaging","Games","Pocket Office","Word viewer","Excel viewer","PowerPoint viewer","PDF viewer","Predictive text input","Organizer","Voice command","Voice memo","Vibration","Downloadable polyphonic"],"connectors":["USB"],"general_language":"","general_platform_version_max":"","general_app":"","general_app_version":"","display_ppi":0,"display_pixel_ratio":"1.0","benchmark_min":0,"benchmark_max":0,"general_app_category":"","general_virtual":0,"display_css_screen_sizes":["176x220"]}}}