{"Device":{"_id":"1404","hd_ops":{"is_generic":0,"stop_on_detect":0,"overlay_result_specs":0},"hd_specs":{"general_vendor":"LG","general_model":"G262","general_platform":"","general_image":"lg^g262.jpeg","general_aliases":[],"general_eusar":"","general_battery":["Li-Ion 870 mAh"],"general_type":"Mobile","general_cpu":[],"design_formfactor":"Clamshell","design_dimensions":"94 x 48 x 25","design_weight":"110","design_antenna":"Internal","design_keyboard":"Numeric","design_softkeys":"2","design_sidekeys":[],"display_type":"TFT","display_color":"Yes","display_colors":"256K","display_size":"","display_x":"176","display_y":"92","display_other":[],"memory_internal":[],"memory_slot":["miniSD"],"network":["GSM900","GSM1800","GSM1900","Infrared","Bluetooth 1.2","GPRS Class 10","EDGE Class 6"],"media_camera":["VGA","640x480"],"media_secondcamera":[],"media_videocapture":[],"media_videoplayback":[],"media_audio":["MP3","AAC"],"media_other":["LED flash"],"features":["Alarm","Calendar","Picture ID","SMS","EMS","MMS","Games","Predictive text input","Organizer","Downloadable wallpapers"],"connectors":["USB"],"general_platform_version":"","general_browser":"","general_browser_version":"","general_language":"","general_platform_version_max":"","general_app":"","general_app_version":"","display_ppi":0,"display_pixel_ratio":"1.0","benchmark_min":0,"benchmark_max":0,"general_app_category":"","general_virtual":0,"display_css_screen_sizes":["176x92"]}}}