{"Device":{"_id":"1039","hd_ops":{"is_generic":0,"stop_on_detect":0,"overlay_result_specs":0},"hd_specs":{"general_vendor":"Ericsson","general_model":"R380e","general_platform":"Symbian","general_platform_version":"","general_browser":"","general_browser_version":"","general_image":"ericssonr380e-1357233834-0.jpg","general_aliases":[],"general_eusar":"","general_battery":["Li-Ion 1200 mAh"],"general_type":"Mobile","general_cpu":[],"design_formfactor":"Bar","design_dimensions":"130 x 50 x 26","design_weight":"164","design_antenna":"External","design_keyboard":"Numeric","design_softkeys":"","design_sidekeys":[],"display_type":"STN","display_color":"","display_colors":"","display_size":"","display_x":"360","display_y":"120","display_other":["Resistive"],"memory_internal":["4MB ROM","2MB RAM"],"memory_slot":[],"network":["GSM900","GSM1800"],"media_camera":[],"media_secondcamera":[],"media_videocapture":[],"media_videoplayback":[],"media_audio":[],"media_other":[],"features":[],"connectors":["USB 1.1"],"general_language":"","general_platform_version_max":"","general_app":"","general_app_version":"","display_ppi":0,"display_pixel_ratio":"1.0","benchmark_min":0,"benchmark_max":0,"general_app_category":"","general_virtual":0,"display_css_screen_sizes":["360x120"]}}}