{"Device":{"_id":"1365","hd_ops":{"is_generic":0,"stop_on_detect":0,"overlay_result_specs":0},"hd_specs":{"general_vendor":"Motorola","general_model":"W6","general_platform":"","general_image":"motorola^w6.jpg","general_aliases":[],"general_eusar":"","general_battery":["Li-Ion 880 mAh"],"general_type":"Mobile","general_cpu":[],"design_formfactor":"Clamshell","design_dimensions":"99 x 46 x 17.5","design_weight":"107","design_antenna":"Internal","design_keyboard":"Numeric","design_softkeys":"2","design_sidekeys":[],"display_type":"TFT","display_color":"Yes","display_colors":"256K","display_size":"","display_x":"176","display_y":"220","display_other":[],"memory_internal":["20MB RAM"],"memory_slot":["microSD","2GB"],"network":["GSM850","GSM900","GSM1800","GSM1900","GPRS Class 10","EDGE Class 10","Bluetooth 2.0"],"media_camera":["1.3MP","1280x1024"],"media_secondcamera":[],"media_videocapture":["Yes"],"media_videoplayback":["Yes"],"media_audio":["MP3","AAC+"],"media_other":["Digital zoom"],"features":["Caller groups","Multiple numbers per contact","Picture ID","Ring ID","Calculator","SMS","EMS","MMS","Email","Organizer","Voice memo","Fitness applications","MotoID music recognition","Push-to-Talk","Predictive text input","Calendar","Missed Call","Dialed","Received Call"],"connectors":["MiniUSB"],"general_platform_version":"","general_browser":"","general_browser_version":"","general_language":"","general_platform_version_max":"","general_app":"","general_app_version":"","display_ppi":0,"display_pixel_ratio":"1.0","benchmark_min":0,"benchmark_max":0,"general_app_category":"","general_virtual":0,"display_css_screen_sizes":["176x220"]}}}