{"Device":{"_id":"120","hd_ops":{"is_generic":0,"stop_on_detect":0,"overlay_result_specs":0},"hd_specs":{"general_aliases":[],"display_x":"240","display_y":"320","general_vendor":"Tianyu","general_model":"A665","general_platform":"","general_image":"tianyu^a665.jpg","network":["GSM900","GSM1800","GPRS","Bluetooth 2.0"],"general_type":"Mobile","general_eusar":"","general_battery":["Li-Ion 1300 mAh"],"general_cpu":[],"design_formfactor":"Bar","design_dimensions":"115 x 50 x 9.9","design_weight":"99","design_antenna":"Internal","design_keyboard":"Numeric","design_softkeys":"2","design_sidekeys":[],"display_type":"LCD","display_color":"Yes","display_colors":"262K","display_size":"2.2\"","display_other":["Touch"],"memory_internal":[],"memory_slot":["microSD","4GB"],"media_camera":["2MP","1600x1200"],"media_secondcamera":["None"],"media_videocapture":[],"media_videoplayback":["AVI","MP4","3GP"],"media_audio":["MP3","WAV","AMR"],"media_other":[],"features":["PC Sync","Internet Browsing WAP 2.0","SMS","MMS","Caller group","Caller picture","Caller video","MP3 ringtone","Games","Java MIDP 2.0","Support .txt format","2000 phonebook Capacity","Alarm","To do list","Calendar","Health","Calculator","Unit converter","Flight Mode","Schedule Power On\/Off","Caller black list","Vedio caller Identification","FM Radio","Stereo Speaker","T9"],"connectors":["USB"],"general_platform_version":"","general_browser":"","general_browser_version":"","general_language":"","general_platform_version_max":"","general_app":"","general_app_version":"","display_ppi":182,"display_pixel_ratio":"1.0","benchmark_min":0,"benchmark_max":0,"general_app_category":"","general_virtual":0,"display_css_screen_sizes":["240x320"]}}}