{"Device":{"_id":"1045","hd_ops":{"is_generic":0,"stop_on_detect":0,"overlay_result_specs":0},"hd_specs":{"general_vendor":"Sanyo","general_model":"SCP-550CN","general_platform":"","general_platform_version":"","general_browser":"","general_browser_version":"","general_image":"sanyoscp-550cn-1361159351-1.jpg","general_aliases":[],"general_eusar":"","general_battery":["Li-Ion 600 mAh"],"general_type":"Mobile","general_cpu":[],"design_formfactor":"Clamshell","design_dimensions":"84.7 x 47 x 23.7","design_weight":"94","design_antenna":"External","design_keyboard":"Numeric","design_softkeys":"","design_sidekeys":[],"display_type":"STN","display_color":"Yes","display_colors":"65K","display_size":"","display_x":"90","display_y":"40","display_other":["Second External"],"memory_internal":[],"memory_slot":[],"network":["CDMA900","CDMA1800","AMPS800"],"media_camera":["VGA","640x480"],"media_secondcamera":[],"media_videocapture":[],"media_videoplayback":[],"media_audio":[],"media_other":[],"features":["Alarm","Calendar","Calculator","SMS","Predictive text input","Speakerphone","Vibration","Games"],"connectors":[],"general_language":"","general_platform_version_max":"","general_app":"","general_app_version":"","display_ppi":0,"display_pixel_ratio":"1.0","benchmark_min":0,"benchmark_max":0,"general_app_category":"","general_virtual":0,"display_css_screen_sizes":["90x40"]}}}