{"Device":{"_id":"1122","hd_ops":{"is_generic":0,"stop_on_detect":0,"overlay_result_specs":0},"hd_specs":{"general_vendor":"Nexian","general_model":"NX-D980","general_platform":"","general_platform_version":"","general_browser":"","general_browser_version":"","general_image":"nexiannx-d980-1369975666-3.jpg","general_aliases":[],"general_eusar":"","general_battery":["Li-Ion 1300 mAh"],"general_type":"Mobile","general_cpu":[],"design_formfactor":"Bar","design_dimensions":"115 x 63 x 15","design_weight":"110","design_antenna":"Internal","design_keyboard":"Qwerty","design_softkeys":"","design_sidekeys":[],"display_type":"TFT","display_color":"Yes","display_colors":"256K","display_size":"2.4\"","display_x":"320","display_y":"240","display_other":[],"memory_internal":[],"memory_slot":["microSD"],"network":["GSM","CDMA","Bluetooth 2.1","GPRS"],"media_camera":["1.3MP","1280x1024"],"media_secondcamera":["None"],"media_videocapture":["Yes"],"media_videoplayback":["MP4","3GP","AVI"],"media_audio":["MP3","AAC"],"media_other":[],"features":["QWERTY Keyboard","SMS","MMS","Email","YM","MSN","Gtalk","eBuddy","Google Maps","Document Viewer","Caller ID","Profile ID","Alarm","Calendar","Calculator","Organizer","Games","FM Radio"],"connectors":["USB"],"general_platform_version_max":"","general_app":"","general_app_version":"","general_language":"","display_ppi":167,"display_pixel_ratio":"1.0","benchmark_min":0,"benchmark_max":0,"general_app_category":"","general_virtual":0,"display_css_screen_sizes":["320x240"]}}}