{"Device":{"_id":"1360","hd_ops":{"is_generic":0,"stop_on_detect":0,"overlay_result_specs":0},"hd_specs":{"general_aliases":[],"display_x":"240","display_y":"302","general_vendor":"Spice","general_model":"C 810","general_platform":"","general_image":"spice^c810.","network":["GSM800","Bluetooth 2.0"],"general_type":"Mobile","general_eusar":"","general_battery":["Li-ion 2000 mAH"],"general_cpu":[],"design_formfactor":"Bar","design_dimensions":"108 x 45.8 x 16.1","design_weight":"91.9","design_antenna":"Internal","design_keyboard":"Numeric","design_softkeys":"","design_sidekeys":[],"display_type":"TFT","display_color":"Yes","display_colors":"","display_size":"","display_other":[],"memory_internal":["2MB RAM"],"memory_slot":[],"media_camera":["1.3MP","1280x1024"],"media_secondcamera":[],"media_videocapture":["Yes"],"media_videoplayback":[],"media_audio":["MP3"],"media_other":["Digital zoom"],"features":["FM Radio","SMS","MMS","Email","Games"],"connectors":[],"general_platform_version":"","general_browser":"","general_browser_version":"","general_language":"","general_platform_version_max":"","general_app":"","general_app_version":"","display_ppi":0,"display_pixel_ratio":"1.0","benchmark_min":0,"benchmark_max":0,"general_app_category":"","general_virtual":0,"display_css_screen_sizes":["240x302"]}}}