{"Device":{"_id":"135","hd_ops":{"is_generic":0,"stop_on_detect":0,"overlay_result_specs":0},"hd_specs":{"general_aliases":[],"display_x":"128","display_y":"160","general_vendor":"Amoi","general_model":"DA8","general_platform":"","general_image":"pending.png","network":["GSM900","GSM1800","GPRS"],"general_type":"Mobile","general_eusar":"","general_battery":["Li-Ion 650 mAh"],"general_cpu":[],"design_formfactor":"Clamshell","design_dimensions":"8.9 x 2.4 x 4.7","design_weight":"91","design_antenna":"External","design_keyboard":"Numeric","design_softkeys":"","design_sidekeys":[],"display_type":"TFT","display_color":"Yes","display_colors":"65K","display_size":"","display_other":[],"memory_internal":[],"memory_slot":[],"media_camera":["VGA","640x480"],"media_secondcamera":[],"media_videocapture":["Yes"],"media_videoplayback":[],"media_audio":[],"media_other":[],"features":["Games","SMS","MMS","Speaker"],"connectors":[],"general_platform_version":"","general_browser":"","general_browser_version":"","general_language":"","general_platform_version_max":"","general_app":"","general_app_version":"","display_ppi":0,"display_pixel_ratio":"1.0","benchmark_min":0,"benchmark_max":0,"general_app_category":"","general_virtual":0,"display_css_screen_sizes":["128x160"]}}}