{"Device":{"_id":"1202","hd_ops":{"is_generic":0,"stop_on_detect":0,"overlay_result_specs":0},"hd_specs":{"general_vendor":"Fly","general_model":"SL399e","general_platform":"","general_image":"","general_aliases":[],"general_eusar":"","general_battery":["Li-Ion 540 mAh"],"general_type":"Mobile","general_cpu":[],"design_formfactor":"Bar","design_dimensions":"96 x 49 x 16","design_weight":"68","design_antenna":"Internal","design_keyboard":"Numeric","design_softkeys":"","design_sidekeys":[],"display_type":"TFT","display_color":"Yes","display_colors":"256K","display_size":"","display_x":"176","display_y":"220","display_other":[],"memory_internal":["0.5MB RAM"],"memory_slot":["microSD","2GB"],"network":["GSM900","GSM1800","GSM1900","GPRS","Bluetooth 1.2"],"media_camera":["1.3MP","1280x1024"],"media_secondcamera":[],"media_videocapture":[],"media_videoplayback":[],"media_audio":["AAC","AAC+","AMR","WAV"],"media_other":[],"features":["Stopwatch","Alarm","Calculator","Currency converter","Organizer","Calendar","Speakerphone","Recorder","Vibration","SMS","EMS","MMS","T9","Games"],"connectors":["2.5mm Audio"],"general_platform_version":"","general_browser":"","general_browser_version":"","general_language":"","general_platform_version_max":"","general_app":"","general_app_version":"","display_ppi":0,"display_pixel_ratio":"1.0","benchmark_min":0,"benchmark_max":0,"general_app_category":"","general_virtual":0,"display_css_screen_sizes":["176x220"]}}}