{"Device":{"_id":"1127","hd_ops":{"is_generic":0,"stop_on_detect":0,"overlay_result_specs":0},"hd_specs":{"general_aliases":[],"display_x":"240","display_y":"320","general_vendor":"Fly","general_model":"MC110","general_platform":"","general_image":"fly^mc110.jpg","network":["GSM900","GSM1800","GSM1900","GPRS","EDGE","Bluetooth"],"general_type":"Mobile","general_eusar":"","general_battery":["Li-Ion 730 mAh"],"general_cpu":[],"design_formfactor":"Bar","design_dimensions":"109 x 45 x 12","design_weight":"","design_antenna":"Internal","design_keyboard":"Numeric","design_softkeys":"","design_sidekeys":[],"display_type":"TFT","display_color":"Yes","display_colors":"65K","display_size":"2.2\"","display_other":[],"memory_internal":["36MB"],"memory_slot":["microSD"],"media_camera":["2MP","1600x1200"],"media_secondcamera":["None"],"media_videocapture":["Yes"],"media_videoplayback":["3GP"],"media_audio":["MP3"],"media_other":[],"features":["FM Radio","Polyphony","Call waiting","Conferency","Call forwarding","SMS","Stopwatch","Alarm","Calculator","Currency converter","Organizer","Calendar","Flight mode","Data and fax","Speakerphone","Vibration Alert","MMS","Email","Predictive text input","Games"],"connectors":["USB"],"general_platform_version":"","general_browser":"","general_browser_version":"","general_language":"","general_platform_version_max":"","general_app":"","general_app_version":"","display_ppi":182,"display_pixel_ratio":"1.0","benchmark_min":0,"benchmark_max":0,"general_app_category":"","general_virtual":0,"display_css_screen_sizes":["240x320"]}}}