{"Device":{"_id":"1161","hd_ops":{"is_generic":0,"stop_on_detect":0,"overlay_result_specs":0},"hd_specs":{"general_aliases":[],"display_x":"320","display_y":"240","general_vendor":"ZTE","general_model":"CG990","general_platform":"","general_image":"zte^cg990.jpg","network":["GSM900","GSM1800","Bluetooth 2.0","GPRS Class 10","EDGE Class 10"],"general_type":"Mobile","general_eusar":"","general_battery":["Li-Ion"],"general_cpu":[],"design_formfactor":"Bar","design_dimensions":"107 x 61 x 12","design_weight":"90","design_antenna":"Internal","design_keyboard":"Qwerty","design_softkeys":"","design_sidekeys":[],"display_type":"TFT","display_color":"Yes","display_colors":"256K","display_size":"2.5\"","display_other":["Resistive","Touch"],"memory_internal":["5MB"],"memory_slot":["microSD","8GB"],"media_camera":["2MP","1600x1200"],"media_secondcamera":[],"media_videocapture":["Yes"],"media_videoplayback":["MP4","H.264","H.263"],"media_audio":["AAC","AAC+","eAAC+","WMA"],"media_other":[],"features":["QWERTY keyboard","SMS","MMS","Email","IM","Windows Live Messenger","MS Office Word viewer","Excel viewer","PowerPoint viewer","OneNote","PDF viewer","Organizer","Voice memo","Predictive text input","Alarm","Calculator","Calendar","Games","Speakerphone","Recorder","Vibration"],"connectors":["USB"],"general_platform_version":"","general_browser":"","general_browser_version":"","general_language":"","general_platform_version_max":"","general_app":"","general_app_version":"","display_ppi":160,"display_pixel_ratio":"1.0","benchmark_min":0,"benchmark_max":0,"general_app_category":"","general_virtual":0,"display_css_screen_sizes":["320x240"]}}}