{"Device":{"_id":"1083","hd_ops":{"is_generic":0,"stop_on_detect":0,"overlay_result_specs":0},"hd_specs":{"general_vendor":"Samsung","general_model":"SGH-E910","general_platform":"","general_image":"samsung^sghe910.jpg","general_aliases":["Samsung Serene"],"general_eusar":"","general_battery":["Li-Ion 800 mAh"],"general_type":"Mobile","general_cpu":[],"design_formfactor":"Clamshell","design_dimensions":"64 x 69 x 23","design_weight":"110","design_antenna":"Internal","design_keyboard":"Numeric","design_softkeys":"","design_sidekeys":[],"display_type":"TFT","display_color":"Yes","display_colors":"262K","display_size":"","display_x":"240","display_y":"320","display_other":[],"memory_internal":[],"memory_slot":[],"network":["GSM900","GSM1800","GSM1900","Bluetooth 1.1","GPRS Class 10"],"media_camera":["VGA","640x480"],"media_secondcamera":[],"media_videocapture":[],"media_videoplayback":[],"media_audio":[],"media_other":["Multi shot","Digital zoom","Night mode","Effects"],"features":["1000 entries","Caller groups","Multiple numbers per contact","Picture ID","Ring ID","Calendar","Alarm","To-Do","Calculator","Converter","World clock","Timer","Computer sync","SyncML","Service lights","Polyphonic ringtones (64 voices)","Vibration","Voice recording","SMS","MMS","Email","Instant Messaging","Organizer","Voice memo","Games"],"connectors":["USB","2.5mm Audio"],"general_platform_version":"","general_browser":"","general_browser_version":"","general_language":"","general_platform_version_max":"","general_app":"","general_app_version":"","display_ppi":0,"display_pixel_ratio":"1.0","benchmark_min":0,"benchmark_max":0,"general_app_category":"","general_virtual":0,"display_css_screen_sizes":["240x320"]}}}