{"Device":{"_id":"1021","hd_ops":{"is_generic":0,"stop_on_detect":0,"overlay_result_specs":0},"hd_specs":{"general_aliases":[],"display_x":"128","display_y":"128","general_vendor":"Bleu","general_model":"355X","general_platform":"","general_image":"bleu^355x.jpg","network":["GSM900","GSM1800","GSM1900","GPRS","Bluetooth"],"general_type":"Mobile","general_eusar":"","general_battery":["Li-lon 800 mAh"],"general_cpu":[],"design_formfactor":"Bar","design_dimensions":"104x44x13.6","design_weight":"68","design_antenna":"Internal","design_keyboard":"Numeric","design_softkeys":"2","design_sidekeys":[],"display_type":"CSTN","display_color":"Yes","display_colors":"65K","display_size":"1.5\"","display_other":[],"memory_internal":[],"memory_slot":["2GB"],"media_camera":[],"media_secondcamera":[],"media_videocapture":[],"media_videoplayback":[],"media_audio":["MP3","MIDI","iMelody","AMR","WAV"],"media_other":[],"features":["Embedded Games","Internet Browsing WAP 2.0","500 Phonebook Capacity","20 Call Received","20 Call Dialled","20 Missed Call","200 SMS Storage","MMS","FM Radio"],"connectors":["USB"],"general_platform_version":"","general_browser":"","general_browser_version":"","general_language":"","general_platform_version_max":"","general_app":"","general_app_version":"","display_ppi":121,"display_pixel_ratio":"1.0","benchmark_min":0,"benchmark_max":0,"general_app_category":"","general_virtual":0,"display_css_screen_sizes":["128x128"]}}}