{"Device":{"_id":"1111","hd_ops":{"is_generic":0,"stop_on_detect":0,"overlay_result_specs":0},"hd_specs":{"general_aliases":[],"display_x":"240","display_y":"320","general_vendor":"Gionee","general_model":"V500","general_platform":"","general_image":"gionee^v500.jpg","network":["GSM900","GSM1800","Bluetooth","GPRS Class 10"],"general_type":"Mobile","general_eusar":"","general_battery":["Li-Ion 900 mAh"],"general_cpu":[],"design_formfactor":"Bar","design_dimensions":"11.7 x 1.16 x 5.17","design_weight":"","design_antenna":"Internal","design_keyboard":"Numeric","design_softkeys":"2","design_sidekeys":[],"display_type":"TFT","display_color":"Yes","display_colors":"65K","display_size":"","display_other":[],"memory_internal":["693KB RAM"],"memory_slot":[],"media_camera":["CIF","352x288"],"media_secondcamera":[],"media_videocapture":[],"media_videoplayback":["MPEG4"],"media_audio":["MP3","MIDI","M4A"],"media_other":["LED Flash"],"features":["Call Barring","Call Divert","Call Wait","Caller Id","MMS","SMS","Integrated speakerphone","OS","T9","iTap predictive text input","Integrated handsfree","Dual SIM","Alarm","Calculator","Calender","Clock","Currency Convertor","Stopwatch","To-do-list","Voice Memo","Photo-video Editor","Organiser","Picture Viewer","Photo Album","Audio-Video Album","Voice Recorder","Fm Radio","Games","Screen Savers","Themes","Wallpapers","Windows Media Player","Polyphonic","Organizer"],"connectors":["USB"],"general_platform_version":"","general_browser":"","general_browser_version":"","general_language":"","general_platform_version_max":"","general_app":"","general_app_version":"","display_ppi":0,"display_pixel_ratio":"1.0","benchmark_min":0,"benchmark_max":0,"general_app_category":"","general_virtual":0,"display_css_screen_sizes":["240x320"]}}}