{"Device":{"_id":"10709","hd_ops":{"is_generic":0,"stop_on_detect":0,"overlay_result_specs":0},"hd_specs":{"general_vendor":"Fly","general_model":"Fly V100","general_platform":"","general_image":"","general_aliases":[],"general_eusar":"","general_battery":["Li-Ion 650 mAh"],"general_type":"Mobile","general_cpu":[],"design_formfactor":"Bar","design_dimensions":"107 x 48 x 10.40","design_weight":"75","design_antenna":"Internal","design_keyboard":"Numeric","design_softkeys":"","design_sidekeys":[],"display_type":"TFT","display_color":"Yes","display_colors":"256K","display_size":"","display_x":"176","display_y":"220","display_other":[],"memory_internal":["1.6MB"],"memory_slot":["microSD","256MB"],"network":["GSM900","GSM1800","GPRS Class 8"],"media_camera":["0.3MP","640x480"],"media_secondcamera":["None"],"media_videocapture":["QCIF"],"media_videoplayback":["MP4","3GP"],"media_audio":["MID","WAV","AMR","AAC","MP3"],"media_other":["Digital zoom","Effects"],"features":["Email","SMS","EMS","MMS","Calendar","Alarm","Objectives","Notes","World time","Calculator","Currency converter","Unit converter","Stopwatch","Biorhythms","Games","Editor","Voice","Phonebook","Graphic editor"],"connectors":["USB"],"general_platform_version":"","general_browser":"","general_browser_version":"","general_language":"","general_platform_version_max":"","general_app":"","general_app_version":"","display_ppi":0,"display_pixel_ratio":"1.0","benchmark_min":0,"benchmark_max":0,"general_app_category":"","general_virtual":0,"display_css_screen_sizes":["176x220"]}}}