{"Device":{"_id":"1322","hd_ops":{"is_generic":0,"stop_on_detect":0,"overlay_result_specs":0},"hd_specs":{"general_aliases":[],"display_x":"128","display_y":"160","general_vendor":"ZTE","general_model":"Vodafone351","general_platform":"","general_image":"zte^vodafone351.jpg","network":["GSM900","GSM1800","Bluetooth 2.0","GPRS"],"general_type":"Mobile","general_eusar":"","general_battery":["Li-Ion"],"general_cpu":[],"design_formfactor":"Bar","design_dimensions":"","design_weight":"","design_antenna":"Internal","design_keyboard":"Numeric","design_softkeys":"","design_sidekeys":[],"display_type":"TFT","display_color":"Yes","display_colors":"65K","display_size":"","display_other":[],"memory_internal":["2MB RAM"],"memory_slot":["microSD"],"media_camera":["VGA","640x480"],"media_secondcamera":[],"media_videocapture":["Yes"],"media_videoplayback":["Yes"],"media_audio":["MP3"],"media_other":["Digital zoom"],"features":["Alarm clock","Calculator","Converter","Date and time notation","Phonebook with groups","Photo phonebook","Reminder list","To-do list","Stereo FM radio","Polyphonic ringtones","MMS","Predictive Text Input","T9","SMS","5-way navigation key","Games"],"connectors":["USB"],"general_platform_version":"","general_browser":"","general_browser_version":"","general_language":"","general_platform_version_max":"","general_app":"","general_app_version":"","display_ppi":0,"display_pixel_ratio":"1.0","benchmark_min":0,"benchmark_max":0,"general_app_category":"","general_virtual":0,"display_css_screen_sizes":["128x160"]}}}