{"Device":{"_id":"1223","hd_ops":{"is_generic":0,"stop_on_detect":0,"overlay_result_specs":0},"hd_specs":{"general_vendor":"Motorola","general_model":"V8","general_platform":"Linux","general_platform_version":"","general_browser":"","general_browser_version":"","general_image":"motorolav8-1403439856-0.jpg","general_aliases":["Motorola MOTORAZR"],"general_eusar":"0.34 Head","general_battery":["Li-Ion 770 mAh"],"general_type":"Mobile","general_cpu":[],"design_formfactor":"Clamshell","design_dimensions":"103 x 53 x 11.9","design_weight":"117","design_antenna":"Internal","design_keyboard":"Numeric","design_softkeys":"2","design_sidekeys":["Volume"],"display_type":"TFT","display_color":"Yes","display_colors":"262K","display_size":"2.2\"","display_x":"240","display_y":"320","display_other":["Second External TFT"],"memory_internal":["420MB","2GB RAM"],"memory_slot":[],"network":["GSM850","GSM900","GSM1800","GSM1900","Bluetooth 2.0","GPRS Class 10","EDGE Class 12"],"media_camera":["2MP","1600x1200"],"media_secondcamera":[],"media_videocapture":["QCIF"],"media_videoplayback":["None"],"media_audio":["MP3","AAC","AAC+","eAAC+","WMA","WAV"],"media_other":["Multi shot","Digital zoom"],"features":["1000 entries","Caller groups","Multiple numbers per contact","Picture ID","Ring ID","Calendar","Alarm","To-Do","Calculator","Currency converter","Computer sync","Music ringtones (MP3)","Vibration","Phone profiles","Speakerphone","Voice dialing (Speaker independent)","Voice recording","TTY\/TDD","Screensavers and wallpapers","Downloadable logos","SMS","EMS","MMS","Email","Instant Messaging","Predictive text input","Organizer","Voice memo","Games"],"connectors":["USB 2.0","MicroUSB"],"general_platform_version_max":"","general_app":"","general_app_version":"","general_language":"","display_ppi":182,"display_pixel_ratio":"1.0","benchmark_min":0,"benchmark_max":0,"general_app_category":"","general_virtual":0,"display_css_screen_sizes":["240x320"]}}}