{"Device":{"_id":"1347","hd_ops":{"is_generic":0,"stop_on_detect":0,"overlay_result_specs":0},"hd_specs":{"general_vendor":"Motorola","general_model":"EM325","general_platform":"","general_image":"motorola^em325.jpg","general_aliases":[],"general_eusar":"","general_battery":["Li-Ion 780 mAh"],"general_type":"Mobile","general_cpu":[],"design_formfactor":"Slide","design_dimensions":"101 x 46 x 13.9","design_weight":"90","design_antenna":"Internal","design_keyboard":"Numeric","design_softkeys":"2","design_sidekeys":[],"display_type":"TFT","display_color":"Yes","display_colors":"65K","display_size":"1.8\"","display_x":"128","display_y":"160","display_other":[],"memory_internal":[],"memory_slot":["microSD","2GB"],"network":["GSM900","GSM1800","GPRS Class 10","Bluetooth 2.0"],"media_camera":["1.3MP","1280x1024"],"media_secondcamera":[],"media_videocapture":[],"media_videoplayback":[],"media_audio":["MP3","AAC","WAV","AMR"],"media_other":["Digital zoom"],"features":["Caller groups","Multiple numbers per contact","Picture ID","Ring ID","Calculator","SMS","MMS","Stereo FM radio with RDS","Organizer","Voice dial","Voice memo","Screensavers and wallpapers"],"connectors":["MiniUSB","USB 2.0","3.5mm Audio"],"general_platform_version":"","general_browser":"","general_browser_version":"","general_language":"","general_platform_version_max":"","general_app":"","general_app_version":"","display_ppi":114,"display_pixel_ratio":"1.0","benchmark_min":0,"benchmark_max":0,"general_app_category":"","general_virtual":0,"display_css_screen_sizes":["128x160"]}}}