{"Device":{"_id":"1096","hd_ops":{"is_generic":0,"stop_on_detect":0,"overlay_result_specs":0},"hd_specs":{"general_vendor":"Sanyo","general_model":"SCP-5000","general_platform":"","general_platform_version":"","general_browser":"","general_browser_version":"","general_image":"sanyoscp-5000-1370308774-0.jpg","general_aliases":[],"general_eusar":"","general_battery":["Li-ion 650 mAh"],"general_type":"Mobile","general_cpu":[],"design_formfactor":"Clamshell","design_dimensions":"86 x 46 x 26","design_weight":"99","design_antenna":"External","design_keyboard":"Numeric","design_softkeys":"","design_sidekeys":[],"display_type":"CSTN","display_color":"Yes","display_colors":"4096","display_size":"","display_x":"128","display_y":"160","display_other":["Second External Mono"],"memory_internal":[],"memory_slot":[],"network":["CDMA2000"],"media_camera":[],"media_secondcamera":[],"media_videocapture":[],"media_videoplayback":[],"media_audio":[],"media_other":[],"features":["Call Divert","Call Wait","Caller Id","SMS","T9","Alarm","Calculator","Calendar","Clock","Games"],"connectors":[],"general_language":"","general_platform_version_max":"","general_app":"","general_app_version":"","display_ppi":0,"display_pixel_ratio":"1.0","benchmark_min":0,"benchmark_max":0,"general_app_category":"","general_virtual":0,"display_css_screen_sizes":["128x160"]}}}