{"Device":{"_id":"1284","hd_ops":{"is_generic":0,"stop_on_detect":0,"overlay_result_specs":0},"hd_specs":{"general_aliases":[],"display_x":"128","display_y":"128","general_vendor":"Spice","general_model":"S705","general_platform":"","general_image":"spice^s705.jpg","network":["GSM900","GSM1800","GSM1900","GPRS"],"general_type":"Mobile","general_eusar":"","general_battery":["Li-Ion 720 mAh"],"general_cpu":[],"design_formfactor":"Bar","design_dimensions":"98 x 46 x 15","design_weight":"80","design_antenna":"Internal","design_keyboard":"Numeric","design_softkeys":"2","design_sidekeys":[],"display_type":"TFT","display_color":"Yes","display_colors":"256K","display_size":"","display_other":[],"memory_internal":["1GB RAM"],"memory_slot":["microSD","1GB"],"media_camera":["VGA","640x480"],"media_secondcamera":[],"media_videocapture":["Yes"],"media_videoplayback":["MJPEG"],"media_audio":["MP3","AAC","AAC+","MIDI"],"media_other":["Digital Zoom"],"features":["Organizer","Calculator","Calendar","Alarm","Games","Speakerphone","Recorder","Vibration","T9","PhoneBook 500 Entries","SMS","EMS","MMS","Stereo FM"],"connectors":["USB"],"general_platform_version":"","general_browser":"","general_browser_version":"","general_language":"","general_platform_version_max":"","general_app":"","general_app_version":"","display_ppi":0,"display_pixel_ratio":"1.0","benchmark_min":0,"benchmark_max":0,"general_app_category":"","general_virtual":0,"display_css_screen_sizes":["128x128"]}}}