{"Device":{"_id":"133","hd_ops":{"is_generic":0,"stop_on_detect":0,"overlay_result_specs":0},"hd_specs":{"general_aliases":[],"display_x":"128","display_y":"160","general_vendor":"Voxtel","general_model":"V50","general_platform":"","general_image":"voxtel^v50.jpg","network":["GSM900","GSM1800","GPRS Class 10"],"general_type":"Mobile","general_eusar":"","general_battery":["Li-Ion 780 mAh"],"general_cpu":[],"design_formfactor":"Clamshell","design_dimensions":"8.7 x 2.1 x 4.6","design_weight":"90","design_antenna":"External","design_keyboard":"Numeric","design_softkeys":"2","design_sidekeys":[],"display_type":"CSTN","display_color":"Yes","display_colors":"65K","display_size":"","display_other":["Second External"],"memory_internal":["1664MB RAM"],"memory_slot":[],"media_camera":["1MP","640x480"],"media_secondcamera":[],"media_videocapture":[],"media_videoplayback":[],"media_audio":[],"media_other":[],"features":["Call Barring","Call Divert","Call Wait","Caller Id","EMS","MMS","SMS","T9","iTap predictive text input","Alarm","Calculator","Stop Watch","Unit Converter","Stopwatch","Games","Screen Savers","Wallpapers","Polyphonic","MMS Organizer"],"connectors":["USB"],"general_platform_version":"","general_browser":"","general_browser_version":"","general_language":"","general_platform_version_max":"","general_app":"","general_app_version":"","display_ppi":0,"display_pixel_ratio":"1.0","benchmark_min":0,"benchmark_max":0,"general_app_category":"","general_virtual":0,"display_css_screen_sizes":["128x160"]}}}