{"Device":{"_id":"1038","hd_ops":{"is_generic":0,"stop_on_detect":0,"overlay_result_specs":0},"hd_specs":{"general_vendor":"Motorola","general_model":"W360","general_platform":"","general_platform_version":"","general_browser":"","general_browser_version":"","general_image":"motorolaw360-1360340536-3.jpg","general_aliases":[],"general_eusar":"","general_battery":["Li-Ion 850 mAh"],"general_type":"Mobile","general_cpu":[],"design_formfactor":"Bar","design_dimensions":"113 x 47 x 11.9","design_weight":"98","design_antenna":"Internal","design_keyboard":"Numeric","design_softkeys":"2","design_sidekeys":["Volume"],"display_type":"TFT","display_color":"Yes","display_colors":"65K","display_size":"1.6\"","display_x":"128","display_y":"160","display_other":[],"memory_internal":["5MB"],"memory_slot":[],"network":["GSM850","GSM900","GSM1800","GSM1900","GPRS"],"media_camera":["VGA","640x480"],"media_secondcamera":["None"],"media_videocapture":[],"media_videoplayback":[],"media_audio":["MP3"],"media_other":["Digital zoom"],"features":["SMS","EMS","MMS","Predictive text input","Calculator","FM Radio","Alarm part","Games","Music ringtones (MP3)","Polyphonic ringtones (32 voices)","Vibration","Phone profiles","Speakerphone"],"connectors":["2.5mm Audio","USB 1.1"],"general_language":"","general_platform_version_max":"","general_app":"","general_app_version":"","display_ppi":128,"display_pixel_ratio":"1.0","benchmark_min":0,"benchmark_max":0,"general_app_category":"","general_virtual":0,"display_css_screen_sizes":["128x160"]}}}