{"Device":{"_id":"10","hd_ops":{"is_generic":0,"stop_on_detect":0,"overlay_result_specs":0},"hd_specs":{"general_vendor":"Samsung","general_model":"SPH-A680","general_platform":"","general_platform_version":"","general_platform_version_max":"","general_browser":"","general_browser_version":"","general_image":"samsungsph-a680-1403617961-1.jpg","general_aliases":["Samsung VM-A680"],"general_eusar":"","general_battery":["Li-Ion 900 mAh"],"general_type":"Mobile","general_cpu":[],"design_formfactor":"Clamshell","design_dimensions":"83 x 46 x 24","design_weight":"96","design_antenna":"Internal","design_keyboard":"Numeric","design_softkeys":"2","design_sidekeys":[],"display_type":"TFT","display_color":"Yes","display_colors":"65K","display_size":"","display_x":"128","display_y":"160","display_ppi":0,"display_pixel_ratio":"1.0","display_other":["Second External TFT"],"memory_internal":[],"memory_slot":[],"network":["CDMA800","CDMA1900","AMPS800"],"media_camera":["VGA","640x480"],"media_secondcamera":[],"media_videocapture":["Yes"],"media_videoplayback":[],"media_audio":[],"media_other":["Exposure control","White balance","Multi shot","Self-timer","LED Flash"],"features":["300 entries","Multiple numbers per contact","Picture ID","Ring ID","Calendar","Alarm","To-Do","Calculator","Stopwatch","SMS","T9","Computer sync","Polyphonic ringtones (32 voices)","Vibration","Voice dialing (Speaker independent)","Voice recording","TTY\/TDD","Games"],"connectors":["USB"],"benchmark_min":0,"benchmark_max":0,"general_app":"","general_app_version":"","general_app_category":"","general_language":"","general_virtual":0,"display_css_screen_sizes":["128x160"]}}}