{"Device":{"_id":"1240","hd_ops":{"is_generic":0,"stop_on_detect":0,"overlay_result_specs":0},"hd_specs":{"general_vendor":"Alcatel","general_model":"OT-c60","general_platform":"","general_image":"alcatel^otc60.jpg","general_aliases":[],"general_eusar":"","general_battery":["Li-Ion 750 mAh"],"general_type":"Mobile","general_cpu":[],"design_formfactor":"Bar","design_dimensions":"111 x 50 x 14","design_weight":"85","design_antenna":"Internal","design_keyboard":"Numeric","design_softkeys":"","design_sidekeys":[],"display_type":"TFT","display_color":"Yes","display_colors":"256K","display_size":"2\"","display_x":"220","display_y":"176","display_other":[],"memory_internal":["0.5MB ROM"],"memory_slot":["microSD","2GB"],"network":["GSM900","GSM1800","GPRS"],"media_camera":["VGA","640x480"],"media_secondcamera":[],"media_videocapture":[],"media_videoplayback":[],"media_audio":[],"media_other":[],"features":["SMS","MMS","eZi","Calculator","Organizer","Calendar","Clock","Alarms clock","Games","Received Call","Missed Call","Dialed Call"],"connectors":["2.5mm Audio"],"general_platform_version":"","general_browser":"","general_browser_version":"","general_language":"","general_platform_version_max":"","general_app":"","general_app_version":"","display_ppi":141,"display_pixel_ratio":"1.0","benchmark_min":0,"benchmark_max":0,"general_app_category":"","general_virtual":0,"display_css_screen_sizes":["220x176"]}}}