{"Device":{"_id":"1425","hd_ops":{"is_generic":0,"stop_on_detect":0,"overlay_result_specs":0},"hd_specs":{"general_vendor":"LG","general_model":"G7100","general_platform":"","general_image":"lg^g7100.jpg","general_aliases":[],"general_eusar":"","general_battery":["Li-Ion 780 mAh"],"general_type":"Mobile","general_cpu":[],"design_formfactor":"Swivel","design_dimensions":"90 x 48 x 24","design_weight":"93","design_antenna":"External","design_keyboard":"Numeric","design_softkeys":"","design_sidekeys":[],"display_type":"STN","display_color":"Yes","display_colors":"65K","display_size":"","display_x":"128","display_y":"160","display_other":["Four way navigation keys"],"memory_internal":["1.3MB"],"memory_slot":[],"network":["GSM900","GSM1800","Infrared"],"media_camera":["VGA","640x480"],"media_secondcamera":["none"],"media_videocapture":[],"media_videoplayback":["none"],"media_audio":["none"],"media_other":[],"features":["SMS","EMS","MMS","Organizer","Calculator","Alarms","Clock","Predictive Text Input","Instant Messaging","Internet Browsing WAP 2.0","Voice Dialing","Voice Recording","Voice Memo","Phonebook","Games","Java Midp 2.0"],"connectors":["MiniUSB"],"general_platform_version":"","general_browser":"","general_browser_version":"","general_language":"","general_platform_version_max":"","general_app":"","general_app_version":"","display_ppi":0,"display_pixel_ratio":"1.0","benchmark_min":0,"benchmark_max":0,"general_app_category":"","general_virtual":0,"display_css_screen_sizes":["128x160"]}}}