{"Device":{"_id":"1281","hd_ops":{"is_generic":0,"stop_on_detect":0,"overlay_result_specs":0},"hd_specs":{"general_vendor":"LG","general_model":"C2600","general_platform":"","general_image":"lg^c2600.jpeg","general_aliases":[],"general_eusar":"","general_battery":["Li-Ion"],"general_type":"Mobile","general_cpu":[],"design_formfactor":"Bar","design_dimensions":"102 x 46.5 x 18.5","design_weight":"88","design_antenna":"Internal","design_keyboard":"Numeric","design_softkeys":"","design_sidekeys":[],"display_type":"LCD","display_color":"Yes","display_colors":"65K","display_size":"1.6\"","display_x":"128","display_y":"128","display_other":[],"memory_internal":[],"memory_slot":[],"network":["GSM900","GSM1800","GSM1900","GPRS Class 8"],"media_camera":["VGA","640x480"],"media_secondcamera":[],"media_videocapture":[],"media_videoplayback":[],"media_audio":[],"media_other":[],"features":["SMS","MMS","Voice memo","Organizer","Predictive text input","Vibration","Downloadable polyphonic","20 dialed","20 received","20 missed calls","120 MB USB Pen Drive memory","Instant Messaging","Internet Browsing WAP 2.0\/xHTML","Games","FM radio"],"connectors":["USB"],"general_platform_version":"","general_browser":"","general_browser_version":"","general_language":"","general_platform_version_max":"","general_app":"","general_app_version":"","display_ppi":113,"display_pixel_ratio":"1.0","benchmark_min":0,"benchmark_max":0,"general_app_category":"","general_virtual":0,"display_css_screen_sizes":["128x128"]}}}