{"Device":{"_id":"1014","hd_ops":{"is_generic":0,"stop_on_detect":0,"overlay_result_specs":0},"hd_specs":{"general_vendor":"DBTEL","general_model":"6668","general_platform":"","general_platform_version":"","general_browser":"","general_browser_version":"","general_image":"dbtel6668-1359553104-0.jpg","general_aliases":[],"general_eusar":"","general_battery":["Li-Ion 550 mAh"],"general_type":"Mobile","general_cpu":[],"design_formfactor":"Clamshell","design_dimensions":"","design_weight":"70","design_antenna":"External","design_keyboard":"Numeric","design_softkeys":"","design_sidekeys":[],"display_type":"CSTN","display_color":"Yes","display_colors":"65K","display_size":"","display_x":"90","display_y":"40","display_other":[],"memory_internal":[],"memory_slot":[],"network":["GSM900","GSM1800","GPRS"],"media_camera":["Yes"],"media_secondcamera":["None"],"media_videocapture":[],"media_videoplayback":[],"media_audio":["MIDI"],"media_other":[],"features":["Call Wait","Caller Id","EMS","SMS","T9","Alarm","Calculator","Calender","Clock","Organizer","Games"],"connectors":[],"general_language":"","general_platform_version_max":"","general_app":"","general_app_version":"","display_ppi":0,"display_pixel_ratio":"1.0","benchmark_min":0,"benchmark_max":0,"general_app_category":"","general_virtual":0,"display_css_screen_sizes":["90x40"]}}}