{"Device":{"_id":"1134","hd_ops":{"is_generic":0,"stop_on_detect":0,"overlay_result_specs":0},"hd_specs":{"general_aliases":[],"display_x":"240","display_y":"320","general_vendor":"Samsung","general_model":"SPH-M250","general_platform":"","general_image":"samsung^sphm250.jpg","network":["CDMA800","CDMA1900","Bluetooth 2.0"],"general_type":"Mobile","general_eusar":"","general_battery":["Li-Ion"],"general_cpu":[],"design_formfactor":"Clamshell","design_dimensions":"89.9 x 45 x 19.7","design_weight":"96","design_antenna":"Internal","design_keyboard":"Numeric","design_softkeys":"2","design_sidekeys":[],"display_type":"TFT","display_color":"Yes","display_colors":"262K","display_size":"1.9\"","display_other":[],"memory_internal":[],"memory_slot":[],"media_camera":["VGA","640x480"],"media_secondcamera":[],"media_videocapture":[],"media_videoplayback":[],"media_audio":["MP3","AAC","AAC+"],"media_other":[],"features":["500 entries","Caller groups","Multiple numbers per contact","Picture ID","Ring ID","Calendar","Alarm","Calculator","Converter","World clock","Memo","SMS","T9","Headset (HSP)","Handsfree (HFP)","Dial-up networking (DUN)","File Transfer (FTP)","Object Push (OPP)","Generic Access (GAP)","Serial Port (SPP)","Service Discovery Protocol (SDP)","Generic Audio\/Video Distribution (GAVDP)","Advanced Audio Distribution (A2DP)","Audio\/Visual Remote Control Profile (AVRCP)","Logical Link Control and Adaptation Protocol","Audio\/Video Distribution Transport Protocol (AVDTP)","Audio\/Video Control Transport Protocol (AVCTP)","Phone Book Access (PBAP)","USB 2.0","Music ringtones (MP3)","Polyphonic ringtones (64 voices)","Vibration","Silent mode","Speakerphone"],"connectors":[],"general_platform_version":"","general_browser":"","general_browser_version":"","general_language":"","general_platform_version_max":"","general_app":"","general_app_version":"","display_ppi":211,"display_pixel_ratio":"1.0","benchmark_min":0,"benchmark_max":0,"general_app_category":"","general_virtual":0,"display_css_screen_sizes":["240x320"]}}}