{"Device":{"_id":"1082","hd_ops":{"is_generic":0,"stop_on_detect":0,"overlay_result_specs":0},"hd_specs":{"general_aliases":[],"display_x":"128","display_y":"128","general_vendor":"Samsung","general_model":"SGH-C320","general_platform":"","general_image":"samsung^sghc320.png","network":["GSM900","GSM1800","GSM1900","GPRS","Infrared"],"general_type":"Mobile","general_eusar":"","general_battery":["Li-Ion 820 mAh"],"general_cpu":[],"design_formfactor":"Bar","design_dimensions":"105 x 43 x 19","design_weight":"69","design_antenna":"Internal","design_keyboard":"Numeric","design_softkeys":"2","design_sidekeys":[],"display_type":"TFT","display_color":"Yes","display_colors":"65K","display_size":"","display_other":[],"memory_internal":[],"memory_slot":[],"media_camera":[],"media_secondcamera":[],"media_videocapture":[],"media_videoplayback":[],"media_audio":[],"media_other":[],"features":["1000 entries","Multiple numbers per contact","Picture ID","Ring ID","Calendar","Alarm","To-Do","Calculator","Currency converter","SMS","MMS","T9","Predictive text input","JAVA Midp 2.0","JAVA downloadable","Computer sync","Polyphonic ringtones (40 voices)","Vibration","Voice recording"],"connectors":[],"general_platform_version":"","general_browser":"","general_browser_version":"","general_language":"","general_platform_version_max":"","general_app":"","general_app_version":"","display_ppi":0,"display_pixel_ratio":"1.0","benchmark_min":0,"benchmark_max":0,"general_app_category":"","general_virtual":0,"display_css_screen_sizes":["128x128"]}}}