{"Device":{"_id":"1151","hd_ops":{"is_generic":0,"stop_on_detect":0,"overlay_result_specs":0},"hd_specs":{"general_aliases":[],"display_x":"40","display_y":"90","general_vendor":"Kyocera","general_model":"SE47","general_platform":"","general_image":"kyocera^se47.jpg","network":["CDMA800","CDMA1900"],"general_type":"Mobile","general_eusar":"","general_battery":["Li-Ion 1100 mAh"],"general_cpu":[],"design_formfactor":"Slide","design_dimensions":"88 x 48 x 23","design_weight":"96","design_antenna":"External","design_keyboard":"Numeric","design_softkeys":"","design_sidekeys":[],"display_type":"STN","display_color":"Yes","display_colors":"65K","display_size":"","display_other":[],"memory_internal":[],"memory_slot":[],"media_camera":[],"media_secondcamera":[],"media_videocapture":[],"media_videoplayback":[],"media_audio":["MIDI"],"media_other":[],"features":["200 entries","Multiple numbers per contact","Picture ID","Ring ID","Calendar","Alarm","Calculator","Tip calculator","Stopwatch","Countdown timer","SMS","Predictive text input (eZiText)","Games","Computer sync","Vibration","Speakerphone","Voice dialing","Voice commands","Voice recording","TTY\/TDD","Push-to-Talk"],"connectors":["2.5mm Audio"],"general_platform_version":"","general_browser":"","general_browser_version":"","general_language":"","general_platform_version_max":"","general_app":"","general_app_version":"","display_ppi":0,"display_pixel_ratio":"1.0","benchmark_min":0,"benchmark_max":0,"general_app_category":"","general_virtual":0,"display_css_screen_sizes":["40x90"]}}}