{"Device":{"_id":"1241","hd_ops":{"is_generic":0,"stop_on_detect":0,"overlay_result_specs":0},"hd_specs":{"general_aliases":[],"display_x":"128","display_y":"160","general_vendor":"Lenovo","general_model":"i720","general_platform":"","general_image":"lenovo^i720.jpg","network":["GSM1800","GSM900","GPRS"],"general_type":"Mobile","general_eusar":"","general_battery":["Li-lon"],"general_cpu":[],"design_formfactor":"Bar","design_dimensions":"94 x 43 x 17","design_weight":"78","design_antenna":"Internal","design_keyboard":"Numeric","design_softkeys":"2","design_sidekeys":[],"display_type":"TFT","display_color":"Yes","display_colors":"","display_size":"","display_other":[],"memory_internal":[],"memory_slot":["64MB RAM"],"media_camera":["1.3MP"],"media_secondcamera":[],"media_videocapture":[],"media_videoplayback":[],"media_audio":[],"media_other":[],"features":["Backlight","Vibra and melody","Quite dialing","Auto dial","Call retention","Caller ID","Volume control","Fast dialing","Dictaphone","Clock","Alarms","Calculator","Calendar","SMS","MMS","Internet Browsing WAP","Games","Java","depending on free space","limited by phone memory"],"connectors":["USB"],"general_platform_version":"","general_browser":"","general_browser_version":"","general_language":"","general_platform_version_max":"","general_app":"","general_app_version":"","display_ppi":0,"display_pixel_ratio":"1.0","benchmark_min":0,"benchmark_max":0,"general_app_category":"","general_virtual":0,"display_css_screen_sizes":["128x160"]}}}