{"Device":{"_id":"1236","hd_ops":{"is_generic":0,"stop_on_detect":0,"overlay_result_specs":0},"hd_specs":{"general_vendor":"Fly","general_model":"SL500m","general_platform":"","general_platform_version":"","general_browser":"","general_browser_version":"","general_image":"flysl500m-1357395141-4.jpg","general_aliases":[],"general_eusar":"","general_battery":[],"general_type":"Mobile","general_cpu":[],"design_formfactor":"Slide","design_dimensions":"87 x 44 x 16.2","design_weight":"90","design_antenna":"Internal","design_keyboard":"Numeric","design_softkeys":"","design_sidekeys":[],"display_type":"TFT","display_color":"Yes","display_colors":"256K","display_size":"","display_x":"176","display_y":"220","display_other":[],"memory_internal":["60MB RAM"],"memory_slot":["microSD"],"network":["GSM900","GSM1800","GSM1900","Bluetooth"],"media_camera":["1.3MP"],"media_secondcamera":[],"media_videocapture":["QCIF"],"media_videoplayback":["MPEG4"],"media_audio":["MP3","WAV","MIDI","iMelody"],"media_other":["LED flash"],"features":["FM Radio"],"connectors":["USB"],"general_language":"","general_platform_version_max":"","general_app":"","general_app_version":"","display_ppi":0,"display_pixel_ratio":"1.0","benchmark_min":0,"benchmark_max":0,"general_app_category":"","general_virtual":0,"display_css_screen_sizes":["176x220"]}}}