{"Device":{"_id":"1320","hd_ops":{"is_generic":0,"stop_on_detect":0,"overlay_result_specs":0},"hd_specs":{"general_vendor":"Motorola","general_model":"EM35","general_platform":"","general_image":"motorola^em35.jpg","general_aliases":[],"general_eusar":"","general_battery":["Li-Ion 810 mAh"],"general_type":"Mobile","general_cpu":[],"design_formfactor":"Slide","design_dimensions":"107 x 49.5 x 16","design_weight":"116","design_antenna":"Internal","design_keyboard":"Numeric","design_softkeys":"2","design_sidekeys":[],"display_type":"TFT","display_color":"Yes","display_colors":"262K","display_size":"2.2\"","display_x":"240","display_y":"320","display_other":[],"memory_internal":["110MB"],"memory_slot":["microSD","16GB"],"network":["GSM850","GSM900","GSM1800","GSM1900","GPRS Class 12","EDGE Class 12","Bluetooth 1.5"],"media_camera":["3.2MP","2048x1536"],"media_secondcamera":[],"media_videocapture":["Yes"],"media_videoplayback":["MPEG4","H.263","H.264","WMV"],"media_audio":["MP3","AAC","AAC+","eAAC+","WMA","WAV","RealAudio","AMR","MIDI"],"media_other":[],"features":["Multiple numbers per contact","Picture ID","Ring ID","Calculator","SMS","MMS","Email","Stereo FM radio with RDS","Organizer","Voice memo","Screensavers and wallpapers","Games"],"connectors":["3.5mm Audio","MicroUSB","USB"],"general_platform_version":"","general_browser":"","general_browser_version":"","general_language":"","general_platform_version_max":"","general_app":"","general_app_version":"","display_ppi":182,"display_pixel_ratio":"1.0","benchmark_min":0,"benchmark_max":0,"general_app_category":"","general_virtual":0,"display_css_screen_sizes":["240x320"]}}}