{"Device":{"_id":"104","hd_ops":{"is_generic":0,"stop_on_detect":0,"overlay_result_specs":0},"hd_specs":{"general_vendor":"Philips","general_model":"X116","general_platform":"","general_platform_version":"","general_browser":"","general_browser_version":"","general_image":"sonimphilipsx116-1359554076-0.jpg","general_aliases":[],"general_eusar":"","general_battery":["Li-Ion 1050 mAh"],"general_type":"Mobile","general_cpu":[],"design_formfactor":"Bar","design_dimensions":"108.3 x 46.7 x 13.2","design_weight":"79.5","design_antenna":"Internal","design_keyboard":"Numeric","design_softkeys":"2","design_sidekeys":[],"display_type":"TFT","display_color":"Yes","display_colors":"65K","display_size":"2\"","display_x":"176","display_y":"220","display_other":[],"memory_internal":["5MB"],"memory_slot":["microSD","4GB"],"network":["GSM900","GSM1800","Bluetooth 2.0","GPRS"],"media_camera":["VGA","640x480"],"media_secondcamera":[],"media_videocapture":[],"media_videoplayback":[],"media_audio":["MP3","AAC+"],"media_other":[],"features":["Watch","Alarm","Calculator","Organizer","Calendar","Flight mode","Data and fax","SMS","MMS","Email","FM radio","Games","Dual SIM","Flashlight","Voice memo","Predictive text input"],"connectors":["MiniUSB 2.0"],"general_language":"","general_platform_version_max":"","general_app":"","general_app_version":"","display_ppi":141,"display_pixel_ratio":"1.0","benchmark_min":0,"benchmark_max":0,"general_app_category":"","general_virtual":0,"display_css_screen_sizes":["176x220"]}}}