{"Device":{"_id":"1300","hd_ops":{"is_generic":0,"stop_on_detect":0,"overlay_result_specs":0},"hd_specs":{"general_aliases":[],"display_x":"128","display_y":"160","general_vendor":"Bleu","general_model":"555X","general_platform":"","general_image":"bleu^555x.jpg","network":["GSM900","GSM1800","GPRS","Bluetooth"],"general_type":"Mobile","general_eusar":"","general_battery":["Li-Ion"],"general_cpu":[],"design_formfactor":"Bar","design_dimensions":"105 x 46 x 12.2","design_weight":"82","design_antenna":"Internal","design_keyboard":"Numeric","design_softkeys":"","design_sidekeys":[],"display_type":"TFT","display_color":"Yes","display_colors":"65K","display_size":"1.8\"","display_other":[],"memory_internal":["60MB"],"memory_slot":["None"],"media_camera":["1.3MP","1280x1024"],"media_secondcamera":["None"],"media_videocapture":["Yes"],"media_videoplayback":["3GPP","MPEG4"],"media_audio":["MIDI","WAV","AMR","MP3","AAC"],"media_other":["Digital zoom"],"features":["Alarm clock","Calendar","Calculator","Organizer","Speakerphone","Vibration","Currency converter","Predictive text input","SMS","MMS","Email","Games"],"connectors":["USB"],"general_platform_version":"","general_browser":"","general_browser_version":"","general_language":"","general_platform_version_max":"","general_app":"","general_app_version":"","display_ppi":114,"display_pixel_ratio":"1.0","benchmark_min":0,"benchmark_max":0,"general_app_category":"","general_virtual":0,"display_css_screen_sizes":["128x160"]}}}