{"Device":{"_id":"1138","hd_ops":{"is_generic":0,"stop_on_detect":0,"overlay_result_specs":0},"hd_specs":{"general_aliases":[],"display_x":"176","display_y":"220","general_vendor":"UKING","general_model":"K30","general_platform":"","general_image":"","network":["GSM850","GSM900","GSM1800","GSM1900","GPRS","Bluetooth"],"general_type":"Mobile","general_battery":["Li-Ion 1000 mAh"],"general_cpu":[],"design_sidekeys":[],"display_other":[],"memory_internal":[],"memory_slot":["microSD"],"media_camera":["2MP","1600x1200"],"media_secondcamera":["None"],"media_videocapture":["Yes"],"media_videoplayback":["None"],"media_audio":["MP3","MIDI","WAV","AMR"],"media_other":[],"features":["Alarm clock","Calendar","Calculator","Organizer","Speakerphone","Note","Vibration","Predictive text input","T9","Games"],"connectors":["USB"],"design_formfactor":"Bar","design_dimensions":"106.1 x 44.6 x 14.6","design_weight":"","design_antenna":"Internal","design_keyboard":"Qwerty","design_softkeys":"","display_type":"","display_color":"Yes","display_colors":"65K","display_size":"","general_eusar":"","general_platform_version":"","general_browser":"","general_browser_version":"","general_language":"","general_platform_version_max":"","general_app":"","general_app_version":"","display_ppi":0,"display_pixel_ratio":"1.0","benchmark_min":0,"benchmark_max":0,"general_app_category":"","general_virtual":0,"display_css_screen_sizes":["176x220"]}}}