{"Device":{"_id":"1353","hd_ops":{"is_generic":0,"stop_on_detect":0,"overlay_result_specs":0},"hd_specs":{"general_vendor":"Nokia","general_model":"100","general_platform":"","general_image":"nokia^100.jpg","general_aliases":[],"general_eusar":"","general_battery":["Li-Ion 850 mAh"],"general_type":"Mobile","general_cpu":["BL-5CB"],"design_formfactor":"Bar","design_dimensions":"110 x 45.5 x 14.9","design_weight":"70","design_antenna":"Internal","design_keyboard":"Numeric","design_softkeys":"2","design_sidekeys":[],"display_type":"TFT","display_color":"Yes","display_colors":"65K","display_size":"1.8\"","display_x":"90","display_y":"40","display_other":[],"memory_internal":[],"memory_slot":[],"network":["GSM900","GSM1800"],"media_camera":[],"media_secondcamera":[],"media_videocapture":[],"media_videoplayback":[],"media_audio":[],"media_other":[],"features":["500 entries","Calendar","Alarm","Flashlight (Standalone unit)","Calculator","Notes","Polyphonic ringtones (32 voices)","Phone profiles","Silent mode","Speakerphone","Availability","Flashlight","Organizer","Predictive text input","Games"],"connectors":["3.5mm Audio"],"general_platform_version":"","general_browser":"","general_browser_version":"","general_language":"","general_platform_version_max":"","general_app":"","general_app_version":"","display_ppi":55,"display_pixel_ratio":"1.0","benchmark_min":0,"benchmark_max":0,"general_app_category":"","general_virtual":0,"display_css_screen_sizes":["90x40"]}}}