{"Device":{"_id":"1415","hd_ops":{"is_generic":0,"stop_on_detect":0,"overlay_result_specs":0},"hd_specs":{"general_vendor":"LG","general_model":"G7000","general_platform":"","general_image":"lg^g7000.jpg","general_aliases":[],"general_eusar":"","general_battery":["Li-Po 820 mAh"],"general_type":"Mobile","general_cpu":[],"design_formfactor":"Clamshell","design_dimensions":"90 x 45 x 20","design_weight":"93","design_antenna":"External","design_keyboard":"Numeric","design_softkeys":"","design_sidekeys":[],"display_type":"STN","display_color":"Yes","display_colors":"65K","display_size":"","display_x":"128","display_y":"160","display_other":[],"memory_internal":[],"memory_slot":[],"network":["GSM900","GSM1800"],"media_camera":[],"media_secondcamera":[],"media_videocapture":[],"media_videoplayback":[],"media_audio":[],"media_other":["Blue backlight"],"features":["Downloadable wallpapers","Vibration; Downloadable polyphonic ringtones","Infrared Port","255 entries","7 contact groups","20 dialed","20 received","20 missed calls","100 short messages","90 sec voice memo","20 calendar events","SMS","EMS","Instant Messaging","Clock","Alarms","Organizer","Internet Browsing WAP 2.0","Predictive text input","World clock","Voice memo"],"connectors":[],"general_platform_version":"","general_browser":"","general_browser_version":"","general_language":"","general_platform_version_max":"","general_app":"","general_app_version":"","display_ppi":0,"display_pixel_ratio":"1.0","benchmark_min":0,"benchmark_max":0,"general_app_category":"","general_virtual":0,"display_css_screen_sizes":["128x160"]}}}