{"Device":{"_id":"1187","hd_ops":{"is_generic":0,"stop_on_detect":0,"overlay_result_specs":0},"hd_specs":{"general_aliases":[],"display_x":"128","display_y":"160","general_vendor":"ModeLabs","general_model":"MW200","general_platform":"","general_image":"","network":["GSM900","GSM1800","GPRS Class 10"],"general_type":"Mobile","general_battery":["Li-Ion"],"general_cpu":[],"design_sidekeys":[],"display_other":[],"memory_internal":["6.8MB RAM"],"memory_slot":[],"media_camera":["VGA","640x480"],"media_secondcamera":[],"media_videocapture":["Yes"],"media_videoplayback":[],"media_audio":[],"media_other":["Digital zoom","Self-timer","Portrait mode","Burst (Continuous) Shooting"],"features":["MMS","Predictive Text Input","T9","SMS","Alarm clock","Calculator","Converter","Date and time notation","Phonebook with groups","Photo phonebook","To-do list","Voice memo","Vibration","Games"],"connectors":[],"design_formfactor":"Clamshell","design_dimensions":"86 x 42 x 17.5","design_weight":"70","design_antenna":"Internal","design_keyboard":"Numeric","design_softkeys":"","display_type":"TFT","display_color":"Yes","display_colors":"262K","display_size":"","general_eusar":"","general_platform_version":"","general_browser":"","general_browser_version":"","general_language":"","general_platform_version_max":"","general_app":"","general_app_version":"","display_ppi":0,"display_pixel_ratio":"1.0","benchmark_min":0,"benchmark_max":0,"general_app_category":"","general_virtual":0,"display_css_screen_sizes":["128x160"]}}}