{"Device":{"_id":"1148","hd_ops":{"is_generic":0,"stop_on_detect":0,"overlay_result_specs":0},"hd_specs":{"general_aliases":[],"display_x":"176","display_y":"220","general_vendor":"LG","general_model":"LG385","general_platform":"","general_image":"","network":["CDMA800","CDMA1900","Bluetooth"],"general_type":"Mobile","general_eusar":"","general_battery":["Li-Ion"],"general_cpu":[],"design_formfactor":"Clamshell","design_dimensions":"","design_weight":"90","design_antenna":"Internal","design_keyboard":"Numeric","design_softkeys":"","design_sidekeys":[],"display_type":"LCD","display_color":"Yes","display_colors":"262K","display_size":"","display_other":["Second External"],"memory_internal":["64MB"],"memory_slot":["microSD"],"media_camera":["1MP"],"media_secondcamera":[],"media_videocapture":["Yes"],"media_videoplayback":[],"media_audio":["MP3"],"media_other":["Digital zoom"],"features":["TTY\/TDD","Themes","Voice Mail","Photo Caller ID","Auto Answer","Email","SMS","EMS","MMS","Calendar","World Clock","Alarm","Calculator","Weather","Stocks","Games","Received Call","Missed Call","Dialed Call","Instant Messaging","Predictive text Input"],"connectors":["USB","2.5mm Audio"],"general_platform_version":"","general_browser":"","general_browser_version":"","general_language":"","general_platform_version_max":"","general_app":"","general_app_version":"","display_ppi":0,"display_pixel_ratio":"1.0","benchmark_min":0,"benchmark_max":0,"general_app_category":"","general_virtual":0,"display_css_screen_sizes":["176x220"]}}}