{"Device":{"_id":"1262","hd_ops":{"is_generic":0,"stop_on_detect":0,"overlay_result_specs":0},"hd_specs":{"general_vendor":"Emblaze","general_model":"Touch7","general_platform":"","general_platform_version":"","general_platform_version_max":"","general_browser":"","general_browser_version":"","general_image":"","general_aliases":[],"general_eusar":"","general_battery":["Li-Ion 650 mAh"],"general_type":"Mobile","general_cpu":[],"design_formfactor":"Slide","design_dimensions":"9.6 x 2.1 x 4.7","design_weight":"98","design_antenna":"Internal","design_keyboard":"Numeric","design_softkeys":"2","design_sidekeys":["Volume"],"display_type":"TFT","display_color":"Yes","display_colors":"262K","display_size":"","display_x":"176","display_y":"220","display_ppi":0,"display_pixel_ratio":"1.0","display_other":[],"memory_internal":["60MB RAM"],"memory_slot":["microSD"],"network":["GSM900","GSM1800","GSM1900","GPRS"],"media_camera":["1.5MP","1280x960"],"media_secondcamera":[],"media_videocapture":["Yes"],"media_videoplayback":["MPEG4"],"media_audio":["MP3","MIDI"],"media_other":["Digital zoom"],"features":["Call Divert","Call Wait","Caller Id","EMS","MMS","SMS","T9","iTap predictive text input","Alarm","Calculator","Calender","Clock","SyncML","Photo-video Editor","Photo Album","Games","Screen Savers","Wallpapers","Polyphonic","Phonebook 500","Organizer"],"connectors":["USB"],"benchmark_min":0,"benchmark_max":0,"general_app":"","general_app_version":"","general_app_category":"","general_language":"","general_virtual":0,"display_css_screen_sizes":["176x220"]}}}