{"Device":{"_id":"1335","hd_ops":{"is_generic":0,"stop_on_detect":0,"overlay_result_specs":0},"hd_specs":{"general_aliases":[],"display_x":"128","display_y":"160","general_vendor":"Siemens","general_model":"SF65v2","general_platform":"","general_image":"siemens^sf65v2.jpg","network":["GSM900","GSM1800","GPRS Class 10"],"general_type":"Mobile","general_eusar":"","general_battery":["Li-Ion 660 mAh"],"general_cpu":[],"design_formfactor":"Clamshell","design_dimensions":"91 x 44 x 23","design_weight":"97","design_antenna":"Internal","design_keyboard":"Numeric","design_softkeys":"2","design_sidekeys":[],"display_type":"TFT","display_color":"Yes","display_colors":"65K","display_size":"","display_other":[],"memory_internal":["20MB"],"memory_slot":[],"media_camera":["1.3MP","1280x960"],"media_secondcamera":[],"media_videocapture":[],"media_videoplayback":[],"media_audio":["MIDI","WAV","SP-MIDI"],"media_other":[],"features":["Swivel and rotate 180 deg","Screensavers and wallpapers","Downloadable logos","SMS","EMS","MMS","EMail","Predictive text input","Photo editor","Organizer","Voice dial","Speakerphone","Recorder","Vibration"],"connectors":["USB"],"general_platform_version":"","general_browser":"","general_browser_version":"","general_language":"","general_platform_version_max":"","general_app":"","general_app_version":"","display_ppi":0,"display_pixel_ratio":"1.0","benchmark_min":0,"benchmark_max":0,"general_app_category":"","general_virtual":0,"display_css_screen_sizes":["128x160"]}}}