{"Device":{"_id":"1084","hd_ops":{"is_generic":0,"stop_on_detect":0,"overlay_result_specs":0},"hd_specs":{"general_vendor":"Motorola","general_model":"MOTOROKR E8","general_platform":"Linux","general_image":"motorola^motorokre8.jpg","general_aliases":[],"general_eusar":"0.89 Head","general_battery":["Li-Ion 970 mAh","BK-60"],"general_type":"Mobile","general_cpu":[],"design_formfactor":"Bar","design_dimensions":"115 x 53 x 10.6","design_weight":"100","design_antenna":"Internal","design_keyboard":"Numeric","design_softkeys":"2","design_sidekeys":[],"display_type":"TFT","display_color":"Yes","display_colors":"256K","display_size":"2\"","display_x":"320","display_y":"240","display_other":[],"memory_internal":["2GB RAM"],"memory_slot":["microSD"],"network":["GSM850","GSM900","GSM1800","GSM1900","GPRS Class 12","EDGE Class 12","Bluetooth 2.0"],"media_camera":["2MP","1600x1200"],"media_secondcamera":[],"media_videocapture":["Yes"],"media_videoplayback":[],"media_audio":["MP3","AAC"],"media_other":[],"features":["SMS","EMS","MMS","Email","Instant Messaging","Stereo FM radio","Games","Organizer","Photo call","ModeShift morphing keypad","Navigation scroll wheel"],"connectors":["3.5mm Audio"],"general_platform_version":"","general_browser":"","general_browser_version":"","general_language":"","general_platform_version_max":"","general_app":"","general_app_version":"","display_ppi":200,"display_pixel_ratio":"1.0","benchmark_min":0,"benchmark_max":0,"general_app_category":"","general_virtual":0,"display_css_screen_sizes":["320x240"]}}}