{"Device":{"_id":"1445","hd_ops":{"is_generic":0,"stop_on_detect":0,"overlay_result_specs":0},"hd_specs":{"general_vendor":"LG","general_model":"CU400","general_platform":"","general_image":"lg^cu400.jpeg","general_aliases":[],"general_eusar":"","general_battery":["Li-Ion 1100 mAh"],"general_type":"Mobile","general_cpu":[],"design_formfactor":"Clamshell","design_dimensions":"85 x 48 x 23","design_weight":"93","design_antenna":"External","design_keyboard":"Numeric","design_softkeys":"2","design_sidekeys":["Volume","Camera"],"display_type":"TFT","display_color":"Yes","display_colors":"65K","display_size":"","display_x":"176","display_y":"220","display_other":[],"memory_internal":[],"memory_slot":[],"network":["GSM850","GSM900","GSM1800","GSM1900","UMTS850","UMTS1900","GPRS","EDGE","Bluetooth 1.2"],"media_camera":["VGA","640x480"],"media_secondcamera":["None"],"media_videocapture":["Yes"],"media_videoplayback":["MPEG4","H.263","RealVideo"],"media_audio":["MP3"],"media_other":[],"features":["500 entries","Caller groups","Multiple numbers per contact","Picture ID","Calendar","Alarm","To-Do","Calculator","Tip calculator","Converter","World clock","Stopwatch","Notepad","SMS","MMS","T9","Predictive text input","Vibration","Phone profiles","Speakerphone","Voice recording","TTY\/TDD","Push-to-Talk","Games"],"connectors":["USB","2.5mm Audio"],"general_platform_version":"","general_browser":"","general_browser_version":"","general_language":"","general_platform_version_max":"","general_app":"","general_app_version":"","display_ppi":0,"display_pixel_ratio":"1.0","benchmark_min":0,"benchmark_max":0,"general_app_category":"","general_virtual":0,"display_css_screen_sizes":["176x220"]}}}