{"Device":{"_id":"1146","hd_ops":{"is_generic":0,"stop_on_detect":0,"overlay_result_specs":0},"hd_specs":{"general_vendor":"Nokia","general_model":"N900","general_platform":"Maemo","general_platform_version":"5","general_platform_version_max":"","general_browser":"","general_browser_version":"","general_image":"","general_aliases":["Nokia Maemo","Nokia Q1"],"general_eusar":"0.80","general_battery":["Li-Ion 1320 mAh","BL-5J"],"general_type":"Mobile","general_cpu":["600MHz"],"design_formfactor":"Side Slide","design_dimensions":"110.9 x 59.8 x 19.5","design_weight":"181","design_antenna":"Internal","design_keyboard":"Qwerty","design_softkeys":"","design_sidekeys":[],"display_type":"TFT","display_color":"Yes","display_colors":"65K","display_size":"3.5\"","display_x":"800","display_y":"480","display_ppi":267,"display_pixel_ratio":"1.0","display_other":["Resistive","Touch"],"memory_internal":["256MB RAM","768MB ROM","32GB"],"memory_slot":["microSD","microSDHC","16GB"],"network":["GSM850","GSM900","GSM1800","GSM1900","UMTS900","UMTS1700","UMTS2100","HSDPA900","HSDPA1700","HSDPA2100","Infrared","Bluetooth 2.1","802.11b","802.11g","GPRS Class 32","EDGE Class 32"],"media_camera":["5MP","2576x1936"],"media_secondcamera":["VGA"],"media_videocapture":["WVGA@25fps"],"media_videoplayback":["MPEG4","H.263","H.264","XviD","WMV"],"media_audio":["MP3","AAC","AAC+","eAAC+","WMA","WAV","M4A"],"media_other":["Auto focus","Digital zoom","Geo-tagging","Self-timer","Video calling","Carl Zeiss optics","Dual LED Flash"],"features":["Unlimited entries","Caller groups","Multiple numbers per contact","Search by both first and last name","Picture ID","Ring ID","Calendar","Alarm","To-Do","Document viewer","Calculator","World clock","Stopwatch","Notes","USB charging","DLNA","UPnP","Computer sync","SyncML","VoIP","Music ringtones (MP3)","Vibration","Phone profiles","Speakerphone","Accelerometer","Voice recording","Light sensor","Proximity sensor","SMS","Threaded viewer","Email","Push Email","IM","Stereo FM radio (via third party software)","FM transmitter","Skype and GoogleTalk VoIP integration","PDF document viewer","Photo editor","Games"],"connectors":["USB 2.0","MicroUSB","3.5mm Audio","TV Out"],"benchmark_min":0,"benchmark_max":0,"general_app":"","general_app_version":"","general_app_category":"","general_language":"","general_virtual":0,"display_css_screen_sizes":["800x480"]}}}