{"Device":{"_id":"1081","hd_ops":{"is_generic":0,"stop_on_detect":0,"overlay_result_specs":0},"hd_specs":{"general_aliases":[],"display_x":"220","display_y":"176","general_vendor":"MyPhone","general_model":"Q21","general_platform":"","general_image":"","network":["GSM900","GSM1800","Bluetooth"],"general_type":"Mobile","general_battery":["Li-Ion 1150 mAh"],"general_cpu":[],"design_sidekeys":[],"display_other":[],"memory_internal":[],"memory_slot":["microSD","2GB"],"media_camera":["1.3MP","1280x1024"],"media_secondcamera":["None"],"media_videocapture":["Yes"],"media_videoplayback":["None"],"media_audio":["MP3"],"media_other":[],"features":["SMS","EMS","MMS","Chat","Email","Dual Sim","1000 Entries","Calculator","Calendar","Internet Browsing","Instant Messaging","Voice Dialing","Voice Recording","Games"],"connectors":["USB"],"design_formfactor":"Bar","design_dimensions":"112 x 50 x 20.5","design_weight":"103.8","design_antenna":"Internal","design_keyboard":"Qwerty","design_softkeys":"","display_type":"TFT","display_color":"Yes","display_colors":"","display_size":"2.2\"","general_eusar":"","general_platform_version":"","general_browser":"","general_browser_version":"","general_language":"","general_platform_version_max":"","general_app":"","general_app_version":"","display_ppi":128,"display_pixel_ratio":"1.0","benchmark_min":0,"benchmark_max":0,"general_app_category":"","general_virtual":0,"display_css_screen_sizes":["220x176"]}}}