{"Device":{"_id":"1033","hd_ops":{"is_generic":0,"stop_on_detect":0,"overlay_result_specs":0},"hd_specs":{"general_vendor":"Pantech","general_model":"S100","general_platform":"","general_image":"pantech^s100.jpg","general_aliases":[],"general_eusar":"","general_battery":["Li-Ion 800 mAh"],"general_type":"Mobile","general_cpu":[],"design_formfactor":"Bar","design_dimensions":"105 x 42 x 11.90","design_weight":"70.60","design_antenna":"Internal","design_keyboard":"Numeric","design_softkeys":"2","design_sidekeys":["Volume","Camera"],"display_type":"TFT","display_color":"Yes","display_colors":"256K","display_size":"1.8\"","display_x":"128","display_y":"160","display_other":[],"memory_internal":["12MB RAM"],"memory_slot":[],"network":["GSM850","GSM1800","GSM1900","GPRS","Bluetooth 2.0"],"media_camera":["0.3MP","640x480"],"media_secondcamera":[],"media_videocapture":["Yes"],"media_videoplayback":[],"media_audio":["MP3"],"media_other":["White balance","Self-timer"],"features":["800 entries","Caller groups","Multiple numbers per contact","Picture ID","Ring ID","Calendar","Alarm","Calculator","Converter","World clock","Timer","Stopwatch","Memo","Weight management","SMS","MMS","T9","Predictive text input","Games","Polyphonic ringtones (64 voices)","Vibration","Phone profiles","Speakerphone","Voice recording"],"connectors":["USB"],"general_platform_version":"","general_browser":"","general_browser_version":"","general_language":"","general_platform_version_max":"","general_app":"","general_app_version":"","display_ppi":114,"display_pixel_ratio":"1.0","benchmark_min":0,"benchmark_max":0,"general_app_category":"","general_virtual":0,"display_css_screen_sizes":["128x160"]}}}