{"Device":{"_id":"1218","hd_ops":{"is_generic":0,"stop_on_detect":0,"overlay_result_specs":0},"hd_specs":{"general_aliases":[],"display_x":"128","display_y":"160","general_vendor":"Daxian","general_model":"D758","general_platform":"","general_image":"","network":["GSM900","GSM1800","GPRS"],"general_type":"Mobile","general_eusar":"","general_battery":["Li-Ion"],"general_cpu":[],"design_formfactor":"Clamshell","design_dimensions":"9 x 1.6 x 4.5","design_weight":"73","design_antenna":"Internal","design_keyboard":"Numeric","design_softkeys":"","design_sidekeys":["Volume"],"display_type":"TFT","display_color":"Yes","display_colors":"262K","display_size":"","display_other":["Second External"],"memory_internal":[],"memory_slot":[],"media_camera":["1.3MP"],"media_secondcamera":[],"media_videocapture":["Yes"],"media_videoplayback":["Yes"],"media_audio":["MP3"],"media_other":["LED Flash"],"features":["Call Barring","Call Divert","Call Wait","Caller Id","EMS","SMS","T9","iTap predictive text input","Alarm","Calculator","Calender","Clock","Games","Screen Savers","Wallpapers","Polyphonic","Organizer"],"connectors":[],"general_platform_version":"","general_browser":"","general_browser_version":"","general_language":"","general_platform_version_max":"","general_app":"","general_app_version":"","display_ppi":0,"display_pixel_ratio":"1.0","benchmark_min":0,"benchmark_max":0,"general_app_category":"","general_virtual":0,"display_css_screen_sizes":["128x160"]}}}