{"Device":{"_id":"1090","hd_ops":{"is_generic":0,"stop_on_detect":0,"overlay_result_specs":0},"hd_specs":{"general_vendor":"Samsung","general_model":"SGH-P710","general_platform":"","general_platform_version":"","general_browser":"","general_browser_version":"","general_image":"samsungsgh-p710-1358512607-2.jpg","general_aliases":[],"general_eusar":"","general_battery":[],"general_type":"Mobile","general_cpu":[],"design_formfactor":"Clamshell","design_dimensions":"89 x 47 x 22","design_weight":"90","design_antenna":"External","design_keyboard":"Numeric","design_softkeys":"","design_sidekeys":["Volume"],"display_type":"TFT","display_color":"Yes","display_colors":"256K","display_size":"","display_x":"176","display_y":"220","display_other":[],"memory_internal":[],"memory_slot":[],"network":["GSM850","GSM1800","GSM1900"],"media_camera":["VGA","640x480"],"media_secondcamera":[],"media_videocapture":[],"media_videoplayback":[],"media_audio":[],"media_other":[],"features":[],"connectors":["USB"],"general_language":"","general_platform_version_max":"","general_app":"","general_app_version":"","display_ppi":0,"display_pixel_ratio":"1.0","benchmark_min":0,"benchmark_max":0,"general_app_category":"","general_virtual":0,"display_css_screen_sizes":["176x220"]}}}