{"Device":{"_id":"124","hd_ops":{"is_generic":0,"stop_on_detect":0,"overlay_result_specs":0},"hd_specs":{"general_vendor":"LG","general_model":"G1610","general_platform":"","general_image":"lg^g1610.jpg","general_aliases":[],"general_eusar":"","general_battery":["Li-Ion 950 mAh"],"general_type":"Mobile","general_cpu":["None"],"design_formfactor":"Bar","design_dimensions":"104 x 44 x 17","design_weight":"83","design_antenna":"Internal","design_keyboard":"Numeric","design_softkeys":"","design_sidekeys":[],"display_type":"STN","display_color":"Yes","display_colors":"65K","display_size":"1.5\"","display_x":"128","display_y":"128","display_other":[],"memory_internal":["1.1MB"],"memory_slot":[],"network":["GSM900","GSM1800","GPRS: Class 10","Bluetooth 1.2"],"media_camera":[],"media_secondcamera":[],"media_videocapture":[],"media_videoplayback":[],"media_audio":[],"media_other":[],"features":["SMS","EMS","MMS","T9","Organizer","Voice memo","Voice Dialing","Calculator","Calendar","Clock","Alarms","Games","Java Midp 2.0","Received Call","Missed Call","Dialed Call"],"connectors":["USB","2.5mm Audio"],"general_platform_version":"","general_browser":"","general_browser_version":"","general_language":"","general_platform_version_max":"","general_app":"","general_app_version":"","display_ppi":121,"display_pixel_ratio":"1.0","benchmark_min":0,"benchmark_max":0,"general_app_category":"","general_virtual":0,"display_css_screen_sizes":["128x128"]}}}