{"Device":{"_id":"1237","hd_ops":{"is_generic":0,"stop_on_detect":0,"overlay_result_specs":0},"hd_specs":{"general_vendor":"ARCELIK","general_model":"AC831","general_platform":"","general_platform_version":"","general_platform_version_max":"","general_browser":"","general_browser_version":"","general_image":"","general_aliases":[],"general_eusar":"","general_battery":["Li-Ion"],"general_type":"Mobile","general_cpu":[],"design_formfactor":"Slide","design_dimensions":"84 x 43 x 23","design_weight":"87","design_antenna":"Internal","design_keyboard":"Numeric","design_softkeys":"","design_sidekeys":[],"display_type":"TFT","display_color":"Yes","display_colors":"65K","display_size":"","display_x":"128","display_y":"160","display_ppi":0,"display_pixel_ratio":"1.0","display_other":[],"memory_internal":["64MB"],"memory_slot":["microSD"],"network":["GSM900","GSM1800","GSM1900","GPRS Class 10"],"media_camera":["VGA","640x480"],"media_secondcamera":["Yes"],"media_videocapture":["Yes"],"media_videoplayback":["MPEG4"],"media_audio":["MP3"],"media_other":["Digital zoom"],"features":["Alarm clock","Calendar","Calculator","Organizer","Speakerphone","Vibration","Unit converter","Stopwatch","Voice memo","Voice dialing","Predictive text input","SMS","MMS","EMS","Games"],"connectors":["USB"],"benchmark_min":0,"benchmark_max":0,"general_app":"","general_app_version":"","general_app_category":"","general_language":"","general_virtual":0,"display_css_screen_sizes":["128x160"]}}}