{"Device":{"_id":"1323","hd_ops":{"is_generic":0,"stop_on_detect":0,"overlay_result_specs":0},"hd_specs":{"general_vendor":"LG","general_model":"LG600G","general_platform":"","general_platform_version":"","general_browser":"","general_browser_version":"","general_image":"lglg600g-1403350638-0.jpg","general_aliases":[],"general_eusar":"","general_battery":["Li-Ion 800 mAh"],"general_type":"Mobile","general_cpu":[],"design_formfactor":"Clamshell","design_dimensions":"87 x 47 x 20","design_weight":"56","design_antenna":"Internal","design_keyboard":"Numeric","design_softkeys":"2","design_sidekeys":["Volume","Camera"],"display_type":"TFT","display_color":"Yes","display_colors":"65K","display_size":"1.8\"","display_x":"128","display_y":"160","display_other":["Second External CSTN"],"memory_internal":[],"memory_slot":[],"network":["GSM900","GSM1800","Bluetooth 2.0","GPRS"],"media_camera":["VGA"],"media_secondcamera":[],"media_videocapture":[],"media_videoplayback":[],"media_audio":[],"media_other":["Exposure control","White balance","Multi shot","Effects","Self-timer"],"features":["1000 entries","Caller groups","Multiple numbers per contact","Picture ID","Ring ID","Calendar","Alarm","Calculator","Tip calculator","Unit converter","World clock","Stopwatch","Notepad","Polyphonic ringtones (32 voices)","Vibration","Phone profiles","Speakerphone","Voice recording","TTY\/TDD","SMS","MMS","T9","Predictive text input","Games"],"connectors":[],"general_platform_version_max":"","general_app":"","general_app_version":"","general_language":"","display_ppi":114,"display_pixel_ratio":"1.0","benchmark_min":0,"benchmark_max":0,"general_app_category":"","general_virtual":0,"display_css_screen_sizes":["128x160"]}}}