{"Device":{"_id":"1155","hd_ops":{"is_generic":0,"stop_on_detect":0,"overlay_result_specs":0},"hd_specs":{"general_aliases":[],"display_x":"176","display_y":"220","general_vendor":"Spice","general_model":"S900","general_platform":"","general_image":"spice^s900.jpg","network":["GSM900","GSM1800","GSM1900","Bluetooth 1.2","GPRS Class 10"],"general_type":"Mobile","general_eusar":"","general_battery":["Li-Ion 750 mAh"],"general_cpu":[],"design_formfactor":"Bar","design_dimensions":"101 x 44 x 16","design_weight":"90","design_antenna":"Internal","design_keyboard":"Numeric","design_softkeys":"2","design_sidekeys":[],"display_type":"TFT","display_color":"Yes","display_colors":"256K","display_size":"2\"","display_other":[],"memory_internal":["64MB RAM"],"memory_slot":["miniSD","2GB"],"media_camera":["2MP","1600x1200"],"media_secondcamera":[],"media_videocapture":["Yes"],"media_videoplayback":["3GP","MPEG4"],"media_audio":["AAC"],"media_other":["Digital zoom","LED Flash","Autofocus"],"features":["Stopwatch","Alarm","Calculator","Currency converter","Organizer","Calendar","Flight mode","Games","Speakerphone","Recorder","Vibration","SMS","EMS","MMS","T9","FM Radio","World Clock","Email"],"connectors":["USB","2.5mm Audio"],"general_platform_version":"","general_browser":"","general_browser_version":"","general_language":"","general_platform_version_max":"","general_app":"","general_app_version":"","display_ppi":141,"display_pixel_ratio":"1.0","benchmark_min":0,"benchmark_max":0,"general_app_category":"","general_virtual":0,"display_css_screen_sizes":["176x220"]}}}