{"Device":{"_id":"1054","hd_ops":{"is_generic":0,"stop_on_detect":0,"overlay_result_specs":0},"hd_specs":{"general_aliases":[],"display_x":"176","display_y":"220","general_vendor":"Spice","general_model":"D-88","general_platform":"","general_image":"spice^d88.jpg","network":["GSM900","GSM1800","Bluetooth 1.2","GPRS Class 10","CDMA800"],"general_type":"Mobile","general_eusar":"","general_battery":["Li-Ion 800 mAh"],"general_cpu":[],"design_formfactor":"Bar","design_dimensions":"106,85 x 47,15 x 14,82","design_weight":"93","design_antenna":"Internal","design_keyboard":"Numeric","design_softkeys":"2","design_sidekeys":[],"display_type":"TFT","display_color":"Yes","display_colors":"256K","display_size":"","display_other":[],"memory_internal":["60MB RAM"],"memory_slot":["microSD","2GB"],"media_camera":["1.3MP","1280x1024"],"media_secondcamera":[],"media_videocapture":["Yes"],"media_videoplayback":["3GP"],"media_audio":["MP3","AAC"],"media_other":["Digital zoom"],"features":["Stopwatch","Alarm","Calculator","Currency converter","Organizer","Calendar","To-Do list","Games","Speakerphone","Recorder","Vibration","T9","SMS","EMS","MMS","Email"],"connectors":["USB"],"general_platform_version":"","general_browser":"","general_browser_version":"","general_language":"","general_platform_version_max":"","general_app":"","general_app_version":"","display_ppi":0,"display_pixel_ratio":"1.0","benchmark_min":0,"benchmark_max":0,"general_app_category":"","general_virtual":0,"display_css_screen_sizes":["176x220"]}}}