{"Device":{"_id":"1390","hd_ops":{"is_generic":0,"stop_on_detect":0,"overlay_result_specs":0},"hd_specs":{"general_aliases":[],"display_x":"128","display_y":"160","general_vendor":"LG","general_model":"G828","general_platform":"","general_image":"lg^g828.jpg","network":["GSM900","GSM1800","GSM1900","GPRS Class 10"],"general_type":"Mobile","general_eusar":"","general_battery":["Li-Ion 1000 mAh"],"general_cpu":[],"design_formfactor":"Bar","design_dimensions":"10.69 x 1.68 x 4.51","design_weight":"74","design_antenna":"Internal","design_keyboard":"Numeric","design_softkeys":"2","design_sidekeys":[],"display_type":"TFT","display_color":"Yes","display_colors":"256K","display_size":"","display_other":[],"memory_internal":[],"memory_slot":[],"media_camera":["1MP","640x480"],"media_secondcamera":[],"media_videocapture":[],"media_videoplayback":[],"media_audio":[],"media_other":[],"features":["Java MIDP 2.0","Internet Browsing WAP 2.0","Directional Pad","Call Divert","Call Wait","Caller Id","Tri Band","EMS","MMS","SMS","Alarm","Calculator","Calendar","Clock","Currency Converter","Organizer","Call Received","Call Dialled","Missed Call","Games","Vibration","200 Phonebook Capacity","Included Accessories Lithium Ion Battery","User Manual","Ringtones Customization"],"connectors":["2.5mm Audio"],"general_platform_version":"","general_browser":"","general_browser_version":"","general_language":"","general_platform_version_max":"","general_app":"","general_app_version":"","display_ppi":0,"display_pixel_ratio":"1.0","benchmark_min":0,"benchmark_max":0,"general_app_category":"","general_virtual":0,"display_css_screen_sizes":["128x160"]}}}