{"Device":{"_id":"1047","hd_ops":{"is_generic":0,"stop_on_detect":0,"overlay_result_specs":0},"hd_specs":{"general_vendor":"QMobile","general_model":"F220","general_platform":"","general_platform_version":"","general_browser":"","general_browser_version":"","general_image":"qmobilef220-1359555028-0.jpg","general_aliases":[],"general_eusar":"","general_battery":["Li-Ion 1200 mAh"],"general_type":"Mobile","general_cpu":[],"design_formfactor":"Slide","design_dimensions":"114 x 50.5 x 16.34","design_weight":"","design_antenna":"Internal","design_keyboard":"Numeric","design_softkeys":"2","design_sidekeys":[],"display_type":"TFT","display_color":"Yes","display_colors":"262K","display_size":"2\"","display_x":"240","display_y":"320","display_other":[],"memory_internal":[],"memory_slot":["T-Flash"],"network":["GSM900","GSM1800","GPRS","Bluetooth"],"media_camera":[],"media_secondcamera":[],"media_videocapture":[],"media_videoplayback":["MP4"],"media_audio":["MP3","AAC"],"media_other":[],"features":["FM Radio","SMS","MMS","T9","Games","Loud Speaker","Internet Browsing WAP 2.0","Ring Tones","Organizer"],"connectors":["MiniUSB"],"general_language":"","general_platform_version_max":"","general_app":"","general_app_version":"","display_ppi":200,"display_pixel_ratio":"1.0","benchmark_min":0,"benchmark_max":0,"general_app_category":"","general_virtual":0,"display_css_screen_sizes":["240x320"]}}}