{"Device":{"_id":"1141","hd_ops":{"is_generic":0,"stop_on_detect":0,"overlay_result_specs":0},"hd_specs":{"general_vendor":"Nokia","general_model":"7280","general_platform":"","general_image":"nokia^7280.jpg","general_aliases":[],"general_eusar":"0.83 Head","general_battery":["Li-Ion 700 mAh","BL-8N"],"general_type":"Mobile","general_cpu":[],"design_formfactor":"Bar","design_dimensions":"115 x 32 x 19","design_weight":"84","design_antenna":"Internal","design_keyboard":"Numeric","design_softkeys":"2","design_sidekeys":[],"display_type":"TFT","display_color":"Yes","display_colors":"65K","display_size":"","display_x":"104","display_y":"208","display_other":[],"memory_internal":["50MB"],"memory_slot":["None"],"network":["GSM900","GSM1800","GSM1900","Infrared","Bluetooth 1.1","GPRS Class 8"],"media_camera":["VGA","640x480"],"media_secondcamera":["None"],"media_videocapture":[],"media_videoplayback":["None"],"media_audio":["AAC"],"media_other":[],"features":["1000 entries","Caller groups","Picture ID","Ring ID","Calendar","Alarm","To-Do","Computer sync","SyncML","Polyphonic ringtones (40 voices)","Phone profiles","Speakerphone","Voice dialing","Voice commands","Voice recording","Downloadable themes","SMS","MMS","Stereo FM radio","Organizer","Voice memo","Games"],"connectors":["2.5mm Audio"],"general_platform_version":"","general_browser":"","general_browser_version":"","general_language":"","general_platform_version_max":"","general_app":"","general_app_version":"","display_ppi":0,"display_pixel_ratio":"1.0","benchmark_min":0,"benchmark_max":0,"general_app_category":"","general_virtual":0,"display_css_screen_sizes":["104x208"]}}}