{"Device":{"_id":"1020","hd_ops":{"is_generic":0,"stop_on_detect":0,"overlay_result_specs":0},"hd_specs":{"general_vendor":"Nokia","general_model":"2270","general_platform":"","general_platform_version":"","general_browser":"","general_browser_version":"","general_image":"nokia2270-1359533999-0.jpg","general_aliases":[],"general_eusar":"","general_battery":["Li-Ion 850 mAh"],"general_type":"Mobile","general_cpu":[],"design_formfactor":"Bar","design_dimensions":"108 x 50 x 22","design_weight":"99","design_antenna":"Internal","design_keyboard":"Numeric","design_softkeys":"2","design_sidekeys":[],"display_type":"Grayscale","display_color":"No","display_colors":"","display_size":"","display_x":"96","display_y":"65","display_other":[],"memory_internal":[],"memory_slot":[],"network":["CDMA800","CDMA1900"],"media_camera":[],"media_secondcamera":[],"media_videocapture":[],"media_videoplayback":[],"media_audio":[],"media_other":[],"features":["500 entries","Multiple numbers per contact","Calendar","Alarm","To-Do","Calculator","Currency converter","SMS","Predictive text input","T9","Vibration","Voice dialing","Voice commands","Voice recording","TTY\/TDD","Games"],"connectors":[],"general_platform_version_max":"","general_app":"","general_app_version":"","general_language":"","display_ppi":0,"display_pixel_ratio":"1.0","benchmark_min":0,"benchmark_max":0,"general_app_category":"","general_virtual":0,"display_css_screen_sizes":["96x65"]}}}