{"Device":{"_id":"1402","hd_ops":{"is_generic":0,"stop_on_detect":0,"overlay_result_specs":0},"hd_specs":{"general_vendor":"Sanyo","general_model":"SCP-4900","general_platform":"","general_image":"","general_aliases":[],"general_eusar":"","general_battery":["Li-Ion"],"general_type":"Mobile","general_cpu":[],"design_formfactor":"Bar","design_dimensions":"124 x 48 x 25","design_weight":"130","design_antenna":"External","design_keyboard":"Numeric","design_softkeys":"2","design_sidekeys":[],"display_type":"LCD","display_color":"Yes","display_colors":"4K","display_size":"","display_x":"120","display_y":"128","display_other":[],"memory_internal":[],"memory_slot":[],"network":["CDMA1900","AMPS800"],"media_camera":[],"media_secondcamera":[],"media_videocapture":[],"media_videoplayback":[],"media_audio":[],"media_other":[],"features":["GPS","Phonebook 300 entries","Multiple numbers per contact","Picture ID","Ring ID","Organizer","Calendar","Alarm","To-Do","Calculator","SMS","T9","Games","Computer sync","Polyphonic ringtones (16 voices)","Vibration","Speakerphone","Voice dialing","Voice recording","TTY\/TDD"],"connectors":[],"general_platform_version":"","general_browser":"","general_browser_version":"","general_language":"","general_platform_version_max":"","general_app":"","general_app_version":"","display_ppi":0,"display_pixel_ratio":"1.0","benchmark_min":0,"benchmark_max":0,"general_app_category":"","general_virtual":0,"display_css_screen_sizes":["120x128"]}}}