{"Device":{"_id":"1239","hd_ops":{"is_generic":0,"stop_on_detect":0,"overlay_result_specs":0},"hd_specs":{"general_vendor":"LG","general_model":"BX4170","general_platform":"","general_image":"lg^bx4170.jpg","general_aliases":[],"general_eusar":"","general_battery":["Li-Ion"],"general_type":"Mobile","general_cpu":[],"design_formfactor":"Clamshell","design_dimensions":"","design_weight":"","design_antenna":"External","design_keyboard":"Numeric","design_softkeys":"2","design_sidekeys":[],"display_type":"LCD","display_color":"Yes","display_colors":"","display_size":"","display_x":"128","display_y":"128","display_other":["Second External"],"memory_internal":[],"memory_slot":[],"network":["CDMA800","CDMA1900","AMPS800"],"media_camera":[],"media_secondcamera":[],"media_videocapture":[],"media_videoplayback":[],"media_audio":[],"media_other":[],"features":["Caller groups","Multiple numbers per contact","Picture ID","Ring ID","Calendar","Alarm","Tip calculator","SMS","Predictive text input","T9","Vibration","Phone profiles","Speakerphone","Games"],"connectors":["USB"],"general_platform_version":"","general_browser":"","general_browser_version":"","general_language":"","general_platform_version_max":"","general_app":"","general_app_version":"","display_ppi":0,"display_pixel_ratio":"1.0","benchmark_min":0,"benchmark_max":0,"general_app_category":"","general_virtual":0,"display_css_screen_sizes":["128x128"]}}}