{"Device":{"_id":"1435","hd_ops":{"is_generic":0,"stop_on_detect":0,"overlay_result_specs":0},"hd_specs":{"general_vendor":"Samsung","general_model":"GT-S5230N","general_platform":"","general_image":"samsung^gts5230n.jpg","general_aliases":[],"general_eusar":"0.53 Head","general_battery":["Li-Ion 1000 mAh"],"general_type":"Mobile","general_cpu":[],"design_formfactor":"Bar","design_dimensions":"104 x 53 x 11.9","design_weight":"92","design_antenna":"Internal","design_keyboard":"Screen","design_softkeys":"","design_sidekeys":["Volume","Camera","Lock"],"display_type":"TFT","display_color":"Yes","display_colors":"262K","display_size":"3\"","display_x":"240","display_y":"400","display_other":["Resistive","Touch"],"memory_internal":["50MB"],"memory_slot":["microSD","microSDHC","16GB"],"network":["GSM850","GSM900","GSM1800","GSM1900","Bluetooth 2.1","GPRS Class 12","EDGE Class 12"],"media_camera":["3.15MP","2048x1536"],"media_secondcamera":["None"],"media_videocapture":["QVGA@15fps"],"media_videoplayback":["MPEG4","H.263","H.264"],"media_audio":["MP3","AAC+","eAAC+","WMA","WAV","AMR","MIDI"],"media_other":["Smile detection","Digital zoom"],"features":["2000 entries","Caller groups","Multiple numbers per contact","Picture ID","Ring ID","Calendar","Alarm","To-Do","Document viewer","Calculator","Converter","World clock","Office 2003 viewer","PDF viewer","Timer","Stopwatch","Notes","Computer sync","Music ringtones (MP3)","Vibration","Phone profiles","Speakerphone","Accelerometer","Voice recording","Handwriting recognition","SMS","MMS","Email","Stereo FM radio with RDS","Organizer","Word viewer","Excel viewer","PowerPoint viewer","Shazam Find Music service","Games"],"connectors":["USB 2.0"],"general_platform_version":"","general_browser":"","general_browser_version":"","general_language":"","general_platform_version_max":"","general_app":"","general_app_version":"","display_ppi":155,"display_pixel_ratio":"1.0","benchmark_min":0,"benchmark_max":0,"general_app_category":"","general_virtual":0,"display_css_screen_sizes":["240x400"]}}}