{"Device":{"_id":"1231","hd_ops":{"is_generic":0,"stop_on_detect":0,"overlay_result_specs":0},"hd_specs":{"general_aliases":[],"display_x":"128","display_y":"92","general_vendor":"Tianyu","general_model":"B830","general_platform":"","general_image":"tianyu^b830.jpg","network":["GSM900","GSM1800","GPRS"],"general_type":"Mobile","general_eusar":"","general_battery":["Li-Ion 650 mAh"],"general_cpu":[],"design_formfactor":"Bar","design_dimensions":"9.96 x 1.4 x 4.23","design_weight":"70","design_antenna":"Internal","design_keyboard":"Numeric","design_softkeys":"2","design_sidekeys":[],"display_type":"LCD","display_color":"Yes","display_colors":"65K","display_size":"","display_other":[],"memory_internal":["64MB"],"memory_slot":["None"],"media_camera":["1.5MP"],"media_secondcamera":["None"],"media_videocapture":["Yes"],"media_videoplayback":["MP4"],"media_audio":["MP3","MIDI","M4A"],"media_other":[],"features":["Call Divert","Call Wait","Caller Id","T9","iTap Predictive text input","Alarm","Calculator","Calender","Clock","Photo-video Editor","Photo Album","Games","Screen Savers","Wallpapers","Polyphonic","Phonebook 300","Organizer"],"connectors":["USB"],"general_platform_version":"","general_browser":"","general_browser_version":"","general_language":"","general_platform_version_max":"","general_app":"","general_app_version":"","display_ppi":0,"display_pixel_ratio":"1.0","benchmark_min":0,"benchmark_max":0,"general_app_category":"","general_virtual":0,"display_css_screen_sizes":["128x92"]}}}