{"Device":{"_id":"1355","hd_ops":{"is_generic":0,"stop_on_detect":0,"overlay_result_specs":0},"hd_specs":{"general_vendor":"LG","general_model":"KG70","general_platform":"","general_image":"lg^kg70.jpg","general_aliases":[],"general_eusar":"","general_battery":["Li-Ion 750 mAh"],"general_type":"Mobile","general_cpu":[],"design_formfactor":"Slide","design_dimensions":"99.8 x 50.6 x 13.8","design_weight":"119","design_antenna":"Internal","design_keyboard":"Numeric","design_softkeys":"2","design_sidekeys":["Volume","Camera","Multimedia"],"display_type":"TFT","display_color":"Yes","display_colors":"256K","display_size":"2.2\"","display_x":"240","display_y":"320","display_other":[],"memory_internal":["50MB"],"memory_slot":["microSD","2GB"],"network":["GSM900","GSM1800","GSM1900","Bluetooth 1.2","GPRS","EDGE"],"media_camera":["2 MP","1600x1200"],"media_secondcamera":["None"],"media_videocapture":["QCIF"],"media_videoplayback":["3GP"],"media_audio":["MP3","AAC","AAC+","AAC++"],"media_other":["Auto focus","Digital zoom","LED flash","Schneider-Kreuznach optics","Camcorder"],"features":["1000 entries Caller groups","Multiple numbers per contact","Picture ID","Ring ID","Calculator","World clock","Alarm","To-Do","Calendar","Music ringtones","Polyphonic ringtones","Vibration","Phone profiles","Speakerphone","Voice recording","Games","SMS","EMS","MMS","Email","Predictive text input","Organizer","Voice memo","Document viewer (Word","Excel","PowerPoint","PDF)","Mirror effect screen","full metal body","Downloadable wallpapers"],"connectors":["USB"],"general_platform_version":"","general_browser":"","general_browser_version":"","general_language":"","general_platform_version_max":"","general_app":"","general_app_version":"","display_ppi":182,"display_pixel_ratio":"1.0","benchmark_min":0,"benchmark_max":0,"general_app_category":"","general_virtual":0,"display_css_screen_sizes":["240x320"]}}}