{"Device":{"_id":"1024","hd_ops":{"is_generic":0,"stop_on_detect":0,"overlay_result_specs":0},"hd_specs":{"general_vendor":"Spice","general_model":"S650","general_platform":"","general_platform_version":"","general_browser":"","general_browser_version":"","general_image":"spices650-1359534160-1.jpg","general_aliases":[],"general_eusar":"","general_battery":["Li-Ion 800 mAh"],"general_type":"Mobile","general_cpu":[],"design_formfactor":"Bar","design_dimensions":"104 x 44 x 16.5","design_weight":"90","design_antenna":"Internal","design_keyboard":"Numeric","design_softkeys":"2","design_sidekeys":[],"display_type":"CSTN","display_color":"Yes","display_colors":"64K","display_size":"1.5\"","display_x":"128","display_y":"128","display_other":[],"memory_internal":["2MB"],"memory_slot":["microSD"],"network":["GSM900","GSM1800","Bluetooth 1.2","GPRS Class 12"],"media_camera":[],"media_secondcamera":[],"media_videocapture":[],"media_videoplayback":[],"media_audio":["MP3","MIDI","AMR","WAV"],"media_other":[],"features":["Stopwatch","Alarm","Calculator","Currency converter","Organizer","Calendar","Games","Speakerphone","Recorder","Vibration","SMS","EMS","MMS","T9","Email","FM Radio","Ring composer"],"connectors":["USB","2.5mm Audio"],"general_language":"","general_platform_version_max":"","general_app":"","general_app_version":"","display_ppi":121,"display_pixel_ratio":"1.0","benchmark_min":0,"benchmark_max":0,"general_app_category":"","general_virtual":0,"display_css_screen_sizes":["128x128"]}}}