{"Device":{"_id":"1255","hd_ops":{"is_generic":0,"stop_on_detect":0,"overlay_result_specs":0},"hd_specs":{"general_aliases":[],"display_x":"176","display_y":"220","general_vendor":"eTouch","general_model":"D35","general_platform":"","general_image":"","network":["GSM900","GSM1800","GSM1900","GPRS","Bluetooth"],"general_type":"Mobile","general_eusar":"","general_battery":["Li-Ion 900 mAh"],"general_cpu":[],"design_formfactor":"Bar","design_dimensions":"106.5 x 49 x 14","design_weight":"","design_antenna":"Internal","design_keyboard":"Numeric","design_softkeys":"2","design_sidekeys":[],"display_type":"TFT","display_color":"Yes","display_colors":"65K","display_size":"2\"","display_other":[],"memory_internal":[],"memory_slot":[],"media_camera":["CIF","352x288"],"media_secondcamera":[],"media_videocapture":["Yes"],"media_videoplayback":["MP4"],"media_audio":["MP3","WAV"],"media_other":[],"features":["SMS","MMS","FM radio","Speaker","Camera","Calendar","Alarm","Organizer","T9","Instant Messaging","Received Call","Dialed Call","Missed Call","Voice Memo","Voice Dialing","Voice Recording","Accelerator Sensor"],"connectors":["2.5mm Audio"],"general_platform_version":"","general_browser":"","general_browser_version":"","general_language":"","general_platform_version_max":"","general_app":"","general_app_version":"","display_ppi":141,"display_pixel_ratio":"1.0","benchmark_min":0,"benchmark_max":0,"general_app_category":"","general_virtual":0,"display_css_screen_sizes":["176x220"]}}}