{"Device":{"_id":"1327","hd_ops":{"is_generic":0,"stop_on_detect":0,"overlay_result_specs":0},"hd_specs":{"general_aliases":[],"display_x":"128","display_y":"128","general_vendor":"MyPhone","general_model":"S21","general_platform":"","general_image":"myphone^s21.jpg","network":["GSM900","GSM1800","GPRS","Bluetooth"],"general_type":"Mobile","general_eusar":"","general_battery":["Li-Ion 500 mAh"],"general_cpu":[],"design_formfactor":"Bar","design_dimensions":"87 x 44.5 x 18","design_weight":"74","design_antenna":"Internal","design_keyboard":"Numeric","design_softkeys":"2","design_sidekeys":[],"display_type":"CSTN","display_color":"Yes","display_colors":"65K","display_size":"1.4\"","display_other":[],"memory_internal":[],"memory_slot":["microSD","2GB"],"media_camera":["CIF","240x320"],"media_secondcamera":["None"],"media_videocapture":[],"media_videoplayback":["None"],"media_audio":["MP3","MIDI"],"media_other":[],"features":["Dual SIM mini-slider phone","SMS","MMS","EMS","Games","Calendar","To Do List","Alarm","Calculator","Unit & Currency Converter","World Clock","Health","Stopwatch","1000 entries phonebook Capacity","Sound recorder","Stereo FM radio","Included Accessories","Headset","USB cable","Internet Browsing WAP 2.0"],"connectors":["USB"],"general_platform_version":"","general_browser":"","general_browser_version":"","general_language":"","general_platform_version_max":"","general_app":"","general_app_version":"","display_ppi":129,"display_pixel_ratio":"1.0","benchmark_min":0,"benchmark_max":0,"general_app_category":"","general_virtual":0,"display_css_screen_sizes":["128x128"]}}}