{"Device":{"_id":"1184","hd_ops":{"is_generic":0,"stop_on_detect":0,"overlay_result_specs":0},"hd_specs":{"general_vendor":"Fly","general_model":"LX600","general_platform":"","general_image":"","general_aliases":["Fly Mega"],"general_eusar":"","general_battery":["Li-Ion 750 mAh"],"general_type":"Mobile","general_cpu":["None"],"design_formfactor":"Clamshell","design_dimensions":"95.5 x 48.5 x 16","design_weight":"98","design_antenna":"Internal","design_keyboard":"Numeric","design_softkeys":"","design_sidekeys":[],"display_type":"TFT","display_color":"Yes","display_colors":"256K","display_size":"","display_x":"220","display_y":"176","display_other":[],"memory_internal":["88MB RAM"],"memory_slot":["microSD"],"network":["GSM900","GSM1800","GSM1900","GPRS","Bluetooth 1.2"],"media_camera":["3.2MP","2048x1536"],"media_secondcamera":[],"media_videocapture":[],"media_videoplayback":["H.263","MPEG4"],"media_audio":["AAC","AAC+","AMR","WAV"],"media_other":[],"features":["SMS","EMS","MMS","Organizer","e-mail client"],"connectors":["USB"],"general_platform_version":"","general_browser":"","general_browser_version":"","general_language":"","general_platform_version_max":"","general_app":"","general_app_version":"","display_ppi":0,"display_pixel_ratio":"1.0","benchmark_min":0,"benchmark_max":0,"general_app_category":"","general_virtual":0,"display_css_screen_sizes":["220x176"]}}}