{"Device":{"_id":"1067","hd_ops":{"is_generic":0,"stop_on_detect":0,"overlay_result_specs":0},"hd_specs":{"general_vendor":"Fly","general_model":"MP600","general_platform":"","general_image":"","general_aliases":[],"general_eusar":"","general_battery":["Li-Ion 630 mAh"],"general_type":"Mobile","general_cpu":[],"design_formfactor":"Bar","design_dimensions":"105.80 x 45.20 x 12.50","design_weight":"65","design_antenna":"Internal","design_keyboard":"Numeric","design_softkeys":"","design_sidekeys":[],"display_type":"TFT","display_color":"Yes","display_colors":"64K","display_size":"","display_x":"128","display_y":"160","display_other":[],"memory_internal":["7600KB"],"memory_slot":["microSD"],"network":["GSM900","GSM1800","GSM1900","GPRS Class 10"],"media_camera":["1.3MP","1280x1024"],"media_secondcamera":["None"],"media_videocapture":["Yes"],"media_videoplayback":["H.263"],"media_audio":["AAC","AAC+","AMR","WAV"],"media_other":[],"features":["SMS","EMS","MMS","Alarm","Calculator","Currency converter","Organizer","Calendar","Recorder","Vibration","Games"],"connectors":["USB"],"general_platform_version":"","general_browser":"","general_browser_version":"","general_language":"","general_platform_version_max":"","general_app":"","general_app_version":"","display_ppi":0,"display_pixel_ratio":"1.0","benchmark_min":0,"benchmark_max":0,"general_app_category":"","general_virtual":0,"display_css_screen_sizes":["128x160"]}}}