{"Device":{"_id":"1263","hd_ops":{"is_generic":0,"stop_on_detect":0,"overlay_result_specs":0},"hd_specs":{"general_aliases":[],"display_x":"128","display_y":"160","general_vendor":"Utec","general_model":"S800","general_platform":"","general_image":"","network":["GSM900","GSM1800","GPRS"],"general_type":"Mobile","general_eusar":"","general_battery":["Li-Ion 550 mAh"],"general_cpu":[],"design_formfactor":"Bar","design_dimensions":"7.7 x 2.27 x 4","design_weight":"88","design_antenna":"Internal","design_keyboard":"Numeric","design_softkeys":"2","design_sidekeys":[],"display_type":"TFT","display_color":"Yes","display_colors":"65K","display_size":"","display_other":[],"memory_internal":["64MB RAM"],"memory_slot":[],"media_camera":["1MP","640x480"],"media_secondcamera":[],"media_videocapture":["Yes"],"media_videoplayback":["3GP","MP4"],"media_audio":["MP3","MIDI"],"media_other":[],"features":["Call Divert","Call Wait","Caller Id","MMS","SMS","T9","iTap predictive text input","Alarm","Calculator","Calender","Clock","SyncML","Photo-video Editor","Photo Album","Voice Recorder","Games","Wallpapers","Polyphonic","Organizer"],"connectors":["USB"],"general_platform_version":"","general_browser":"","general_browser_version":"","general_language":"","general_platform_version_max":"","general_app":"","general_app_version":"","display_ppi":0,"display_pixel_ratio":"1.0","benchmark_min":0,"benchmark_max":0,"general_app_category":"","general_virtual":0,"display_css_screen_sizes":["128x160"]}}}