{"Device":{"_id":"1440","hd_ops":{"is_generic":0,"stop_on_detect":0,"overlay_result_specs":0},"hd_specs":{"general_vendor":"Samsung","general_model":"GT-I7410","general_platform":"","general_platform_version":"","general_browser":"","general_browser_version":"","general_image":"samsung^gti7410.jpg","general_aliases":[],"general_eusar":"0.72 Head","general_battery":["Li-Ion 1440 mAh"],"general_type":"Mobile","general_cpu":[],"design_formfactor":"Bar","design_dimensions":"111.7 x 56.7 x 17.2","design_weight":"","design_antenna":"Internal","design_keyboard":"Screen","design_softkeys":"","design_sidekeys":[],"display_type":"TFT","display_color":"Yes","display_colors":"262K","display_size":"3.2\"","display_x":"240","display_y":"400","display_other":["Touch"],"memory_internal":["150MB"],"memory_slot":["microSD","microSDHC","16GB"],"network":["GSM900","GSM1800","GSM1900","UMTS2100","Bluetooth 2.1","GPRS Class 10","EDGE Class 10"],"media_camera":["5MP","2592x1944"],"media_secondcamera":["Yes"],"media_videocapture":["QVGA@15fps"],"media_videoplayback":["MPEG4","H.263","H.264"],"media_audio":["MP3","AAC","AAC+","eAAC+","WMA","WAV","RealAudio","AMR","MIDI"],"media_other":["Auto focus","Image stabilizer","Face detection","Smile detection","Digital zoom","Wide Dynamic Range mode","LED Flash"],"features":["Caller groups","Multiple numbers per contact","Picture ID","Ring ID","Calendar","Alarm","To-Do","Document viewer","Calculator","World clock","Stopwatch","Notes","Computer sync","Music ringtones (MP3)","Vibration","Phone profiles","Speakerphone","Voice recording","SMS","MMS","Email","Stereo FM radio","Projector size : Min 5\" ~ Max 50\"","Organizer","Word viewer","Excel viewer","PowerPoint viewer","PDF viewer","Voice memo","Voice dialing","Predictive text input","Games"],"connectors":["USB 2.0"],"general_language":"","general_platform_version_max":"","general_app":"","general_app_version":"","display_ppi":146,"display_pixel_ratio":"1.0","benchmark_min":0,"benchmark_max":0,"general_app_category":"","general_virtual":0,"display_css_screen_sizes":["240x400"]}}}