{"Device":{"_id":"1317","hd_ops":{"is_generic":0,"stop_on_detect":0,"overlay_result_specs":0},"hd_specs":{"general_aliases":[],"display_x":"90","display_y":"40","general_vendor":"Pantech","general_model":"Ice","general_platform":"","general_image":"pantech^ice.jpg","network":["GSM900","GSM1800","GSM1900","UMTS2100","Bluetooth","GPRS Class 10"],"general_type":"Mobile","general_eusar":"","general_battery":["Li-Ion"],"general_cpu":[],"design_formfactor":"Bar","design_dimensions":"118 x 44 x 14","design_weight":"92","design_antenna":"Internal","design_keyboard":"Numeric","design_softkeys":"","design_sidekeys":[],"display_type":"TFT","display_color":"Yes","display_colors":"256K","display_size":"2\"","display_other":[],"memory_internal":["32MB"],"memory_slot":["microSD"],"media_camera":["1.3MP","1280x1024"],"media_secondcamera":["VGA"],"media_videocapture":["Yes"],"media_videoplayback":[],"media_audio":["MP3"],"media_other":[],"features":["SMS","MMS","Games","Predictive text input","Organizer","Stopwatch","Calendar","Alarm"],"connectors":["USB"],"general_platform_version":"","general_browser":"","general_browser_version":"","general_language":"","general_platform_version_max":"","general_app":"","general_app_version":"","display_ppi":49,"display_pixel_ratio":"1.0","benchmark_min":0,"benchmark_max":0,"general_app_category":"","general_virtual":0,"display_css_screen_sizes":["90x40"]}}}