{"Device":{"_id":"1159","hd_ops":{"is_generic":0,"stop_on_detect":0,"overlay_result_specs":0},"hd_specs":{"general_aliases":[],"display_x":"128","display_y":"131","general_vendor":"Sharp","general_model":"Z800","general_platform":"","general_image":"","network":["CDMA800","CDMA1900","AMPS800"],"general_type":"Mobile","general_battery":["Li-Ion 850 mAh"],"general_cpu":[],"design_sidekeys":[],"display_other":[],"memory_internal":[],"memory_slot":[],"media_camera":[],"media_secondcamera":[],"media_videocapture":[],"media_videoplayback":[],"media_audio":["MIDI"],"media_other":[],"features":["300 entries","Picture ID","Ring ID","Alarm","SMS","T9","Computer sync","Polyphonic ringtones (16 voices)","Vibration","Games"],"connectors":[],"design_formfactor":"Clamshell","design_dimensions":"91 x 48 x 28","design_weight":"120","design_antenna":"External","design_keyboard":"Numeric","design_softkeys":"","display_type":"LCD","display_color":"Yes","display_colors":"262K","display_size":"","general_eusar":"","general_platform_version":"","general_browser":"","general_browser_version":"","general_language":"","general_platform_version_max":"","general_app":"","general_app_version":"","display_ppi":0,"display_pixel_ratio":"1.0","benchmark_min":0,"benchmark_max":0,"general_app_category":"","general_virtual":0,"display_css_screen_sizes":["128x131"]}}}