{"Device":{"_id":"1220","hd_ops":{"is_generic":0,"stop_on_detect":0,"overlay_result_specs":0},"hd_specs":{"general_vendor":"Haier","general_model":"V7000","general_platform":"","general_image":"haier^v7000.jpg","general_aliases":[],"general_eusar":"","general_battery":["Li-Ion 620 mAh"],"general_type":"Mobile","general_cpu":[],"design_formfactor":"Clamshell","design_dimensions":"86 x 47 x 22.9","design_weight":"85","design_antenna":"External","design_keyboard":"Numeric","design_softkeys":"","design_sidekeys":[],"display_type":"TFT","display_color":"Yes","display_colors":"65K","display_size":"","display_x":"128","display_y":"160","display_other":["Second External"],"memory_internal":[],"memory_slot":[],"network":["GSM900","GSM1800","GSM1900","GPRS Class 10"],"media_camera":["VGA","640x480"],"media_secondcamera":[],"media_videocapture":[],"media_videoplayback":[],"media_audio":[],"media_other":["LED Flash"],"features":["Screensaver","Downloadable pictures","SMS","MMS","Email","Predictive text input","Calculator","Stopwatch","Alarm","Games"],"connectors":[],"general_platform_version":"","general_browser":"","general_browser_version":"","general_language":"","general_platform_version_max":"","general_app":"","general_app_version":"","display_ppi":0,"display_pixel_ratio":"1.0","benchmark_min":0,"benchmark_max":0,"general_app_category":"","general_virtual":0,"display_css_screen_sizes":["128x160"]}}}