{"Device":{"_id":"1120","hd_ops":{"is_generic":0,"stop_on_detect":0,"overlay_result_specs":0},"hd_specs":{"general_aliases":[],"display_x":"640","display_y":"480","general_vendor":"Nexian","general_model":"NXG777","general_platform":"","general_image":"","network":["GSM900","GSM1800"],"general_type":"Mobile","general_eusar":"","general_battery":["Li-lon"],"general_cpu":[],"design_formfactor":"Slide","design_dimensions":"","design_weight":"","design_antenna":"Internal","design_keyboard":"Numeric","design_softkeys":"2","design_sidekeys":[],"display_type":"TFT","display_color":"Yes","display_colors":"262K","display_size":"2.4\"","display_other":[],"memory_internal":[],"memory_slot":["microSD"],"media_camera":["2MP","1600x1200"],"media_secondcamera":[],"media_videocapture":[],"media_videoplayback":[],"media_audio":["MP3","AAC","AAC+"],"media_other":[],"features":["SMS","MMS","EMS","Email","T9","Calendar","Calculator","Alarms","Voice Memo","Voice Dialing","Voice Command","FM Radio"],"connectors":["3.5mm Audio"],"general_platform_version":"","general_browser":"","general_browser_version":"","general_language":"","general_platform_version_max":"","general_app":"","general_app_version":"","display_ppi":333,"display_pixel_ratio":"1.0","benchmark_min":0,"benchmark_max":0,"general_app_category":"","general_virtual":0,"display_css_screen_sizes":["640x480"]}}}