{"Device":{"_id":"1298","hd_ops":{"is_generic":0,"stop_on_detect":0,"overlay_result_specs":0},"hd_specs":{"general_vendor":"LG","general_model":"KP270","general_platform":"","general_image":"lg^kp270.jpg","general_aliases":[],"general_eusar":"0.26 Head","general_battery":["Li-Ion 900 mAh"],"general_type":"Mobile","general_cpu":[],"design_formfactor":"Slide","design_dimensions":"98 x 48 x 16.9","design_weight":"99","design_antenna":"Internal","design_keyboard":"Numeric","design_softkeys":"2","design_sidekeys":[],"display_type":"TFT","display_color":"Yes","display_colors":"256K","display_size":"2\"","display_x":"176","display_y":"220","display_other":[],"memory_internal":["32MB RAM"],"memory_slot":["microSD","2GB"],"network":["GSM900","GSM1800","GSM1900","UMTS2100","GPRS Class 12","EDGE Class 12","Bluetooth 2.0"],"media_camera":["1.3MP","1280x960"],"media_secondcamera":[],"media_videocapture":["QCIF@15fps"],"media_videoplayback":["MP4","3gp"],"media_audio":["MP3","AAC","AAC+","WMA"],"media_other":[],"features":["Internet Browsing HTML","XHTML","WAP 2.0","1000 entries","Caller groups","Multiple numbers per contact","Picture ID","Ring ID","Calendar","Alarm","To-Do","Calculator","SMS","MMS","T9","Predictive text input","IMAP","POP3","SMTP","Java Midp 2.1","CLDC 1.1","Phonebook","Organizer","Instant Messaging","Games","Advanced Audio Distribution (A2DP)","Audio\/Visual Remote Control Profile (AVRCP)","Basic Printing (BPP)","Dial-up networking (DUN)","File Transfer (FTP)","Generic Access (GAP)","Generic Audio\/Video Distribution (GAVDP)","Handsfree (HFP)","Headset (HSP)","Object Push (OPP)","Serial Port (SPP)","Service Discovery Application (SDAP)","Service Discovery Protocol (SDP)","Computer sync","Music ringtones (MP3)","Polyphonic ringtones (64 voices)","Vibration","Phone profiles","SpeakerphoneVoice recording"],"connectors":["USB 2.0"],"general_platform_version":"","general_browser":"","general_browser_version":"","general_language":"","general_platform_version_max":"","general_app":"","general_app_version":"","display_ppi":141,"display_pixel_ratio":"1.0","benchmark_min":0,"benchmark_max":0,"general_app_category":"","general_virtual":0,"display_css_screen_sizes":["176x220"]}}}