{"Device":{"_id":"1075","hd_ops":{"is_generic":0,"stop_on_detect":0,"overlay_result_specs":0},"hd_specs":{"general_vendor":"Samsung","general_model":"SPH-M620","general_platform":"","general_platform_version":"","general_browser":"","general_browser_version":"","general_image":"samsungsph-m620-1360565191-0.jpg","general_aliases":[],"general_eusar":"","general_battery":["Li-Ion 800 mAh"],"general_type":"Mobile","general_cpu":[],"design_formfactor":"Bar","design_dimensions":"103 x 44 x 9.4","design_weight":"81","design_antenna":"Internal","design_keyboard":"Numeric","design_softkeys":"2","design_sidekeys":[],"display_type":"TFT","display_color":"Yes","display_colors":"262K","display_size":"2.1\"","display_x":"176","display_y":"220","display_other":[],"memory_internal":["20MB"],"memory_slot":["microSD","32GB"],"network":["GSM900","GSM1800","GSM1900","Bluetooth 2.0"],"media_camera":["640x480"],"media_secondcamera":[],"media_videocapture":["Yes"],"media_videoplayback":[],"media_audio":["MP3","WAV","WMA","WMV","AAC+","eAAC+"],"media_other":[],"features":["SMS","MMS","Voice Memo","Organizer","Ringtones","Games","Predictive text input","FM Radio","1000 Phonebook Entries"],"connectors":["USB 2.0"],"general_platform_version_max":"","general_app":"","general_app_version":"","general_language":"","display_ppi":134,"display_pixel_ratio":"1.0","benchmark_min":0,"benchmark_max":0,"general_app_category":"","general_virtual":0,"display_css_screen_sizes":["176x220"]}}}