{"Device":{"_id":"1064","hd_ops":{"is_generic":0,"stop_on_detect":0,"overlay_result_specs":0},"hd_specs":{"general_vendor":"ZTE","general_model":"X761","general_platform":"","general_platform_version":"","general_platform_version_max":"","general_browser":"","general_browser_version":"","general_image":"ztex761-1370577034-0.jpg","general_aliases":["ZTE Indie","Vodafone Indie"],"general_eusar":"","general_battery":["Li-Ion"],"general_type":"Mobile","general_cpu":["None"],"design_formfactor":"Bar","design_dimensions":"88.5 x 52 x 13.5","design_weight":"80","design_antenna":"Internal","design_keyboard":"Screen","design_softkeys":"","design_sidekeys":[],"display_type":"TFT","display_color":"Yes","display_colors":"65K","display_size":"2.4\"","display_x":"240","display_y":"320","display_ppi":167,"display_pixel_ratio":"1.0","display_other":[],"memory_internal":[],"memory_slot":["microSD","2GB"],"network":["GSM850","GSM900","GSM1800","GSM1900","GPRS","Bluetooth"],"media_camera":["1.3MP","1280x1024"],"media_secondcamera":[],"media_videocapture":[],"media_videoplayback":[],"media_audio":[],"media_other":[],"features":["SMS","MMS","Organizer","Voice memo","Predictive text input"],"connectors":["USB"],"benchmark_min":0,"benchmark_max":0,"general_app":"","general_app_version":"","general_app_category":"","general_language":"","general_virtual":0,"display_css_screen_sizes":["240x320"]}}}