{"Device":{"_id":"1342","hd_ops":{"is_generic":0,"stop_on_detect":0,"overlay_result_specs":0},"hd_specs":{"general_vendor":"Samsung","general_model":"SGH-D406","general_platform":"","general_image":"samsung^sghd406.jpg","general_aliases":[],"general_eusar":"","general_battery":["Li-Ion 1000 mAh"],"general_type":"Mobile","general_cpu":[],"design_formfactor":"Clamshell","design_dimensions":"87 x 45.5 x 24","design_weight":"93","design_antenna":"External","design_keyboard":"Numeric","design_softkeys":"2","design_sidekeys":["Volume","Camera"],"display_type":"STN","display_color":"Yes","display_colors":"65K","display_size":"","display_x":"128","display_y":"160","display_other":[],"memory_internal":["22MB"],"memory_slot":[],"network":["GSM850","GSM900","GSM1800","GSM1900","GPRS","EDGE"],"media_camera":["VGA","640x480"],"media_secondcamera":[],"media_videocapture":[],"media_videoplayback":[],"media_audio":[],"media_other":["Digital zoom"],"features":["Multiple numbers per contact","Picture ID","Ring ID","Calculator","Converter","Alarm","To-Do","Calendar","SMS","MMS","E-mail","Games","Service lights","Music ringtones","Polyphonic ringtones","Vibration","Phone profiles","Speakerphone","Voice dialing","Voice commands","Voice recording","TTY\/TDD","Push-to-Talk"],"connectors":[],"general_platform_version":"","general_browser":"","general_browser_version":"","general_language":"","general_platform_version_max":"","general_app":"","general_app_version":"","display_ppi":0,"display_pixel_ratio":"1.0","benchmark_min":0,"benchmark_max":0,"general_app_category":"","general_virtual":0,"display_css_screen_sizes":["128x160"]}}}