{"Device":{"_id":"1294","hd_ops":{"is_generic":0,"stop_on_detect":0,"overlay_result_specs":0},"hd_specs":{"general_aliases":["Motorola Smart Rider"],"display_x":"240","display_y":"320","general_vendor":"Motorola","general_model":"M990","general_platform":"","general_image":"motorola^m990.jpg","network":["GSM900","GSM1800","GSM1900","GPRS","802.11b"],"general_type":"Mobile","general_eusar":"","general_battery":["Li-Ion 930 mAh"],"general_cpu":[],"design_formfactor":"Clamshell","design_dimensions":"99.7 x 61.2 x 24","design_weight":"174","design_antenna":"Internal","design_keyboard":"Numeric","design_softkeys":"","design_sidekeys":[],"display_type":"TFT","display_color":"Yes","display_colors":"65K","display_size":"","display_other":["Resistive","Touch"],"memory_internal":["32MB"],"memory_slot":["SD","MMC"],"media_camera":["1.2MP"],"media_secondcamera":[],"media_videocapture":[],"media_videoplayback":["MPEG"],"media_audio":["MP3","WMA","WAV","AMR","MIDI"],"media_other":[],"features":["Internet Explorer Mobile","HTML","XHTML","WAP 2.0","cHTML","Ring ID","Calendar","Alarm","To-Do","Calculator","Currency converter","Stopwatch","SMS","MMS","IMAP","POP3","SMTP","Windows Live \/ MSN","Games","USB","Computer sync","Infrared","SyncML","Polyphonic ringtones (24 voices)","Vibration","Phone profiles","Speakerphone","Voice dialing","Voice commands","Voice recording"],"connectors":["2.5mm Audio"],"general_platform_version":"","general_browser":"","general_browser_version":"","general_language":"","general_platform_version_max":"","general_app":"","general_app_version":"","display_ppi":0,"display_pixel_ratio":"1.0","benchmark_min":0,"benchmark_max":0,"general_app_category":"","general_virtual":0,"display_css_screen_sizes":["240x320"]}}}