{"Device":{"_id":"1361","hd_ops":{"is_generic":0,"stop_on_detect":0,"overlay_result_specs":0},"hd_specs":{"general_vendor":"Huawei","general_model":"G6620","general_platform":"","general_image":"huawei^g6620.jpg","general_aliases":[],"general_eusar":"","general_battery":["Li-Ion 800 mAh"],"general_type":"Mobile","general_cpu":["None"],"design_formfactor":"Bar","design_dimensions":"108 x 59 x 12","design_weight":"102","design_antenna":"Internal","design_keyboard":"Qwerty","design_softkeys":"","design_sidekeys":[],"display_type":"TFT","display_color":"Yes","display_colors":"256K","display_size":"2.4\"","display_x":"320","display_y":"240","display_other":[],"memory_internal":["6MB"],"memory_slot":["microSD","microSDHC","16GB"],"network":["GSM850","GSM900","GSM1800","GSM1900","GPRS","EDGE","Bluetooth 2.0"],"media_camera":["1.3MP","1280x1024"],"media_secondcamera":["None"],"media_videocapture":[],"media_videoplayback":[],"media_audio":["AAC","AMR"],"media_other":[],"features":["SMS","MMS","Instant Messaging","Organizer","Calculator","Calendar","Clock","Alarms","Received Call","Missed Call","Dialed Call","Predictive Text Input"],"connectors":["USB 2.0"],"general_platform_version":"","general_browser":"","general_browser_version":"","general_language":"","general_platform_version_max":"","general_app":"","general_app_version":"","display_ppi":167,"display_pixel_ratio":"1.0","benchmark_min":0,"benchmark_max":0,"general_app_category":"","general_virtual":0,"display_css_screen_sizes":["320x240"]}}}