{"Device":{"_id":"1434","hd_ops":{"is_generic":0,"stop_on_detect":0,"overlay_result_specs":0},"hd_specs":{"general_aliases":[],"display_x":"240","display_y":"320","general_vendor":"Fly","general_model":"E105","general_platform":"","general_image":"fly^e105.jpg","network":["GSM900","GSM1800","GSM1900","GPRS","Bluetooth 1.2"],"general_type":"Mobile","general_eusar":"","general_battery":["Li-Ion 750 mAh"],"general_cpu":[],"design_formfactor":"Bar","design_dimensions":"96.4 x 52.4 x 12","design_weight":"80","design_antenna":"Internal","design_keyboard":"Screen","design_softkeys":"","design_sidekeys":[],"display_type":"TFT","display_color":"Yes","display_colors":"262K","display_size":"2.4\"","display_other":["Capacitive","Touch"],"memory_internal":["87MB RAM"],"memory_slot":["microSD","microSDHC"],"media_camera":["3.2MP","2048x1536"],"media_secondcamera":[],"media_videocapture":["Yes"],"media_videoplayback":[],"media_audio":["MP3","AAC","AMR","WAV"],"media_other":[],"features":["FM Radio","Polyphony","Games","Call waiting","Conferency","Call forwarding","SMS","EMS","MMS","Dictionary","Watch","Stopwatch","Alarm","Calculator","Organizer","Calendar","Data and fax","Screensaver","Recorder","Vibration Alert"],"connectors":["TV Out","USB"],"general_platform_version":"","general_browser":"","general_browser_version":"","general_language":"","general_platform_version_max":"","general_app":"","general_app_version":"","display_ppi":167,"display_pixel_ratio":"1.0","benchmark_min":0,"benchmark_max":0,"general_app_category":"","general_virtual":0,"display_css_screen_sizes":["240x320"]}}}