{"Device":{"_id":"1194","hd_ops":{"is_generic":0,"stop_on_detect":0,"overlay_result_specs":0},"hd_specs":{"general_vendor":"Nexian","general_model":"NX-G988","general_platform":"","general_platform_version":"","general_browser":"","general_browser_version":"","general_image":"nexiannx-g988-1369976015-0.jpg","general_aliases":[],"general_eusar":"","general_battery":["Li-Ion"],"general_type":"Mobile","general_cpu":[],"design_formfactor":"Bar","design_dimensions":"","design_weight":"","design_antenna":"Internal","design_keyboard":"Qwerty","design_softkeys":"","design_sidekeys":[],"display_type":"LCD","display_color":"Yes","display_colors":"","display_size":"2.3\"","display_x":"240","display_y":"320","display_other":[],"memory_internal":[],"memory_slot":["microSD"],"network":["GSM900","GSM1800","Bluetooth","GPRS"],"media_camera":["2MP","1600x1200"],"media_secondcamera":[],"media_videocapture":["Yes"],"media_videoplayback":["3GP","MP4"],"media_audio":["MP3"],"media_other":[],"features":["Alarm clock","Calendar","Calculator","Speakerphone","Vibration","Voice memo","Voice dialing","Recorder","SMS","MMS","EMS","FM radio","Profile ID","Caller ID","Themes","Games"],"connectors":["USB"],"general_platform_version_max":"","general_app":"","general_app_version":"","general_language":"","display_ppi":174,"display_pixel_ratio":"1.0","benchmark_min":0,"benchmark_max":0,"general_app_category":"","general_virtual":0,"display_css_screen_sizes":["240x320"]}}}