{"Device":{"_id":"139","hd_ops":{"is_generic":0,"stop_on_detect":0,"overlay_result_specs":0},"hd_specs":{"general_vendor":"Elson","general_model":"EL490","general_platform":"","general_image":"","general_aliases":[],"general_eusar":"","general_battery":["Li-Ion 650 mAh"],"general_type":"Mobile","general_cpu":["None"],"design_formfactor":"Bar","design_dimensions":"92 x 50 x 9.20","design_weight":"67","design_antenna":"Internal","design_keyboard":"Numeric","design_softkeys":"","design_sidekeys":[],"display_type":"TFT","display_color":"Yes","display_colors":"256K","display_size":"1.66\"","display_x":"160","display_y":"128","display_other":[],"memory_internal":["64MB RAM"],"memory_slot":["microSD"],"network":["GSM900","GSM1800","GSM1900","GPRS"],"media_camera":["1.3MP","1280x1024"],"media_secondcamera":[],"media_videocapture":[],"media_videoplayback":["MPEG4"],"media_audio":["WAV","AMR"],"media_other":[],"features":["SMS","EMS","MMS","T9","Organizer"],"connectors":["USB"],"general_platform_version":"","general_browser":"","general_browser_version":"","general_language":"","general_platform_version_max":"","general_app":"","general_app_version":"","display_ppi":123,"display_pixel_ratio":"1.0","benchmark_min":0,"benchmark_max":0,"general_app_category":"","general_virtual":0,"display_css_screen_sizes":["160x128"]}}}