{"Device":{"_id":"105","hd_ops":{"is_generic":0,"stop_on_detect":0,"overlay_result_specs":0},"hd_specs":{"general_vendor":"Philips","general_model":"X216","general_platform":"","general_image":"philips^philipsx216.jpg","general_aliases":[],"general_eusar":"","general_battery":["Li-Ion 1050 mAh"],"general_type":"Mobile","general_cpu":[],"design_formfactor":"Clamshell","design_dimensions":"","design_weight":"","design_antenna":"Internal","design_keyboard":"Numeric","design_softkeys":"","design_sidekeys":[],"display_type":"TFT","display_color":"Yes","display_colors":"65K","display_size":"1.8\"","display_x":"128","display_y":"160","display_other":[],"memory_internal":["2MB"],"memory_slot":["microSD","2GB"],"network":["GSM900","GSM1800","GSM1900","GPRS Class 12"],"media_camera":[],"media_secondcamera":[],"media_videocapture":[],"media_videoplayback":[],"media_audio":["MP3","WAV","AAC+"],"media_other":[],"features":["Calendar","Alarm","Flashlight","Calculator","SMS","Games","Music ringtones","Polyphonic ringtones (64 voices)","Vibration","Silent mode","Predictive text input"],"connectors":["MiniUSB","USB 2.0","3.5mm Audio"],"general_platform_version":"","general_browser":"","general_browser_version":"","general_language":"","general_platform_version_max":"","general_app":"","general_app_version":"","display_ppi":114,"display_pixel_ratio":"1.0","benchmark_min":0,"benchmark_max":0,"general_app_category":"","general_virtual":0,"display_css_screen_sizes":["128x160"]}}}