{"Device":{"_id":"1431","hd_ops":{"is_generic":0,"stop_on_detect":0,"overlay_result_specs":0},"hd_specs":{"general_vendor":"Samsung","general_model":"GT-S3650W","general_platform":"","general_platform_version":"","general_browser":"","general_browser_version":"","general_image":"samsunggt-s3650w-1369094667-0.jpg","general_aliases":["Samsung Corby Wifi"],"general_eusar":"0.66","general_battery":["Li-Ion 960 mAh"],"general_type":"Mobile","general_cpu":[],"design_formfactor":"Bar","design_dimensions":"103 x 56.5 x 12","design_weight":"93","design_antenna":"Internal","design_keyboard":"Screen","design_softkeys":"","design_sidekeys":["Volume","Camera"],"display_type":"TFT","display_color":"Yes","display_colors":"262K","display_size":"2.8\"","display_x":"240","display_y":"320","display_other":["Capacitive","Touch"],"memory_internal":["50MB"],"memory_slot":["microSD","microSDHC","8GB"],"network":["GSM850","GSM900","GSM1800","GSM1900","Bluetooth 2.1","802.11b","802.11g","GPRS Class 10","EDGE Class 10"],"media_camera":["2MP","1600x1200"],"media_secondcamera":[],"media_videocapture":["QVGA@15fps"],"media_videoplayback":["MPEG4","H.263"],"media_audio":["MP3","AAC","AAC+","WMA"],"media_other":["Digital zoom","Smile detection"],"features":["2000 entries","Caller groups","Multiple numbers per contact","Picture ID","Ring ID","Calendar","Alarm","To-Do","Calculator","Converter","World clock","Stopwatch","Countdown timer","Memo","Computer sync","Haptic feedback","Music ringtones (MP3)","Polyphonic ringtones (64 voices)","Vibration","Phone profiles","Silent mode","Speakerphone","Accelerometer","Voice recording","Smart unlock","Cartoon\/TouchWiz UI","SMS","MMS","Email","Stereo FM radio with RDS","Social networking integration with live updates","Find Music recognition service","Organizer","Document viewer","Voice memo","Predictive text input","Games"],"connectors":["USB 2.0"],"general_language":"","general_platform_version_max":"","general_app":"","general_app_version":"","display_ppi":143,"display_pixel_ratio":"1.0","benchmark_min":0,"benchmark_max":0,"general_app_category":"","general_virtual":0,"display_css_screen_sizes":["240x320"]}}}