{"Device":{"_id":"1433","hd_ops":{"is_generic":0,"stop_on_detect":0,"overlay_result_specs":0},"hd_specs":{"general_vendor":"Samsung","general_model":"GT-S3650C","general_platform":"","general_image":"samsung^gts3650c.jpg","general_aliases":[],"general_eusar":"","general_battery":["Li-Ion 960 mAh"],"general_type":"Mobile","general_cpu":[],"design_formfactor":"Bar","design_dimensions":"103 x 56.5 x 12","design_weight":"93","design_antenna":"Internal","design_keyboard":"Screen","design_softkeys":"","design_sidekeys":["Volume","Camera"],"display_type":"TFT","display_color":"Yes","display_colors":"262K","display_size":"2.8\"","display_x":"240","display_y":"400","display_other":["Capacitive","Touch","Gorilla Glass"],"memory_internal":["50MB"],"memory_slot":["microSD","microSDHC","8GB"],"network":["GSM850","GSM900","GSM1800","GSM1900","Bluetooth 2.1","GPRS Class 10","EDGE Class 10"],"media_camera":["2MP","1600x1200"],"media_secondcamera":["None"],"media_videocapture":["QVGA@15fps"],"media_videoplayback":["MPEG4","H.263"],"media_audio":["MP3","AAC","AAC+","WMA"],"media_other":["Digital zoom","Smile detection"],"features":["1000 entries","Caller groups","Multiple numbers per contact","Picture ID","Ring ID","Calendar","Alarm","To-Do","Calculator","World clock","Computer sync","Music ringtones (MP3)","Polyphonic ringtones (64 voices)","Vibration","Phone profiles","Speakerphone","Voice recording","Smart unlock","Cartoon UI","SMS","MMS","Email","Stereo FM radio with RDS","Social networking integration with live updates","Find Music recognition service","Organizer","Voice memo","Predictive text input","Games"],"connectors":["USB 2.0"],"general_platform_version":"","general_browser":"","general_browser_version":"","general_language":"","general_platform_version_max":"","general_app":"","general_app_version":"","display_ppi":167,"display_pixel_ratio":"1.0","benchmark_min":0,"benchmark_max":0,"general_app_category":"","general_virtual":0,"display_css_screen_sizes":["240x400"]}}}