{"Device":{"_id":"1160","hd_ops":{"is_generic":0,"stop_on_detect":0,"overlay_result_specs":0},"hd_specs":{"general_vendor":"Fly","general_model":"DS155","general_platform":"","general_platform_version":"","general_browser":"","general_browser_version":"","general_image":"flyds155-1369284938-0.jpg","general_aliases":[],"general_eusar":"","general_battery":["Li-Ion 1200 mAh"],"general_type":"Mobile","general_cpu":["None"],"design_formfactor":"Bar","design_dimensions":"111.30 x 46.80 x 14.80","design_weight":"84","design_antenna":"Internal","design_keyboard":"Numeric","design_softkeys":"","design_sidekeys":[],"display_type":"TFT","display_color":"Yes","display_colors":"64K","display_size":"1.77\"","display_x":"128","display_y":"160","display_other":[],"memory_internal":["9.9MB"],"memory_slot":["microSD","microSDHC","8 GB"],"network":["GSM900","GSM1800","GPRS"],"media_camera":["1MP","320x240"],"media_secondcamera":["None"],"media_videocapture":[],"media_videoplayback":[],"media_audio":["AMR","WAV"],"media_other":[],"features":["SMS","MMS","Organizer"],"connectors":["USB"],"general_language":"","general_platform_version_max":"","general_app":"","general_app_version":"","display_ppi":116,"display_pixel_ratio":"1.0","benchmark_min":0,"benchmark_max":0,"general_app_category":"","general_virtual":0,"display_css_screen_sizes":["128x160"]}}}