{"Device":{"_id":"100","hd_ops":{"is_generic":0,"stop_on_detect":0,"overlay_result_specs":0},"hd_specs":{"general_vendor":"Samsung","general_model":"SGH i505","general_platform":"Palm","general_image":"samsung^sghi505.jpg","general_aliases":[],"general_eusar":"","general_battery":["Li-Ion"],"general_type":"Mobile","general_cpu":["200MHz"],"design_formfactor":"Clamshell","design_dimensions":"91 x 54 x 23","design_weight":"147","design_antenna":"External","design_keyboard":"Numeric","design_softkeys":"2","design_sidekeys":[],"display_type":"TFT","display_color":"Yes","display_colors":"65K","display_size":"","display_x":"162","display_y":"178","display_other":["Second External OLED"],"memory_internal":["32MB RAM","32MB ROM"],"memory_slot":["SD","MMC"],"network":["GSM900","GSM1800","GSM1900","Infrared","GPRS Class 8"],"media_camera":["VGA","640x480"],"media_secondcamera":["None"],"media_videocapture":["Yes"],"media_videoplayback":["None"],"media_audio":[],"media_other":[],"features":["1000 entries","Caller groups","Multiple numbers per contact","Picture ID","Ring ID","Calendar","Alarm","To-Do","Calculator","Memo","Computer sync","Polyphonic ringtones (40 voices)","Vibration","Voice dialing","Voice commands","Voice recording","TTY\/TDD","SMS","MMS","Email","Predictive text input","Voice memo","Organizer","Games"],"connectors":["USB"],"general_platform_version":"5.2.1","general_browser":"","general_browser_version":"","general_language":"","general_platform_version_max":"","general_app":"","general_app_version":"","display_ppi":0,"display_pixel_ratio":"1.0","benchmark_min":0,"benchmark_max":0,"general_app_category":"","general_virtual":0,"display_css_screen_sizes":["162x178"]}}}