{"Device":{"_id":"1022","hd_ops":{"is_generic":0,"stop_on_detect":0,"overlay_result_specs":0},"hd_specs":{"general_vendor":"eTouch","general_model":"X88","general_platform":"","general_platform_version":"","general_browser":"","general_browser_version":"","general_image":"etouchx88-1357231280-0.jpg","general_aliases":[],"general_eusar":"","general_battery":[],"general_type":"Mobile","general_cpu":[],"design_formfactor":"Bar","design_dimensions":"113 X 49 X 12.5","design_weight":"","design_antenna":"Internal","design_keyboard":"Numeric","design_softkeys":"2","design_sidekeys":[],"display_type":"TFT","display_color":"Yes","display_colors":"65K","display_size":"2.4\"","display_x":"480","display_y":"640","display_other":[],"memory_internal":["128MB RAM"],"memory_slot":[],"network":["GSM850","GSM900","GSM1800","GSM1900"],"media_camera":["0.3MP","640x480"],"media_secondcamera":[],"media_videocapture":[],"media_videoplayback":[],"media_audio":[],"media_other":[],"features":["FM Radio"],"connectors":["USB 1.1"],"general_language":"","general_platform_version_max":"","general_app":"","general_app_version":"","display_ppi":333,"display_pixel_ratio":"1.0","benchmark_min":0,"benchmark_max":0,"general_app_category":"","general_virtual":0,"display_css_screen_sizes":["480x640"]}}}