{"Device":{"_id":"1077","hd_ops":{"is_generic":0,"stop_on_detect":0,"overlay_result_specs":0},"hd_specs":{"general_aliases":[],"display_x":"240","display_y":"320","general_vendor":"Nexian","general_model":"NX-G868","general_platform":"","general_image":"","network":["GSM900","GSM1800","Bluetooth","GPRS","EDGE"],"general_type":"Mobile","general_battery":["Li-Ion 950 mAh"],"general_cpu":[],"design_sidekeys":[],"display_other":["Resistive","Touch"],"memory_internal":["24.9MB"],"memory_slot":["microSD"],"media_camera":["2MP","1600x1200"],"media_secondcamera":["None"],"media_videocapture":["Yes"],"media_videoplayback":["None"],"media_audio":[],"media_other":[],"features":["SMS","MMS","FM radio","Nexian Messenger","Nexian Zone","NMC Player","Yahoo Messenger","Yahoo Mobile","Nexian MediaBox","MSN","Skype","Facebook","Twitter","Calendar","Calculator","Alarm","Speakerphone","Games"],"connectors":["USB"],"design_formfactor":"Bar","design_dimensions":"","design_weight":"","design_antenna":"Internal","design_keyboard":"Screen","design_softkeys":"","display_type":"TFT","display_color":"Yes","display_colors":"","display_size":"2.8\"","general_eusar":"","general_platform_version":"","general_browser":"","general_browser_version":"","general_language":"","general_platform_version_max":"","general_app":"","general_app_version":"","display_ppi":143,"display_pixel_ratio":"1.0","benchmark_min":0,"benchmark_max":0,"general_app_category":"","general_virtual":0,"display_css_screen_sizes":["240x320"]}}}