{"Device":{"_id":"1302","hd_ops":{"is_generic":0,"stop_on_detect":0,"overlay_result_specs":0},"hd_specs":{"general_vendor":"ZTE","general_model":"N281","general_platform":"","general_platform_version":"","general_browser":"","general_browser_version":"","general_image":"zten281-1403704007-0.jpg","general_aliases":[],"general_eusar":"","general_battery":["Li-Ion 800 mAh"],"general_type":"Mobile","general_cpu":[],"design_formfactor":"Bar","design_dimensions":"102 x 50 x 12.5","design_weight":"83","design_antenna":"Internal","design_keyboard":"Screen","design_softkeys":"","design_sidekeys":[],"display_type":"TFT","display_color":"Yes","display_colors":"56K","display_size":"2.8\"","display_x":"240","display_y":"400","display_other":["Resistive","Touch"],"memory_internal":[],"memory_slot":["microSD","microSDHC","20GB"],"network":["GSM900","GSM1800","GSM1900","GPRS Class 10","EDGE Class 10","Bluetooth 2.0"],"media_camera":["2MP","1600x1200"],"media_secondcamera":[],"media_videocapture":["Yes"],"media_videoplayback":["Yes"],"media_audio":["MP3","AAC+","WAV","WMA"],"media_other":[],"features":["Calendar","SMS","MMS","Stereo FM radio","Games","Organizer","Voice memo","Predictive text input"],"connectors":["USB"],"general_platform_version_max":"","general_app":"","general_app_version":"","general_language":"","display_ppi":167,"display_pixel_ratio":"1.0","benchmark_min":0,"benchmark_max":0,"general_app_category":"","general_virtual":0,"display_css_screen_sizes":["240x400"]}}}