{"Device":{"_id":"122","hd_ops":{"is_generic":0,"stop_on_detect":0,"overlay_result_specs":0},"hd_specs":{"general_aliases":[],"display_x":"240","display_y":"320","general_vendor":"Tianyu","general_model":"A662","general_platform":"","general_image":"","network":["GSM900","GSM1800","GSM1900","Bluetooth","GPRS"],"general_type":"Mobile","general_battery":["Li-Ion 1300 mAh"],"general_cpu":[],"design_sidekeys":[],"display_other":[],"memory_internal":["87MB RAM"],"memory_slot":["microSD"],"media_camera":["1.5MP","1280x960"],"media_secondcamera":[],"media_videocapture":["Yes"],"media_videoplayback":[],"media_audio":["AAC","AAC+","MP3","MIDI","AMR","WMA","WAV"],"media_other":["Digital zoom","LED Flash"],"features":["Call Wait","Caller Id","MMS","SMS","Picture Messaging","Integrated speakerphone","Multiple languages","T9","Integrated handsfree","Alarm","Calculator","Calendar","Clock","E-Book Reader","Stopwatch","SyncML","To-do-list","Voice Memo","Photo-video Editor","Organiser","Picture Viewer","Photo Album","Audio-Video Album","File Manager","Address","Fm Radio","Games","Screensavers","Shortcut Keys For Volume Control","Streaming Multimedia","Themes","Wallpapers"],"connectors":["USB 2.0","MicroUSB","3.5mm Audio"],"design_formfactor":"Bar","design_dimensions":"","design_weight":"","design_antenna":"Internal","design_keyboard":"Numeric","design_softkeys":"","display_type":"TFT","display_color":"Yes","display_colors":"262K","display_size":"","general_eusar":"","general_platform_version":"","general_browser":"","general_browser_version":"","general_language":"","general_platform_version_max":"","general_app":"","general_app_version":"","display_ppi":0,"display_pixel_ratio":"1.0","benchmark_min":0,"benchmark_max":0,"general_app_category":"","general_virtual":0,"display_css_screen_sizes":["240x320"]}}}