{"Device":{"_id":"1110","hd_ops":{"is_generic":0,"stop_on_detect":0,"overlay_result_specs":0},"hd_specs":{"general_aliases":[],"display_x":"176","display_y":"220","general_vendor":"HEDY","general_model":"H777","general_platform":"","general_image":"","network":["GPRS Class 12","GSM900","GSM1800"],"general_type":"Mobile","general_battery":["Li-Ion 700 mAh"],"general_cpu":[],"design_sidekeys":[],"display_other":[],"memory_internal":[],"memory_slot":["microSD"],"media_camera":["1.3MP","1280x1024"],"media_secondcamera":[],"media_videocapture":[],"media_videoplayback":["MPEG4"],"media_audio":["MP3","ACC"],"media_other":[],"features":["SMS","EMS","MMS","Calendar","Watch","Alarm Clock","Stopwatch","Calculator","Currency converter"],"connectors":[],"design_formfactor":"Bar","design_dimensions":"108 x 42 x 15","design_weight":"70","design_antenna":"Internal","design_keyboard":"Numeric","design_softkeys":"","display_type":"TFT","display_color":"Yes","display_colors":"262K","display_size":"","general_eusar":"","general_platform_version":"","general_browser":"","general_browser_version":"","general_language":"","general_platform_version_max":"","general_app":"","general_app_version":"","display_ppi":0,"display_pixel_ratio":"1.0","benchmark_min":0,"benchmark_max":0,"general_app_category":"","general_virtual":0,"display_css_screen_sizes":["176x220"]}}}