{"Device":{"_id":"1307","hd_ops":{"is_generic":0,"stop_on_detect":0,"overlay_result_specs":0},"hd_specs":{"general_aliases":[],"display_x":"90","display_y":"40","general_vendor":"Nokia","general_model":"3595i","general_platform":"","general_image":"nokia^3595i.gif","network":["GSM850","GSM1900","GPRS"],"general_type":"Mobile","general_eusar":"","general_battery":["Li-Ion 1000 mAh"],"general_cpu":[],"design_formfactor":"Bar","design_dimensions":"118 x 50 x 22","design_weight":"107","design_antenna":"Internal","design_keyboard":"Numeric","design_softkeys":"2","design_sidekeys":[],"display_type":"LCD","display_color":"Yes","display_colors":"4096","display_size":"","display_other":[],"memory_internal":[],"memory_slot":[],"media_camera":[],"media_secondcamera":[],"media_videocapture":[],"media_videoplayback":[],"media_audio":[],"media_other":[],"features":["500 entries","Multiple numbers per contact","Calendar","Alarm","To-Do","Calculator","Converter","SMS","MMS","T9","Predictive text input","Computer sync","SyncML","Vibration","Phone profiles","Voice dialing","TTY\/TDD","Games"],"connectors":[],"general_platform_version":"","general_browser":"","general_browser_version":"","general_language":"","general_platform_version_max":"","general_app":"","general_app_version":"","display_ppi":0,"display_pixel_ratio":"1.0","benchmark_min":0,"benchmark_max":0,"general_app_category":"","general_virtual":0,"display_css_screen_sizes":["90x40"]}}}