{"Device":{"_id":"1441","hd_ops":{"is_generic":0,"stop_on_detect":0,"overlay_result_specs":0},"hd_specs":{"general_vendor":"Samsung","general_model":"GT-M5650U","general_platform":"","general_image":"samsung^gtm5650u.jpg","general_aliases":["Samsung Lindy M5650"],"general_eusar":"0.75 Head","general_battery":["Li-Ion 960 mAh"],"general_type":"Mobile","general_cpu":[],"design_formfactor":"Bar","design_dimensions":"106 x 57 x 12","design_weight":"98","design_antenna":"Internal","design_keyboard":"Screen","design_softkeys":"","design_sidekeys":["Volume","Camera"],"display_type":"TFT","display_color":"Yes","display_colors":"262K","display_size":"2.8\"","display_x":"240","display_y":"320","display_other":["Capacitive","Touch"],"memory_internal":["50MB"],"memory_slot":["microSD","microSDHC","8GB"],"network":["GSM850","GSM900","GSM1800","GSM1900","UMTS1900","UMTS2100","HSDPA1900","HSDPA2100","Bluetooth 2.1","802.11b","802.11g","GPRS Class 10","EDGE Class 10"],"media_camera":["3.15MP","2048x1536"],"media_secondcamera":["Yes"],"media_videocapture":["Yes"],"media_videoplayback":["MPEG4","H.263"],"media_audio":["MP3","AAC","AAC+","WMA"],"media_other":["Digital zoom"],"features":["1000 entries","Caller groups","Multiple numbers per contact","Picture ID","Ring ID","Calendar","Alarm","To-Do","Calculator","World clock","Computer sync","Music ringtones (MP3)","Polyphonic ringtones (64 voices)","Vibration","Phone profiles","Speakerphone","Voice recording","Accelerometer","Smart unlock","Cartoon UI","SMS","MMS","Email","IM","Stereo FM radio with RDS","Social networking integration with live updates","Find Music recognition service","Organizer","Document viewer","Voice memo","Predictive text input","Games"],"connectors":["USB 2.0"],"general_platform_version":"","general_browser":"","general_browser_version":"","general_language":"","general_platform_version_max":"","general_app":"","general_app_version":"","display_ppi":143,"display_pixel_ratio":"1.0","benchmark_min":0,"benchmark_max":0,"general_app_category":"","general_virtual":0,"display_css_screen_sizes":["240x320"]}}}