{"Device":{"_id":"102","hd_ops":{"is_generic":0,"stop_on_detect":0,"overlay_result_specs":0},"hd_specs":{"general_vendor":"Haier","general_model":"V100","general_platform":"","general_image":"haier^v100.jpg","general_aliases":[],"general_eusar":"","general_battery":["Li-Ion 600 mAh"],"general_type":"Mobile","general_cpu":[],"design_formfactor":"Bar","design_dimensions":"106 x 46 x 18.8","design_weight":"90","design_antenna":"Internal","design_keyboard":"Numeric","design_softkeys":"","design_sidekeys":[],"display_type":"","display_color":"Yes","display_colors":"65K","display_size":"","display_x":"128","display_y":"128","display_other":[],"memory_internal":["2MB RAM"],"memory_slot":[],"network":["GSM900","GSM1800","GPRS Class 10"],"media_camera":["CIF","352x288"],"media_secondcamera":[],"media_videocapture":[],"media_videoplayback":[],"media_audio":[],"media_other":[],"features":["Screensaver","Downloadable logos","SMS","MMS","Predictive text input","Calculator","Voice memo","Speakerphone","Vibration","Games"],"connectors":[],"general_platform_version":"","general_browser":"","general_browser_version":"","general_language":"","general_platform_version_max":"","general_app":"","general_app_version":"","display_ppi":0,"display_pixel_ratio":"1.0","benchmark_min":0,"benchmark_max":0,"general_app_category":"","general_virtual":0,"display_css_screen_sizes":["128x128"]}}}