{"Device":{"_id":"1072","hd_ops":{"is_generic":0,"stop_on_detect":0,"overlay_result_specs":0},"hd_specs":{"general_vendor":"Alcatel","general_model":"OT-660","general_platform":"","general_platform_version":"","general_browser":"","general_browser_version":"","general_image":"alcatelot-660-1403258440-0.jpg","general_aliases":[],"general_eusar":"","general_battery":["Li-Ion 750 mAh"],"general_type":"Mobile","general_cpu":[],"design_formfactor":"Clamshell","design_dimensions":"94.3 x 46.2 x 19.4","design_weight":"82","design_antenna":"Internal","design_keyboard":"Numeric","design_softkeys":"2","design_sidekeys":[],"display_type":"TFT","display_color":"Yes","display_colors":"65K","display_size":"1.8\"","display_x":"128","display_y":"160","display_other":[],"memory_internal":["10MB RAM"],"memory_slot":["microSD","2GB"],"network":["GSM900","GSM1800","GSM850","GSM1900","GPRS","Bluetooth 2.0"],"media_camera":["1.3MP","1280x1024"],"media_secondcamera":[],"media_videocapture":[],"media_videoplayback":[],"media_audio":["MP3","AAC","AAC+"],"media_other":[],"features":["SMS","MMS","Organizer","Predictive text input","Alarms","Calculator","FM Radio","Games","Internet Browsing"],"connectors":["USB 2.0"],"general_platform_version_max":"","general_app":"","general_app_version":"","general_language":"","display_ppi":114,"display_pixel_ratio":"1.0","benchmark_min":0,"benchmark_max":0,"general_app_category":"","general_virtual":0,"display_css_screen_sizes":["128x160"]}}}