{"Device":{"_id":"1162","hd_ops":{"is_generic":0,"stop_on_detect":0,"overlay_result_specs":0},"hd_specs":{"general_aliases":[],"display_x":"320","display_y":"240","general_vendor":"Nexian","general_model":"NX-T922","general_platform":"","general_image":"","network":["GSM900","GSM1800","Bluetooth","GPRS"],"general_type":"Mobile","general_battery":["Li-Ion"],"general_cpu":[],"design_sidekeys":[],"display_other":[],"memory_internal":[],"memory_slot":["microSD"],"media_camera":["Immobile"],"media_secondcamera":[],"media_videocapture":["Yes"],"media_videoplayback":[],"media_audio":[],"media_other":[],"features":["Voice calling","SMS","MMS","FM radio","Call records","Facebook","Twitter","Dual SIM","Voice recorder","Analog TV","Chat","Alarm","Calendar","Calculator","Vibration","Speakerphone","Games"],"connectors":["USB","TV Out","2.5mm Audio"],"design_formfactor":"Bar","design_dimensions":"","design_weight":"","design_antenna":"Internal","design_keyboard":"Qwerty","design_softkeys":"","display_type":"LCD","display_color":"Yes","display_colors":"","display_size":"","general_eusar":"","general_platform_version":"","general_browser":"","general_browser_version":"","general_language":"","general_platform_version_max":"","general_app":"","general_app_version":"","display_ppi":0,"display_pixel_ratio":"1.0","benchmark_min":0,"benchmark_max":0,"general_app_category":"","general_virtual":0,"display_css_screen_sizes":["320x240"]}}}