{"Device":{"_id":"1174","hd_ops":{"is_generic":0,"stop_on_detect":0,"overlay_result_specs":0},"hd_specs":{"general_aliases":[],"display_x":"176","display_y":"220","general_vendor":"Zonda","general_model":"ZMCK740","general_platform":"","general_image":"","network":["GSM850","GSM1900","Bluetooth"],"general_type":"Mobile","general_battery":["Li-Ion"],"general_cpu":[],"design_sidekeys":[],"display_other":[],"memory_internal":["1MB"],"memory_slot":["microSD","8GB"],"media_camera":["VGA","640x480"],"media_secondcamera":[],"media_videocapture":["Yes"],"media_videoplayback":["3GP"],"media_audio":["MP3"],"media_other":[],"features":["Alarm clock","Calendar","Calculator","Speakerphone","Vibration","SMS","MMS","Email","Predictive text input","Voice memo","Voice dialing","Games"],"connectors":["USB"],"design_formfactor":"Bar","design_dimensions":"112 x 60 x 14.2","design_weight":"72","design_antenna":"Internal","design_keyboard":"Qwerty","design_softkeys":"","display_type":"TFT","display_color":"Yes","display_colors":"262K","display_size":"","general_eusar":"","general_platform_version":"","general_browser":"","general_browser_version":"","general_language":"","general_platform_version_max":"","general_app":"","general_app_version":"","display_ppi":0,"display_pixel_ratio":"1.0","benchmark_min":0,"benchmark_max":0,"general_app_category":"","general_virtual":0,"display_css_screen_sizes":["176x220"]}}}