{"Device":{"_id":"1292","hd_ops":{"is_generic":0,"stop_on_detect":0,"overlay_result_specs":0},"hd_specs":{"general_vendor":"KCM","general_model":"N110","general_platform":"","general_platform_version":"","general_platform_version_max":"","general_browser":"","general_browser_version":"","general_image":"","general_aliases":[],"general_eusar":"","general_battery":["Li-Ion 520 mAh"],"general_type":"Mobile","general_cpu":[],"design_formfactor":"Bar","design_dimensions":"107 x 49 x 8.9","design_weight":"71","design_antenna":"Internal","design_keyboard":"Numeric","design_softkeys":"","design_sidekeys":[],"display_type":"TFT","display_color":"Yes","display_colors":"262K","display_size":"1.9\"","display_x":"176","display_y":"220","display_ppi":148,"display_pixel_ratio":"1.0","display_other":[],"memory_internal":["512MB RAM","64MB"],"memory_slot":["microSD","microSDHC"],"network":["GSM850","GSM900","GSM1800","GSM1900","GPRS","EDGE"],"media_camera":["2MP","1600x1200"],"media_secondcamera":[],"media_videocapture":["Yes"],"media_videoplayback":["MPEG4"],"media_audio":["MP3"],"media_other":["Digital zoom"],"features":["500 entries","Alarm clock","Calendar","Calculator","Organizer","Speakerphone","Vibration","Currency converter","Stopwatch","Voice memo","Voice dialing","Predictive text input","SMS","MMS","Games"],"connectors":["USB"],"benchmark_min":0,"benchmark_max":0,"general_app":"","general_app_version":"","general_app_category":"","general_language":"","general_virtual":0,"display_css_screen_sizes":["176x220"]}}}