{"Device":{"_id":"1371","hd_ops":{"is_generic":0,"stop_on_detect":0,"overlay_result_specs":0},"hd_specs":{"general_vendor":"LG","general_model":"C100","general_platform":"","general_image":"lg^lgc100.jpg","general_aliases":["LG Nelson","LG Wink C100","LG 500G"],"general_eusar":"","general_battery":["Li-Ion 950 mAh"],"general_type":"Mobile","general_cpu":["ARM11"],"design_formfactor":"Bar","design_dimensions":"114.5 x 59.6 x 13","design_weight":"94","design_antenna":"Internal","design_keyboard":"Qwerty","design_softkeys":"","design_sidekeys":[],"display_type":"TFT","display_color":"Yes","display_colors":"262K","display_size":"2.2\"","display_x":"176","display_y":"220","display_other":[],"memory_internal":["7MB","16MB RAM"],"memory_slot":["microSD","4GB"],"network":["GSM850","GSM900","GSM1800","GSM1900","Bluetooth 2.1","GPRS Class 12","EDGE Class 10"],"media_camera":["1.3MP","1280x1024"],"media_secondcamera":["None"],"media_videocapture":["QCIF@15fps"],"media_videoplayback":["MPEG4","3GP","3GPP"],"media_audio":["MP3","AAC","WMA","WAV","RealAudio","M4A","AMR","MIDI"],"media_other":["Digital zoom","Mirror"],"features":["Computer sync","SMS","MMS","Email","IM","FM radio","FM recording","Social networking integration","Facebook","Twitter apps","MSN Messenger","Weather widget","Organizer","Voice memo","Games"],"connectors":["USB 2.0","MicroUSB"],"general_platform_version":"","general_browser":"","general_browser_version":"","general_language":"","general_platform_version_max":"","general_app":"","general_app_version":"","display_ppi":128,"display_pixel_ratio":"1.0","benchmark_min":0,"benchmark_max":0,"general_app_category":"","general_virtual":0,"display_css_screen_sizes":["176x220"]}}}