{"Device":{"_id":"13033","hd_ops":{"is_generic":0,"stop_on_detect":0,"overlay_result_specs":0},"hd_specs":{"general_vendor":"BenQ","general_model":"Athena S830C","general_platform":"","general_aliases":[],"display_x":"128","display_y":"160","general_type":"Mobile","general_battery":["Li-Ion 700 mAh"],"general_cpu":[],"design_sidekeys":[],"display_other":["Second External Mono"],"memory_internal":[],"memory_slot":[],"network":["GSM900","GSM1800","GPRS Class 10"],"media_camera":[],"media_secondcamera":[],"media_videocapture":[],"media_videoplayback":[],"media_audio":[],"media_other":[],"features":["Caller Id","EMS","MMS","SMS","T9","Calculator","Clock","SyncML","Organizer","Games"],"connectors":[],"general_image":"","design_formfactor":"Clamshell","design_dimensions":"87.5 x 44.9 x 20.7","design_weight":"98","design_antenna":"External","design_keyboard":"Numeric","design_softkeys":"","display_type":"CSTN","display_color":"Yes","display_colors":"4096","display_size":"","general_eusar":"","general_platform_version":"","general_browser":"","general_browser_version":"","general_language":"","general_platform_version_max":"","general_app":"","general_app_version":"","display_ppi":0,"display_pixel_ratio":"1.0","benchmark_min":0,"benchmark_max":0,"general_app_category":"","general_virtual":0,"display_css_screen_sizes":["128x160"]}}}