{"Device":{"_id":"1175","hd_ops":{"is_generic":0,"stop_on_detect":0,"overlay_result_specs":0},"hd_specs":{"general_aliases":[],"display_x":"128","display_y":"128","general_vendor":"Zonda","general_model":"ZMTN615","general_platform":"","general_image":"","network":["Bluetooth","GSM","GPRS"],"general_type":"Mobile","general_battery":["Li-Ion"],"general_cpu":[],"design_sidekeys":[],"display_other":[],"memory_internal":[],"memory_slot":["microSD","8GB"],"media_camera":["Yes"],"media_secondcamera":[],"media_videocapture":["Yes"],"media_videoplayback":["Yes"],"media_audio":["MP3"],"media_other":[],"features":["SMS","Calendar","Alarm","Calculator","Clock","Predictive Text Input","Games"],"connectors":["USB"],"design_formfactor":"Bar","design_dimensions":"101 x 45 x 12","design_weight":"","design_antenna":"Internal","design_keyboard":"Numeric","design_softkeys":"","display_type":"","display_color":"Yes","display_colors":"","display_size":"1.4\"","general_eusar":"","general_platform_version":"","general_browser":"","general_browser_version":"","general_language":"","general_platform_version_max":"","general_app":"","general_app_version":"","display_ppi":129,"display_pixel_ratio":"1.0","benchmark_min":0,"benchmark_max":0,"general_app_category":"","general_virtual":0,"display_css_screen_sizes":["128x128"]}}}