{"Device":{"_id":"1027","hd_ops":{"is_generic":0,"stop_on_detect":0,"overlay_result_specs":0},"hd_specs":{"general_aliases":[],"display_x":"240","display_y":"320","general_vendor":"Tianyu","general_model":"A630","general_platform":"","general_image":"pending.png","network":["GPRS","Bluetooth","GSM800","GSM900"],"general_type":"Mobile","general_eusar":"","general_battery":["Li-lon"],"general_cpu":[],"design_formfactor":"Slide","design_dimensions":"88 x 46 x 20","design_weight":"70","design_antenna":"Internal","design_keyboard":"Numeric","design_softkeys":"2","design_sidekeys":[],"display_type":"TFT","display_color":"Yes","display_colors":"262K","display_size":"2.4\"","display_other":[],"memory_internal":["2GB"],"memory_slot":[],"media_camera":["VGA","640x480"],"media_secondcamera":[],"media_videocapture":["Yes"],"media_videoplayback":["3GP","MPEG4","AVI"],"media_audio":["MP3","WMA","WAV","AMR","AWB"],"media_other":[],"features":["Internet Browsing WAP 2.0","SMS","MMS","Call Received","Call Dialled","Missed Call","500 Entries Phonebook Capacity","Language","Keyboard","Handwrite","User manual","Included Accessories","Wired stereo earphones with built-in MIC and clip","Rechargeable Li-ion battery","Phone to USB cable"],"connectors":["USB"],"general_platform_version":"","general_browser":"","general_browser_version":"","general_language":"","general_platform_version_max":"","general_app":"","general_app_version":"","display_ppi":167,"display_pixel_ratio":"1.0","benchmark_min":0,"benchmark_max":0,"general_app_category":"","general_virtual":0,"display_css_screen_sizes":["240x320"]}}}