{"Device":{"_id":"140","hd_ops":{"is_generic":0,"stop_on_detect":0,"overlay_result_specs":0},"hd_specs":{"general_vendor":"Haier","general_model":"M1000","general_platform":"","general_image":"haier^m1000.jpg","general_aliases":[],"general_eusar":"","general_battery":["Li-Ion 560 mAh"],"general_type":"Mobile","general_cpu":[],"design_formfactor":"Clamshell","design_dimensions":"81.9 x 44.6 x 18.8","design_weight":"80","design_antenna":"Internal","design_keyboard":"Numeric","design_softkeys":"","design_sidekeys":[],"display_type":"CSTN","display_color":"Yes","display_colors":"65K","display_size":"1.8\"","display_x":"128","display_y":"160","display_other":[],"memory_internal":[],"memory_slot":[],"network":["GSM900","GSM1800","GPRS Class 10"],"media_camera":[],"media_secondcamera":[],"media_videocapture":[],"media_videoplayback":[],"media_audio":["MP3"],"media_other":[],"features":["500 entries","SMS","MMS","T9","Predictive text input","Service lights","Polyphonic ringtones (64 voices)","Vibration","Bio-rhythm","Phone Book Easy Search","PC Sync","Organizer","Games"],"connectors":["USB"],"general_platform_version":"","general_browser":"","general_browser_version":"","general_language":"","general_platform_version_max":"","general_app":"","general_app_version":"","display_ppi":114,"display_pixel_ratio":"1.0","benchmark_min":0,"benchmark_max":0,"general_app_category":"","general_virtual":0,"display_css_screen_sizes":["128x160"]}}}