{"Device":{"_id":"1354","hd_ops":{"is_generic":0,"stop_on_detect":0,"overlay_result_specs":0},"hd_specs":{"general_vendor":"Nexian","general_model":"NX-G801","general_platform":"","general_platform_version":"","general_browser":"","general_browser_version":"","general_image":"nexiannx-g801-1369975758-0.jpg","general_aliases":[],"general_eusar":"","general_battery":["Li-Ion 1000 mAh"],"general_type":"Mobile","general_cpu":[],"design_formfactor":"Bar","design_dimensions":"62 x 114 x 12","design_weight":"125","design_antenna":"Internal","design_keyboard":"Qwerty","design_softkeys":"","design_sidekeys":[],"display_type":"TFT","display_color":"Yes","display_colors":"262K","display_size":"2.2\"","display_x":"240","display_y":"320","display_other":[],"memory_internal":["25MB RAM"],"memory_slot":["microSD"],"network":["GSM900","GSM1800","EDGE Class 12","GPRS Class 12"],"media_camera":["2MP","1600x1200"],"media_secondcamera":[],"media_videocapture":[],"media_videoplayback":["MP4","3GP"],"media_audio":["MP3","AAC"],"media_other":["Digital zoom","Night Mode"],"features":["Chatting Applications (Yahoo","Skype","MSN","Google Talk and eBuddy)","Facebook","Caller ID","Profile ID","Email","MMS","SMS","FM Radio","Phonebook 1000","Predictive Text Entry"],"connectors":["USB"],"general_platform_version_max":"","general_app":"","general_app_version":"","general_language":"","display_ppi":182,"display_pixel_ratio":"1.0","benchmark_min":0,"benchmark_max":0,"general_app_category":"","general_virtual":0,"display_css_screen_sizes":["240x320"]}}}