{"Device":{"_id":"1339","hd_ops":{"is_generic":0,"stop_on_detect":0,"overlay_result_specs":0},"hd_specs":{"general_aliases":[],"display_x":"176","display_y":"220","general_vendor":"Voxtel","general_model":"RX600","general_platform":"","general_image":"","network":["GSM900","GSM1800","GSM1900","GPRS Class 10","Bluetooth 1.2"],"general_type":"Mobile","general_eusar":"","general_battery":["Li-Ion 660 mAh"],"general_cpu":[],"design_formfactor":"Bar","design_dimensions":"103 x 43 x 17","design_weight":"75","design_antenna":"Internal","design_keyboard":"Numeric","design_softkeys":"2","design_sidekeys":[],"display_type":"TFT","display_color":"Yes","display_colors":"262K","display_size":"","display_other":[],"memory_internal":["64MB RAM"],"memory_slot":["microSD"],"media_camera":["1.3MP","1280x960"],"media_secondcamera":[],"media_videocapture":["Yes"],"media_videoplayback":[],"media_audio":["MP3","MP4"],"media_other":[],"features":["Alarm","Calculator","Calendar","Unit Converter","Stopwatch","Games","Screen Savers","Wallpapers","EMS","MMS","SMS","Email","To-Do List","Phonebook","Photo album","Photo editor","Photo phonebook"],"connectors":["USB"],"general_platform_version":"","general_browser":"","general_browser_version":"","general_language":"","general_platform_version_max":"","general_app":"","general_app_version":"","display_ppi":0,"display_pixel_ratio":"1.0","benchmark_min":0,"benchmark_max":0,"general_app_category":"","general_virtual":0,"display_css_screen_sizes":["176x220"]}}}