{"Device":{"_id":"1044","hd_ops":{"is_generic":0,"stop_on_detect":0,"overlay_result_specs":0},"hd_specs":{"general_vendor":"Skyworth","general_model":"T650","general_platform":"","general_platform_version":"","general_browser":"","general_browser_version":"","general_image":"skywortht650-1360554724-0.jpg","general_aliases":[],"general_eusar":"","general_battery":["Li-lon"],"general_type":"Mobile","general_cpu":[],"design_formfactor":"Bar","design_dimensions":"107 x 48 x 10.5","design_weight":"","design_antenna":"Internal","design_keyboard":"Numeric","design_softkeys":"2","design_sidekeys":[],"display_type":"TFT","display_color":"Yes","display_colors":"262K","display_size":"2.2\"","display_x":"240","display_y":"320","display_other":[],"memory_internal":["64MB"],"memory_slot":["microSD","TransFlash"],"network":["GSM900","GSM1800","GSM1900","Bluetooth","GPRS Class 12","EDGE"],"media_camera":["3.0MP"],"media_secondcamera":[],"media_videocapture":["Yes"],"media_videoplayback":["MPEG4"],"media_audio":["MP3"],"media_other":["Digital zoom"],"features":["500 entries","Alarm clock","Calculator","Calendar","Organizer","Speakerphone","Vibration","Voice memo","Voice dialing","Predictive text input","SMS","MMS","Email","Currency converter","Stopwatch","Games"],"connectors":["USB"],"general_language":"","general_platform_version_max":"","general_app":"","general_app_version":"","display_ppi":182,"display_pixel_ratio":"1.0","benchmark_min":0,"benchmark_max":0,"general_app_category":"","general_virtual":0,"display_css_screen_sizes":["240x320"]}}}