{"Device":{"_id":"11","hd_ops":{"is_generic":0,"stop_on_detect":0,"overlay_result_specs":0},"hd_specs":{"general_vendor":"Samsung","general_model":"MM-A700","general_platform":"","general_image":"samsung^mma700.jpg","general_aliases":[],"general_eusar":"","general_battery":["Li-Ion"],"general_type":"Mobile","general_cpu":[],"design_formfactor":"Clamshell","design_dimensions":"88.9 x 50.8 x 24.4","design_weight":"119","design_antenna":"External","design_keyboard":"Numeric","design_softkeys":"2","design_sidekeys":[],"display_type":"TFT","display_color":"No","display_colors":"262K","display_size":"","display_x":"176","display_y":"220","display_other":["Second External TFT"],"memory_internal":[],"memory_slot":[],"network":["CDMA800","CDMA1900","AMPS800"],"media_camera":["1MP"],"media_secondcamera":[],"media_videocapture":["Yes"],"media_videoplayback":[],"media_audio":[],"media_other":["Auto focus","Digital zoom","Frames","Self-timer","LED Flash"],"features":["500 entries","Caller groups","Multiple numbers per contact","Picture ID","Ring ID","Calendar","Alarm","To-Do","Calculator","Stopwatch","SMS","MMS","T9","Predictive text input","Polyphonic ringtones (64 voices)","Vibration","Voice dialing","Voice commands","Voice recording","TTY\/TDD","Games"],"connectors":[],"general_platform_version":"","general_browser":"","general_browser_version":"","general_language":"","general_platform_version_max":"","general_app":"","general_app_version":"","display_ppi":0,"display_pixel_ratio":"1.0","benchmark_min":0,"benchmark_max":0,"general_app_category":"","general_virtual":0,"display_css_screen_sizes":["176x220"]}}}