{"Device":{"_id":"1126","hd_ops":{"is_generic":0,"stop_on_detect":0,"overlay_result_specs":0},"hd_specs":{"general_vendor":"SonyEricsson","general_model":"CMD-Z5","general_platform":"","general_platform_version":"","general_browser":"","general_browser_version":"","general_image":"sonyericssoncmd-z5-1357235551-0.jpg","general_aliases":[],"general_eusar":"","general_battery":["Li-Ion 500 mAh"],"general_type":"Mobile","general_cpu":[],"design_formfactor":"Swivel","design_dimensions":"88 x 49 x 21","design_weight":"82","design_antenna":"External","design_keyboard":"Numeric","design_softkeys":"","design_sidekeys":[],"display_type":"Grayscale","display_color":"No","display_colors":"","display_size":"","display_x":"96","display_y":"72","display_other":["Advanced Jog Dial"],"memory_internal":[],"memory_slot":[],"network":["GSM900","GSM1800"],"media_camera":[],"media_secondcamera":[],"media_videocapture":[],"media_videoplayback":[],"media_audio":[],"media_other":[],"features":[],"connectors":[],"general_language":"","general_platform_version_max":"","general_app":"","general_app_version":"","display_ppi":0,"display_pixel_ratio":"1.0","benchmark_min":0,"benchmark_max":0,"general_app_category":"","general_virtual":0,"display_css_screen_sizes":["96x72"]}}}