{"Device":{"_id":"13026","hd_ops":{"is_generic":0,"stop_on_detect":0,"overlay_result_specs":0},"hd_specs":{"general_vendor":"BenQ","general_model":"Nike1 S660C","general_platform":"","general_aliases":[],"display_x":"128","display_y":"109","general_type":"Mobile","general_battery":["Li-Ion"],"general_cpu":[],"design_sidekeys":[],"display_other":["Second External"],"memory_internal":[],"memory_slot":[],"network":["GSM900","GSM1800","GSM1900","GPRS Class 6"],"media_camera":[],"media_secondcamera":[],"media_videocapture":[],"media_videoplayback":[],"media_audio":[],"media_other":[],"features":["500 entries","Caller groups","Multiple numbers per contact","Picture ID","Calendar","Alarm","To-Do","Calculator","Currency converter","Stopwatch","Countdown timer","Notes","Polyphonic ringtones (40 voices)","Vibration","Phone profiles","Voice dialing","Voice recording","Wallpapers","Downloadable pictures","SMS","EMS","iTap","Voice memo","Organizer","Games"],"connectors":[],"general_image":"","design_formfactor":"Clamshell","design_dimensions":"81 x 44 x 21","design_weight":"75","design_antenna":"External","design_keyboard":"Numeric","design_softkeys":"2","display_type":"STN","display_color":"Yes","display_colors":"65K","display_size":"1.5\"","general_eusar":"","general_platform_version":"","general_browser":"","general_browser_version":"","general_language":"","general_platform_version_max":"","general_app":"","general_app_version":"","display_ppi":112,"display_pixel_ratio":"1.0","benchmark_min":0,"benchmark_max":0,"general_app_category":"","general_virtual":0,"display_css_screen_sizes":["128x109"]}}}