{"Device":{"_id":"1036","hd_ops":{"is_generic":0,"stop_on_detect":0,"overlay_result_specs":0},"hd_specs":{"general_aliases":[],"display_x":"240","display_y":"320","general_vendor":"Tecno","general_model":"X850","general_platform":"","general_image":"","network":["GSM850","GSM900","GSM1800","GSM1900","UMTS2100","HSDPA900","HSDPA2100","Bluetooth 2.0","802.11b","802.11g","GPRS","EDGE"],"general_type":"Mobile","general_battery":["Li-Ion 1100 mAh"],"general_cpu":["ARM11","600MHz"],"design_sidekeys":[],"display_other":["Resistive","Touch"],"memory_internal":["256MB RAM","256MB ROM"],"memory_slot":["microSD","8GB"],"media_camera":["3.15MP","2048x1536"],"media_secondcamera":[],"media_videocapture":["Yes"],"media_videoplayback":["MP4","H.264","H.263"],"media_audio":["MP3","WAV","eAAC+"],"media_other":["Auto focus"],"features":["Unlimited entries","Caller groups","Multiple numbers per contact","Search by both first and last name","Picture ID","Ring ID","Calendar","Alarm","Calculator","Computer sync","OTA sync","Music ringtones (MP3)","Polyphonic ringtones","Vibration","Flight mode","Silent mode","Speakerphone","Voice recording","SMS","Threaded viewer","MMS","Email","IM","Stereo FM radio with RDS","Organizer","Document viewer","Word viewer","Excel viewer","PowerPoint viewer","PDF viewer","Google Search","Maps","Gmail","YouTube","Voice memo","Predictive text input","Games"],"connectors":["USB 2.0","MicroUSB","3.5mm Audio"],"design_formfactor":"Bar","design_dimensions":"102 x 55 x 14.5","design_weight":"100","design_antenna":"Internal","design_keyboard":"Screen","design_softkeys":"","display_type":"TFT","display_color":"Yes","display_colors":"262K","display_size":"2.8\"","general_platform_version":"","general_browser":"","general_browser_version":"","general_eusar":"","general_language":"","general_platform_version_max":"","general_app":"","general_app_version":"","display_ppi":143,"display_pixel_ratio":"1.0","benchmark_min":0,"benchmark_max":0,"general_app_category":"","general_virtual":0,"display_css_screen_sizes":["240x320"]}}}