{"Device":{"_id":"1130","hd_ops":{"is_generic":0,"stop_on_detect":0,"overlay_result_specs":0},"hd_specs":{"general_vendor":"Nexian","general_model":"NX-G821","general_platform":"","general_platform_version":"","general_browser":"","general_browser_version":"","general_image":"nexiannx-g821-1369975806-1.jpg","general_aliases":[],"general_eusar":"","general_battery":["Li-Ion"],"general_type":"Mobile","general_cpu":[],"design_formfactor":"Bar","design_dimensions":"62 x 114 x 12","design_weight":"","design_antenna":"Internal","design_keyboard":"Qwerty","design_softkeys":"","design_sidekeys":[],"display_type":"TFT","display_color":"Yes","display_colors":"","display_size":"2.2\"","display_x":"320","display_y":"240","display_other":[],"memory_internal":[],"memory_slot":["microSD"],"network":["GSM900","GSM1800","EDGE","Bluetooth"],"media_camera":["2MP","1600x1200"],"media_secondcamera":["None"],"media_videocapture":[],"media_videoplayback":["MP4","3GP"],"media_audio":["MP3"],"media_other":[],"features":["SMS","Email","MMS","Push-To-Talk","Games","Predictive Text Entry","Yahoo","Skype","MSN","Google Talk and eBuddy","Nexian Messenger (NxM)","Caller ID","Profile ID"],"connectors":["USB"],"general_platform_version_max":"","general_app":"","general_app_version":"","general_language":"","display_ppi":182,"display_pixel_ratio":"1.0","benchmark_min":0,"benchmark_max":0,"general_app_category":"","general_virtual":0,"display_css_screen_sizes":["320x240"]}}}