{"Device":{"_id":"143","hd_ops":{"is_generic":0,"stop_on_detect":0,"overlay_result_specs":0},"hd_specs":{"general_vendor":"Asus","general_model":"J101","general_platform":"","general_image":"asus^j101.jpg","general_aliases":[],"general_eusar":"","general_battery":["Li-Ion 650 mAh"],"general_type":"Mobile","general_cpu":["None"],"design_formfactor":"Clamshell","design_dimensions":"82 x 40 x 20.50","design_weight":"78","design_antenna":"Internal","design_keyboard":"Numeric","design_softkeys":"","design_sidekeys":[],"display_type":"TFT","display_color":"Yes","display_colors":"","display_size":"1.8\"","display_x":"90","display_y":"40","display_other":["Second External"],"memory_internal":[],"memory_slot":[],"network":["GSM900","GSM1800","GPRS"],"media_camera":["VGA","640x480"],"media_secondcamera":[],"media_videocapture":[],"media_videoplayback":[],"media_audio":[],"media_other":[],"features":["SMS","MMS","T9","Organizer","Calendar","Calculator","Games"],"connectors":["USB"],"general_platform_version":"","general_browser":"","general_browser_version":"","general_language":"","general_platform_version_max":"","general_app":"","general_app_version":"","display_ppi":55,"display_pixel_ratio":"1.0","benchmark_min":0,"benchmark_max":0,"general_app_category":"","general_virtual":0,"display_css_screen_sizes":["90x40"]}}}