{"Device":{"_id":"1165","hd_ops":{"is_generic":0,"stop_on_detect":0,"overlay_result_specs":0},"hd_specs":{"general_aliases":[],"display_x":"240","display_y":"320","general_vendor":"Motorola","general_model":"Q-UMTS","general_platform":"","general_image":"motorola^qumts.jpg","network":["GSM850","GSM900","GSM1800","GSM1900","Bluetooth 1.2","GPRS Class 10","EDGE Class 10"],"general_type":"Mobile","general_eusar":"","general_battery":["Li-Ion 1170 mAh"],"general_cpu":[],"design_formfactor":"Bar","design_dimensions":"116 x 64 x 11.5","design_weight":"115","design_antenna":"Internal","design_keyboard":"Qwerty","design_softkeys":"2","design_sidekeys":[],"display_type":"TFT","display_color":"Yes","display_colors":"65K","display_size":"2.4\"","display_other":[],"memory_internal":["40MB"],"memory_slot":["miniSDIO","128MB"],"media_camera":["1.3MP","1280x960"],"media_secondcamera":[],"media_videocapture":["Yes"],"media_videoplayback":["MPEG4","H.263","WMV"],"media_audio":["MP3","AAC","WMA","WAV","MIDI"],"media_other":["LED Flash"],"features":["Unlimited entries","Multiple numbers per contact","Picture ID","Ring ID","Calendar","Alarm","To-Do","Calculator","Notes","Voice memo","Voice dial","Games","SMS","MMS","Email","QWERTY keyboard","5-way navigation button","Downloadable wallpaper and screensavers","Music ringtones","Vibration","Phone profiles","SpeakerphoneVoice dialing","Voice commands","Voice recording"],"connectors":["USB","2.5mm Audio"],"general_platform_version":"","general_browser":"","general_browser_version":"","general_language":"","general_platform_version_max":"","general_app":"","general_app_version":"","display_ppi":167,"display_pixel_ratio":"1.0","benchmark_min":0,"benchmark_max":0,"general_app_category":"","general_virtual":0,"display_css_screen_sizes":["240x320"]}}}