{"Device":{"_id":"1384","hd_ops":{"is_generic":0,"stop_on_detect":0,"overlay_result_specs":0},"hd_specs":{"general_vendor":"LG","general_model":"G4011","general_platform":"","general_image":"lg^g4011.jpeg","general_aliases":["LG G4010"],"general_eusar":"","general_battery":["Li-Ion 740 mAh"],"general_type":"Mobile","general_cpu":[],"design_formfactor":"Clamshell","design_dimensions":"82 x 45 x 21","design_weight":"79","design_antenna":"External","design_keyboard":"Numeric","design_softkeys":"2","design_sidekeys":[],"display_type":"Grayscale","display_color":"Yes","display_colors":"","display_size":"","display_x":"128","display_y":"128","display_other":[],"memory_internal":[],"memory_slot":[],"network":["GSM850","GSM1900"],"media_camera":[],"media_secondcamera":[],"media_videocapture":[],"media_videoplayback":[],"media_audio":[],"media_other":[],"features":["100 entries","Multiple numbers per contact","Ring ID","Calendar","Alarm","Calculator","Unit converter","SMS","Predictive text input","T9","Polyphonic ringtones (40 voices)","Vibration","TTY\/TDD","Games"],"connectors":[],"general_platform_version":"","general_browser":"","general_browser_version":"","general_language":"","general_platform_version_max":"","general_app":"","general_app_version":"","display_ppi":0,"display_pixel_ratio":"1.0","benchmark_min":0,"benchmark_max":0,"general_app_category":"","general_virtual":0,"display_css_screen_sizes":["128x128"]}}}