{"Device":{"_id":"1002","hd_ops":{"is_generic":0,"stop_on_detect":0,"overlay_result_specs":0},"hd_specs":{"general_vendor":"DBTEL","general_model":"D5","general_platform":"","general_platform_version":"","general_platform_version_max":"","general_browser":"","general_browser_version":"","general_image":"dbteld5-1359532655-0.jpg","general_aliases":[],"general_eusar":"","general_battery":["Li-Ion 550 mAh"],"general_type":"Mobile","general_cpu":[],"design_formfactor":"Clamshell","design_dimensions":"7.8 x 2.2 x 4.3","design_weight":"91","design_antenna":"External","design_keyboard":"Numeric","design_softkeys":"2","design_sidekeys":[],"display_type":"TFT","display_color":"Yes","display_colors":"65K","display_size":"","display_x":"90","display_y":"40","display_ppi":0,"display_pixel_ratio":"1.0","display_other":[],"memory_internal":[],"memory_slot":[],"network":["GSM900","GSM1800","GSM1900"],"media_camera":["Yes"],"media_secondcamera":["None"],"media_videocapture":[],"media_videoplayback":[],"media_audio":[],"media_other":[],"features":["Directional Pad","Call Divert","Call Wait","Caller Id","EMS","SMS","T9","Calculator","Clock","Organiser","Alarm","Call Received","Call Dialled","Missed Call","Games","Screen Savers","Wallpapers","500 Phonebook Capacity","Include Accessories","Travel Charger","User Manual","Vibration"],"connectors":["USB"],"benchmark_min":0,"benchmark_max":0,"general_app":"","general_app_version":"","general_language":"","general_app_category":"","general_virtual":0,"display_css_screen_sizes":["90x40"]}}}