{"Device":{"_id":"1305","hd_ops":{"is_generic":0,"stop_on_detect":0,"overlay_result_specs":0},"hd_specs":{"general_vendor":"Fly","general_model":"M140","general_platform":"","general_image":"fly^m140.jpg","general_aliases":[],"general_eusar":"","general_battery":["Li-Ion 650 mAh"],"general_type":"Mobile","general_cpu":["None"],"design_formfactor":"Clamshell","design_dimensions":"89 x 45 x 15","design_weight":"75","design_antenna":"Internal","design_keyboard":"Numeric","design_softkeys":"","design_sidekeys":[],"display_type":"CSTN","display_color":"Yes","display_colors":"64K","display_size":"1.4\"","display_x":"128","display_y":"128","display_other":[],"memory_internal":["1MB"],"memory_slot":["microSD"],"network":["GSM900","GSM1800","GSM1900","GPRS"],"media_camera":[],"media_secondcamera":[],"media_videocapture":[],"media_videoplayback":[],"media_audio":["AMR","WAV"],"media_other":[],"features":["SMS","EMS","MMS","Organizer","Clock","Calculator","Calendar","Alarms","Predictive Text Input","Instant Messaging","Games","Java"],"connectors":[],"general_platform_version":"","general_browser":"","general_browser_version":"","general_language":"","general_platform_version_max":"","general_app":"","general_app_version":"","display_ppi":129,"display_pixel_ratio":"1.0","benchmark_min":0,"benchmark_max":0,"general_app_category":"","general_virtual":0,"display_css_screen_sizes":["128x128"]}}}